"RelativePath","SHA256","Bytes"
"InteractivAgents\InteractiveAgents2\.gitattributes","F145B268D9C015F43463E3104C2451534EF740712C41D45BB044619BAA0CFFB4","867"
"InteractivAgents\InteractiveAgents2\.gitignore","558D6B894B0A42B071DB9CC514AC66BA53D24D32F1AA1276CA606B10D35D9AAD","671"
"InteractivAgents\InteractiveAgents2\Assembly-CSharp.csproj","76F9F80DA8D1F59C47F0C8AA7064B3FEDAC2056D7A9DD6058F3A0F3BFEF2AA63","90331"
"InteractivAgents\InteractiveAgents2\Assembly-CSharp-Editor.csproj","F82CA5C06767168F004AA9364F4BDBB8008E55A4CFFDDC103018C578AC783C34","96061"
"InteractivAgents\InteractiveAgents2\Assets\_Recovery.meta","D99804882523B729421ABAC1F37AEFC375171713321665E111CF7136B8A6109F","172"
"InteractivAgents\InteractiveAgents2\Assets\_Recovery\0.unity","F262089C3C29654FAE0E2BC8E9D67E4D654887A2416910AF5E40FB0E622D129F","13624"
"InteractivAgents\InteractiveAgents2\Assets\_Recovery\0.unity.meta","45558B765F7D3C76427A9A7C2A89B94366CA16BB2ECB583202AAEEE58EACB102","155"
"InteractivAgents\InteractiveAgents2\Assets\GeneratedModels 1.meta","B1E9BC0F4D85EB3B3F79E768A1138694D719D3004460DF12C6C176FE8B79E6A0","172"
"InteractivAgents\InteractiveAgents2\Assets\GeneratedModels 1\armchair_lounge_armchair_fa4dd2d84ef34028aa34a8dc6310ad44.glb","9044A02813BE57FBB46840A0239DCD71C14634473761239E68BF1A96B88816C0","1663692"
"InteractivAgents\InteractiveAgents2\Assets\GeneratedModels 1\armchair_lounge_armchair_fa4dd2d84ef34028aa34a8dc6310ad44.glb.meta","8AFE34759BA85455AFA1E5BD9360688329A1722D30B5F44A5C5C8DDFC4DD09F2","720"
"InteractivAgents\InteractiveAgents2\Assets\GeneratedModels 1\armchair2_armchair_9864d32914394ae6900e0b6ccc7d39a9.glb","8410DBFBB90599EE4FCFD589CD0B0EFC54DFC463089B30B1ED69F89E84FC1F2E","1661944"
"InteractivAgents\InteractiveAgents2\Assets\GeneratedModels 1\armchair2_armchair_9864d32914394ae6900e0b6ccc7d39a9.glb.meta","0E9AD8C0DE8A17024D21AE575D38CDB0735B11FB6FC7B99CA545BAA47244323E","720"
"InteractivAgents\InteractiveAgents2\Assets\GeneratedModels 1\avatar_employee_avatar_79d6c60dad474570b791cd1927bc9a30.glb","637DCDCA55432CE146C3C4BE1D31836AD5102568209B69A5818EC70F402D1E55","1282416"
"InteractivAgents\InteractiveAgents2\Assets\GeneratedModels 1\avatar_employee_avatar_79d6c60dad474570b791cd1927bc9a30.glb.meta","87751857206B0DDD69AB8DBC17C4AF2D692961E4598E098AF6E8BD60704EA472","720"
"InteractivAgents\InteractiveAgents2\Assets\GeneratedModels 1\back_wall_wall_a3d0bc3cb4a44bd8a9abc2d745c6387f.glb","9F296A93958FA42A2B7344D0F52BAC2DE52758251DE44CCAC183EED02A242CF9","1457812"
"InteractivAgents\InteractiveAgents2\Assets\GeneratedModels 1\back_wall_wall_a3d0bc3cb4a44bd8a9abc2d745c6387f.glb.meta","29EAC4990F884F7180012FF9707D8780524F4CDB0A14E271D97B4E1CF4EFB2AA","720"
"InteractivAgents\InteractiveAgents2\Assets\GeneratedModels 1\balance_beam_balance_beam_a6bc1d1924794fe28073f77097b8c2e3.glb","8CFAC3896075698250A700FCD3F35A4023555F72716893BAA2E236E1DE6DE4D5","709972"
"InteractivAgents\InteractiveAgents2\Assets\GeneratedModels 1\balance_beam_balance_beam_a6bc1d1924794fe28073f77097b8c2e3.glb.meta","ECD7E09FE9365496C3D5A392F395B5FB65C1A597CBB2B6F6EB0D92BB23159826","720"
"InteractivAgents\InteractiveAgents2\Assets\GeneratedModels 1\balloon1_balloon_a729d86b33594c90b684b156fba0d2b2.glb","0E19569A56155017C83B455AC64DA4E959036404DA64562A048DB85C1C659F51","1285816"
"InteractivAgents\InteractiveAgents2\Assets\GeneratedModels 1\balloon1_balloon_a729d86b33594c90b684b156fba0d2b2.glb.meta","1A32585105E414634F4C35432345EBDAA46939E574C9A3AA9CD7C38388C92289","720"
"InteractivAgents\InteractiveAgents2\Assets\GeneratedModels 1\balloon2_balloon_08b264f9cf5f435d99cc91a04d584228.glb","C03AB1F62538A3C292081DA15AA6C869F0E1D74EF7A291676FBD232C7F9BFD24","1362032"
"InteractivAgents\InteractiveAgents2\Assets\GeneratedModels 1\balloon2_balloon_08b264f9cf5f435d99cc91a04d584228.glb.meta","8647AB88141C19CFE19106558C407938B271749F5AB58279765A7DB8FC169CD5","720"
"InteractivAgents\InteractiveAgents2\Assets\GeneratedModels 1\balloon3_balloon_8bf1c1f340d640f3b4778a6a375ed482.glb","F030B8F04B3C9C31C1A181AF981DE2BC61848273DE5B958742327E31B63BE318","1333092"
"InteractivAgents\InteractiveAgents2\Assets\GeneratedModels 1\balloon3_balloon_8bf1c1f340d640f3b4778a6a375ed482.glb.meta","C7F8389787337D190261B57593DBBF38BE842198118E463C22F9297A72FF9208","720"
"InteractivAgents\InteractiveAgents2\Assets\GeneratedModels 1\balloon4_balloon_eb8b526b5f0d45b9bcce6f6c3638603f.glb","F9209A66D075D9F7D0938827D54E0331A7F60C1D3BAB316101E467EEC7D29A55","1435724"
"InteractivAgents\InteractiveAgents2\Assets\GeneratedModels 1\balloon4_balloon_eb8b526b5f0d45b9bcce6f6c3638603f.glb.meta","979A72EA62770E539B1F25982835DC205B84D6EDC65CDB69E8CA3E70E8BBF50B","720"
"InteractivAgents\InteractiveAgents2\Assets\GeneratedModels 1\balloon5_balloon_24f7e16bf63542078df8566381a32985.glb","3D684F4CCBAFE9D25E0D83242655676EFD2BF292CA5C942040C885BE4E53216B","1446176"
"InteractivAgents\InteractiveAgents2\Assets\GeneratedModels 1\balloon5_balloon_24f7e16bf63542078df8566381a32985.glb.meta","784086E751C0A406FDDC5B9D43A13E19BB178B745946DB0E63C20D282DAEF0D4","720"
"InteractivAgents\InteractiveAgents2\Assets\GeneratedModels 1\balloon6_balloon_8f85dfa09c1344b19b70f4ffb088dcf6.glb","36678AE3891F1B00112D7B02ED7064F7D3A108C24D03B6F0517CB9D35E4F564A","1369456"
"InteractivAgents\InteractiveAgents2\Assets\GeneratedModels 1\balloon6_balloon_8f85dfa09c1344b19b70f4ffb088dcf6.glb.meta","E56B45B9CA3ABAFAE20060FCE25A97F8572F5CD08805C53946715D108A71AB29","720"
"InteractivAgents\InteractiveAgents2\Assets\GeneratedModels 1\banner1_banner_0be2e324147c4865a8460b7be4558927.glb","C6BA4A3127F3C620586586CF864DE400351D47BC512236F7EB0D739B31B4C825","1591156"
"InteractivAgents\InteractiveAgents2\Assets\GeneratedModels 1\banner1_banner_0be2e324147c4865a8460b7be4558927.glb.meta","9AEA1D22B4EAB93B5AD99D517F3C02A6AF7A266D71B44CE1705163D40111570C","720"
"InteractivAgents\InteractiveAgents2\Assets\GeneratedModels 1\banner2_banner_fbad629e5d9141519025a6e40b445d87.glb","120989ADB52F1C33E4915C20E5A4B79DA177206B44B30A6915BFF53808A01850","647416"
"InteractivAgents\InteractiveAgents2\Assets\GeneratedModels 1\banner2_banner_fbad629e5d9141519025a6e40b445d87.glb.meta","71DD43279D2425E5FF078E6B16D9C439ED35409165C2F11D34D721CE9FE5E652","720"
"InteractivAgents\InteractiveAgents2\Assets\GeneratedModels 1\banner3_banner_23c12615d42d4c58b04a51c1bbe8bc33.glb","FF4574E9B9A852F941F00A317FF2328D91724598F7D32C3E4B6BA3BA876C265C","1300008"
"InteractivAgents\InteractiveAgents2\Assets\GeneratedModels 1\banner3_banner_23c12615d42d4c58b04a51c1bbe8bc33.glb.meta","AD529CC288007104E10B08699A95E3BF14E395813DAA2A33EA166A8A7302DD9A","720"
"InteractivAgents\InteractiveAgents2\Assets\GeneratedModels 1\bar_stool_refreshment3_bar_stool_d4fa36dadfc941428cb21ec93349ce90.glb","4789E5C27DB6315CECFC20D40BAA639DDC37EF1E6B84A95278B12FB3D5EC21F9","1446404"
"InteractivAgents\InteractiveAgents2\Assets\GeneratedModels 1\bar_stool_refreshment3_bar_stool_d4fa36dadfc941428cb21ec93349ce90.glb.meta","64EBBDCBE32AF913FB742A10C54B5890EFE8447E95C281CF4411A3A62287114C","720"
"InteractivAgents\InteractiveAgents2\Assets\GeneratedModels 1\bar_stool3_bar_stool_6a3394a8ac3e4818bbb7419b7ecf8623.glb","3EEC58F3BCCAB75FBC64122D01AF9F32E90A76ECD6B0571548AE4A1B889497C7","1297820"
"InteractivAgents\InteractiveAgents2\Assets\GeneratedModels 1\bar_stool3_bar_stool_6a3394a8ac3e4818bbb7419b7ecf8623.glb.meta","FCA39FC432F9EEC5E0ABAC69413506C489DC245E3A6D24F4040391FFBBA6E7AF","720"
"InteractivAgents\InteractiveAgents2\Assets\GeneratedModels 1\beanbag1_beanbag_a848decd800d4df48833eac375193597.glb","CFAED5480910C6652E8053632B10966F9C80C41EB63DD794CB443B14B25F97D0","1584968"
"InteractivAgents\InteractiveAgents2\Assets\GeneratedModels 1\beanbag1_beanbag_a848decd800d4df48833eac375193597.glb.meta","B29D48A8257047E4B5570A072DAEB7244F6D686E35861AAB7AA43BC51E73AE3B","720"
"InteractivAgents\InteractiveAgents2\Assets\GeneratedModels 1\beanbag1_beanbag_f76536155bb4481fb212524d725a5eb5.glb","F31D546C23564ECD82DDFD60FC37315CDCA7E38B346A3C94253D9D8069F3B206","1541024"
"InteractivAgents\InteractiveAgents2\Assets\GeneratedModels 1\beanbag1_beanbag_f76536155bb4481fb212524d725a5eb5.glb.meta","F6894F0BFF5F1C6DEF1820C8094DF637484444C1D70A55CFFB4517AF23365B2A","720"
"InteractivAgents\InteractiveAgents2\Assets\GeneratedModels 1\beanbag2_beanbag_69cf1f6bc55e450899fbc0bc6671ce98.glb","2A6C5C6A471642E19DD818D54ADD5C83EC236C5522F4C9C31CC77DEF45F1D46D","1532088"
"InteractivAgents\InteractiveAgents2\Assets\GeneratedModels 1\beanbag2_beanbag_69cf1f6bc55e450899fbc0bc6671ce98.glb.meta","23425C31D936D95E0D2E1EDDBA05853D7001107D53F812126ADBB27AF3DB62C8","720"
"InteractivAgents\InteractiveAgents2\Assets\GeneratedModels 1\beanbag2_beanbag_8ced7b79c8e848b9a335b5e9a18ea813.glb","D4E4F4F66F3C29C980D49B008C497B21966C82CDEA287816A9675EF4070CB069","1437044"
"InteractivAgents\InteractiveAgents2\Assets\GeneratedModels 1\beanbag2_beanbag_8ced7b79c8e848b9a335b5e9a18ea813.glb.meta","FFA6D33A85D51FD707E1DFA9A09466D01A0D88BF09BBC44966BBA19B10007057","720"
"InteractivAgents\InteractiveAgents2\Assets\GeneratedModels 1\beanbag3_beanbag_15babab432e947a4b94e1b99a738840d.glb","B9D9C4B9FCB52BD980F8110C92B54D6ADA724819DA55C2546EA61AB35E08921F","1628016"
"InteractivAgents\InteractiveAgents2\Assets\GeneratedModels 1\beanbag3_beanbag_15babab432e947a4b94e1b99a738840d.glb.meta","676D41D27B6A2CAC04DD2F53FD2B7F6EE07969C37C0ACB2292F24E86088C3B76","720"
"InteractivAgents\InteractiveAgents2\Assets\GeneratedModels 1\beanbag3_beanbag_c0712f1c622c49308de1c443b453dd4b.glb","633FD2658BE6627E57610C67DA62C54177485681A9E9ECA4CFB5A5DF556748DF","1582804"
"InteractivAgents\InteractiveAgents2\Assets\GeneratedModels 1\beanbag3_beanbag_c0712f1c622c49308de1c443b453dd4b.glb.meta","88715F7A65D862622130A92675B7CC2EA0DDB7D19D6C10245D44289938BFD69B","720"
"InteractivAgents\InteractiveAgents2\Assets\GeneratedModels 1\beanbag4_beanbag_f0850d4036e4447990707010ee1248de.glb","B036B1FC0F4C5DA96F1AD17FE26D133F096BD6C39B517C34FFF14E9F378A31FF","1599792"
"InteractivAgents\InteractiveAgents2\Assets\GeneratedModels 1\beanbag4_beanbag_f0850d4036e4447990707010ee1248de.glb.meta","B51D1315BE30A3729159488D0DA5F4A249CD6A5A06906EB71815BC5E16CCA2BF","720"
"InteractivAgents\InteractiveAgents2\Assets\GeneratedModels 1\bench5_bench_c8ee3f9f7bdd4e2aab6e5b29fc04a480.glb","19D98372D480554211D2F9C088F126A0C9348B697E47C91A430661E6740287EB","1464092"
"InteractivAgents\InteractiveAgents2\Assets\GeneratedModels 1\bench5_bench_c8ee3f9f7bdd4e2aab6e5b29fc04a480.glb.meta","55E10D6C7F88611F7234906CC1D015D4F3457A6A592EB71AD5F0F9A674F481FA","720"
"InteractivAgents\InteractiveAgents2\Assets\GeneratedModels 1\benefits_panel3_panel_1486b227b6d347c38ea28241a611b936.glb","CC917E16805CBE2C9A5A0FEE2D59CD176B94AB9180FDA8C62B21E4B8E36DD811","1273432"
"InteractivAgents\InteractiveAgents2\Assets\GeneratedModels 1\benefits_panel3_panel_1486b227b6d347c38ea28241a611b936.glb.meta","F86C46BE000B5D2B3B73F1EC5EA49DA67F9D218720BDF9AF7CE7B742037A7858","720"
"InteractivAgents\InteractiveAgents2\Assets\GeneratedModels 1\bicycle_bicycle_17f72be5c212431ca3f8a067d9020282.glb","D4D99245FB6A7B97DDAAED1F40203FF1466E9F6A2305B015D253802FF1D33E1F","1903304"
"InteractivAgents\InteractiveAgents2\Assets\GeneratedModels 1\bicycle_bicycle_17f72be5c212431ca3f8a067d9020282.glb.meta","DC0DCEA5BB77CB127501C25F7A868561F6B61CE8AD9A494AE648ACB15496C617","720"
"InteractivAgents\InteractiveAgents2\Assets\GeneratedModels 1\bicycle_path_bicycle_path_0711aa681eae4c59943d6369a8d8d01b.glb","51CF74A25AA39127707450B82323E1C9FB29B237F5587D836F3A1767BD8326F3","1204492"
"InteractivAgents\InteractiveAgents2\Assets\GeneratedModels 1\bicycle_path_bicycle_path_0711aa681eae4c59943d6369a8d8d01b.glb.meta","9A9E25CBA359AEAC27F658D431D9E9A093C9E37DFC768100F60BEEFD9C2B95C1","720"
"InteractivAgents\InteractiveAgents2\Assets\GeneratedModels 1\book_stack_books_1bebc31c5211471680000e44e5cae2cc.glb","340726A7C4ADC0B7F21829BD6012C47D62A653937ED436F504D04F1F2C9242C2","2042044"
"InteractivAgents\InteractiveAgents2\Assets\GeneratedModels 1\book_stack_books_1bebc31c5211471680000e44e5cae2cc.glb.meta","C46379828BEE7D41EC0812371520A1D1CFDCBA65C50CD3A209434E5390C5EC43","720"
"InteractivAgents\InteractiveAgents2\Assets\GeneratedModels 1\bookcase_bookcase_53292c4924ca404395591e6d71f91bd7.glb","35C0751BD8B512B5559172ED79E0475A6625E13EFA45C4A0E2569174E8F64751","1492996"
"InteractivAgents\InteractiveAgents2\Assets\GeneratedModels 1\bookcase_bookcase_53292c4924ca404395591e6d71f91bd7.glb.meta","AEF51BEB07C04C46C9A94116D3226EA157386350A25968CD626882C147F47B6A","720"
"InteractivAgents\InteractiveAgents2\Assets\GeneratedModels 1\bookcase_bookcase_602e7d0976d645649e1608c1762deb95.glb","88755294951A737E320F02F34AD3C33BE172EC83AAE7DC0A077376FBF365D3DA","1559352"
"InteractivAgents\InteractiveAgents2\Assets\GeneratedModels 1\bookcase_bookcase_602e7d0976d645649e1608c1762deb95.glb.meta","78CDBC43C4D36910E2FAEDB927B8BE4ED9C838E9AED1CB451AC337AA3B326139","720"
"InteractivAgents\InteractiveAgents2\Assets\GeneratedModels 1\bookcase_bookcase_ca0325049bab4629999c69aed77b5fed.glb","538CA37ECA85FB5377B01357FDE0C0CD063C1FDABF96EA63D92F44C902C6B33B","1362516"
"InteractivAgents\InteractiveAgents2\Assets\GeneratedModels 1\bookcase_bookcase_ca0325049bab4629999c69aed77b5fed.glb.meta","CB1A1B58865C8FA1AD379017F64038590109C09420664F784D2DF04EB0719CCF","720"
"InteractivAgents\InteractiveAgents2\Assets\GeneratedModels 1\bookshelf_bookshelf_e32c5693b26e4d3e920104d5662f89b4.glb","7EABF65B91CCCEA9B357473A92AF010C64AA98464883ABB35A3254CDA27FC4CD","1826196"
"InteractivAgents\InteractiveAgents2\Assets\GeneratedModels 1\bookshelf_bookshelf_e32c5693b26e4d3e920104d5662f89b4.glb.meta","1971A66F95D6AD624FBE79894E7BD8AF88DE090584FF7D078FDDA2C50812B888","720"
"InteractivAgents\InteractiveAgents2\Assets\GeneratedModels 1\Bookshelf_bookshelf_f172c4bd1edf43bb9d25a4d95b66f124.glb","1AA15020C5D4F21FED1F4F5E14753B28E9BD402837E56646B578BBF2B1EEC338","1567640"
"InteractivAgents\InteractiveAgents2\Assets\GeneratedModels 1\Bookshelf_bookshelf_f172c4bd1edf43bb9d25a4d95b66f124.glb.meta","3805E0CBB62B80F73459856B4699263481414EC54F42C758EA75BE221881EB08","720"
"InteractivAgents\InteractiveAgents2\Assets\GeneratedModels 1\bookshelf3_bookshelf_6d577142892044e489099d733e533703.glb","57AB11BACFEBC97CD322529DC881B09E2CA252FDC36C267DCC374BBF6C4E2076","1550540"
"InteractivAgents\InteractiveAgents2\Assets\GeneratedModels 1\bookshelf3_bookshelf_6d577142892044e489099d733e533703.glb.meta","027FFDAF60F2C31FFDDE9E6DF25FD9D508CF7D63B858B9AAAE254B9ADF52F6D2","720"
"InteractivAgents\InteractiveAgents2\Assets\GeneratedModels 1\booth_floor_floor_d6841368de2448a5a7af73cf36cd3c7b.glb","0FC7A04C0B7478E11C0422DA0FB2E0BA065890A7622A69BB1DA3136A89AD0511","1028744"
"InteractivAgents\InteractiveAgents2\Assets\GeneratedModels 1\booth_floor_floor_d6841368de2448a5a7af73cf36cd3c7b.glb.meta","0F19137BDFBB27C8A84A8DF22624CD714AB752905E9FCA90B8C06E825787AE41","720"
"InteractivAgents\InteractiveAgents2\Assets\GeneratedModels 1\brand_panel2_brand_panel_5d500e6cd80e4a96bab458bcb2c4f143.glb","784DDADD1D1989F9A075825608EF2609560757A1F98A84C50D2D2F24A730CD4B","1269168"
"InteractivAgents\InteractiveAgents2\Assets\GeneratedModels 1\brand_panel2_brand_panel_5d500e6cd80e4a96bab458bcb2c4f143.glb.meta","C7262D2EEDC317DEDF3A0692B80E9B1D264D91B038721ED86B0876F162CA87BE","720"
"InteractivAgents\InteractiveAgents2\Assets\GeneratedModels 1\brand_panel2_brand_panel_c500a67d82d5409cadf457450b8a1af4.glb","F675F2F2DB3DA69C889365D33A7B4EFE75E4DAE2435A46A5CA5DDE7E83E883B1","1304788"
"InteractivAgents\InteractiveAgents2\Assets\GeneratedModels 1\brand_panel2_brand_panel_c500a67d82d5409cadf457450b8a1af4.glb.meta","E48EE574516AF10F87F9FF366F03EB1613188EA3AC4550894EC66FF250CFE08B","720"
"InteractivAgents\InteractiveAgents2\Assets\GeneratedModels 1\brand_panel4_brand_panel_dce062f3bd5d4e2e8f8c1d1aca1b5f16.glb","F1F2568D91A1FCEF3A192461331A97B5C498CA7B9D1BAF7524778D3A6B35332D","1302808"
"InteractivAgents\InteractiveAgents2\Assets\GeneratedModels 1\brand_panel4_brand_panel_dce062f3bd5d4e2e8f8c1d1aca1b5f16.glb.meta","FB21AAD1C2FEFF23D7D055104137274BD3AA727F4CCC389254BC7E843B7C8AC9","720"
"InteractivAgents\InteractiveAgents2\Assets\GeneratedModels 1\brand_panel4_brand_panel_ef3cd78f1c1c40d0a598d9c11f8d4fb0.glb","9645CB96D8BFC7E1FA36C5BFCEE3F57830712E38EC361616966DD1EA38D3813E","1305424"
"InteractivAgents\InteractiveAgents2\Assets\GeneratedModels 1\brand_panel4_brand_panel_ef3cd78f1c1c40d0a598d9c11f8d4fb0.glb.meta","9DFAB113328AB548530DCFA01A8DE358DDBF590D2053A7E1E2D41ABFF27BA529","720"
"InteractivAgents\InteractiveAgents2\Assets\GeneratedModels 1\brand_sign1_sign_707d0c931c2e43ae9fed78adcb248617.glb","3528669397BB86E2248FC0744B55B03B34E9E8F94A0BC1B53FFC8CB553C57574","1507508"
"InteractivAgents\InteractiveAgents2\Assets\GeneratedModels 1\brand_sign1_sign_707d0c931c2e43ae9fed78adcb248617.glb.meta","E597B779FD8C40EFC8D07FC38EE3DD026AC45CFF23EC9F9E2A2C0B0D25505D97","720"
"InteractivAgents\InteractiveAgents2\Assets\GeneratedModels 1\brand_sign2_sign_66eb1777b287435099fd1d19c8ed17e1.glb","CC803B476A4F0FF0B3B56ACE6218FB6ADEDE319A9BA05E68D79A0BC39E865F3E","1165700"
"InteractivAgents\InteractiveAgents2\Assets\GeneratedModels 1\brand_sign2_sign_66eb1777b287435099fd1d19c8ed17e1.glb.meta","472C33F7BA3289420D7BCCBBE3A95716788BF712559858188CEA425ED30D6E84","720"
"InteractivAgents\InteractiveAgents2\Assets\GeneratedModels 1\brochure_stand_left_stand_615ad1c05b8c45389581ade7032ec737.glb","E52622AD39410E2EBC083DB00C9FE324900C051DA9BD64994F02A71BAB483EA3","1477860"
"InteractivAgents\InteractiveAgents2\Assets\GeneratedModels 1\brochure_stand_left_stand_615ad1c05b8c45389581ade7032ec737.glb.meta","4EC5D8A136D8804FF47CA72A386EE6236846B7EF6DAC75A78A9295D882168E61","720"
"InteractivAgents\InteractiveAgents2\Assets\GeneratedModels 1\brochure_stand_right_stand_386f09717f0b4e6582fce979e59c23e9.glb","207BB62AEFDFD6A0B32AB51C3C197380D6F931CCA7EB9E2B2649943923DF5B5E","1293028"
"InteractivAgents\InteractiveAgents2\Assets\GeneratedModels 1\brochure_stand_right_stand_386f09717f0b4e6582fce979e59c23e9.glb.meta","D9834112B6BD2ADB2EC78EC5BE51AD02EF71F734AFEA596D7846651EA1207533","720"
"InteractivAgents\InteractiveAgents2\Assets\GeneratedModels 1\career_counter_counter_4034d85869e64480989f97b32c4bbf28.glb","143F642D6BC6CDBD8653878388D4ED6699673EC396F3C69C66947DBC1DA2E764","1356664"
"InteractivAgents\InteractiveAgents2\Assets\GeneratedModels 1\career_counter_counter_4034d85869e64480989f97b32c4bbf28.glb.meta","95A4EE411ADCAF3B3A650997253991AD407C273B6E345AE9768A46D1461390DF","720"
"InteractivAgents\InteractiveAgents2\Assets\GeneratedModels 1\ceiling_ceiling_5c55d9759b4748f19711a2d5e269807d.glb","6749E9D3BE065A5588A6FF5E87EAFC6F80AE4B310F3F009646B7CCFC82277759","1691452"
"InteractivAgents\InteractiveAgents2\Assets\GeneratedModels 1\ceiling_ceiling_5c55d9759b4748f19711a2d5e269807d.glb.meta","7B03D8AE7AC45524F6E33BD60B77B66EA8FD3B430D80429071508E6B479DE76F","720"
"InteractivAgents\InteractiveAgents2\Assets\GeneratedModels 1\ceiling_light4_ceiling_light_44f5c8ead1b94e37887cd45d7048fcd6.glb","A861B493D316D4EB36F24C83F88FA2B8CE950EE28DF54DF91A0C7D35FF1E9A1F","1482824"
"InteractivAgents\InteractiveAgents2\Assets\GeneratedModels 1\ceiling_light4_ceiling_light_44f5c8ead1b94e37887cd45d7048fcd6.glb.meta","53C0F5C932C39577649AE83CA8CB943577D8461AF2F01A528E995576EBA5CAF8","720"
"InteractivAgents\InteractiveAgents2\Assets\GeneratedModels 1\ceiling_light6_ceiling_light_5a0b6b6425f04c839e502c8e41ee556f.glb","726693F6D218EE7CC7CF8BF5DF55A41AEC25B7E75A58A00B6436B4679246E5D4","1340964"
"InteractivAgents\InteractiveAgents2\Assets\GeneratedModels 1\ceiling_light6_ceiling_light_5a0b6b6425f04c839e502c8e41ee556f.glb.meta","D19F17C8328571DA79EF92AA85F52F1E7DEC6AEEDA8DD08430737887B8C80652","720"
"InteractivAgents\InteractiveAgents2\Assets\GeneratedModels 1\ceiling_light6_ceiling_light_c4ee4dafe48d4600b0dd868f2252f769.glb","CC06C383DE3A24D534F7BB861D1C757ED5C4EFB51BA99EE26DDAD1E2D5C8F8A0","1511520"
"InteractivAgents\InteractiveAgents2\Assets\GeneratedModels 1\ceiling_light6_ceiling_light_c4ee4dafe48d4600b0dd868f2252f769.glb.meta","5E73017D7672D5B6A72ADF7395DA14F461BDB7FA2C8E43EC30A579D70374E32D","720"
"InteractivAgents\InteractiveAgents2\Assets\GeneratedModels 1\CeilingLight6_ceiling_light_4e3ea3320717428d9a5dd5d5ee25b86f.glb","1A65B4C7ACB716D6307FCA5502B1BADF5512BA53F6DE6246AEFF09A13B47A819","1293696"
"InteractivAgents\InteractiveAgents2\Assets\GeneratedModels 1\CeilingLight6_ceiling_light_4e3ea3320717428d9a5dd5d5ee25b86f.glb.meta","C718F6A4CF21320897FA353F0D839F6E6D747917DEB7D66F19EB1C6E83502FCF","720"
"InteractivAgents\InteractiveAgents2\Assets\GeneratedModels 1\central_product_island_base_display_pedestal_0fe4f5c6835f4d51a6f5e9db71f17bce.glb","D81B06A05FDBFE0BBB41B3D880E88EF3DCCBB415244CB16FF6EB3064DCC95A72","1293052"
"InteractivAgents\InteractiveAgents2\Assets\GeneratedModels 1\central_product_island_base_display_pedestal_0fe4f5c6835f4d51a6f5e9db71f17bce.glb.meta","C32831B67F17FFB5F71A0A3F673CB1F8A90DA747CF8C7B8A8CA6D9084940DD83","720"
"InteractivAgents\InteractiveAgents2\Assets\GeneratedModels 1\central_yogurt_cup_yogurt_cup_4c58eb5fcb4d45f9b5346e9675729bfb.glb","C7DA27BF142C5942767D3BB2FD2FA75C26D14A18E6B6BF5240AB24B6E1F90E79","2552536"
"InteractivAgents\InteractiveAgents2\Assets\GeneratedModels 1\central_yogurt_cup_yogurt_cup_4c58eb5fcb4d45f9b5346e9675729bfb.glb.meta","81B2A4DE12AD0519D8696EB2ECC8E74EEEB1BE55CF864876FD8C1AA0B0EC000C","720"
"InteractivAgents\InteractiveAgents2\Assets\GeneratedModels 1\central_yogurt_cup_yogurt_cup_a096a40ecb474729a9d968ed354e9c51.glb","AD8FBB86EDAB57949C1EC4379C0A648D8FBD24CEFE437DDA52EDA012DD1C912A","1761476"
"InteractivAgents\InteractiveAgents2\Assets\GeneratedModels 1\central_yogurt_cup_yogurt_cup_a096a40ecb474729a9d968ed354e9c51.glb.meta","A97036CBF957ADDFB5639EDA20F27C7F998301CC64DC869E5558ADD00D081D97","720"
"InteractivAgents\InteractiveAgents2\Assets\GeneratedModels 1\chair_recruiting_chair_e5549f79e0f348558dd614210b20fe40.glb","9760B156F2ADE79B7E04339DB9BAE00277FAAE39B179AFB2FED119DCA5CD66C8","1389888"
"InteractivAgents\InteractiveAgents2\Assets\GeneratedModels 1\chair_recruiting_chair_e5549f79e0f348558dd614210b20fe40.glb.meta","51815107BD217893ACAF9EFB566ED4AFB1C2A0C82A3B2BB2C4AFE04217CA02AD","720"
"InteractivAgents\InteractiveAgents2\Assets\GeneratedModels 1\chair12_chair_e5991cf6ffa7421590852c64095e76d4.glb","5DD1507387A2A72CAFEFBC286170E2EECB0175946863135F2C739F70AFCC442D","1463960"
"InteractivAgents\InteractiveAgents2\Assets\GeneratedModels 1\chair12_chair_e5991cf6ffa7421590852c64095e76d4.glb.meta","31F29325BB61B6EE7442BFD7BD7FFE63877CE245451BA78C0D82EE31D54DF6FB","720"
"InteractivAgents\InteractiveAgents2\Assets\GeneratedModels 1\chair15_chair_916c61df74284913ad0914c352ce1004.glb","50D5001FB0A55EDFC0AE34507B7AA75694A421C797EBB68F6CB1C87AAF41C0E6","1520868"
"InteractivAgents\InteractiveAgents2\Assets\GeneratedModels 1\chair15_chair_916c61df74284913ad0914c352ce1004.glb.meta","025AB0577402289AFC67CB873BB1D06C4241F19B2D4BC712A104975BF6D622FB","720"
"InteractivAgents\InteractiveAgents2\Assets\GeneratedModels 1\chair2_chair_33830483d19c49fcac375f89714f990d.glb","106F47951470EF6B30808359415763C68A931BB96AC38B2CC0A1672CE40ED095","1715128"
"InteractivAgents\InteractiveAgents2\Assets\GeneratedModels 1\chair2_chair_33830483d19c49fcac375f89714f990d.glb.meta","A3CFAB1CDB1C6A44BFFE16BF67C62EB6B73A9A7DC934B842BEF7B82C1B163FFB","720"
"InteractivAgents\InteractiveAgents2\Assets\GeneratedModels 1\chair2_chair_34b8019da06c4201bd9a33856cc09b7f.glb","F1D226848E628161CBE86344D8ABB7788358B22287422A9B4F738E25B20CF5DE","1829168"
"InteractivAgents\InteractiveAgents2\Assets\GeneratedModels 1\chair2_chair_34b8019da06c4201bd9a33856cc09b7f.glb.meta","1F3867D3545851BD8DD3C2EBD1A483008848CA48248B3F029B65919F5BF820BA","720"
"InteractivAgents\InteractiveAgents2\Assets\GeneratedModels 1\chalkboard_chalkboard_152cd922b6564fabbd8f088387cf5391.glb","5BD6899140C3A770F8082ADA0F483EB975C5182465C3BB42109AC3C75921FD6F","1259036"
"InteractivAgents\InteractiveAgents2\Assets\GeneratedModels 1\chalkboard_chalkboard_152cd922b6564fabbd8f088387cf5391.glb.meta","348D78D3189D535531A6D25C8843343627C60E992513F9AFED364E73059A4893","720"
"InteractivAgents\InteractiveAgents2\Assets\GeneratedModels 1\chalkboard_chalkboard_97791f335f784407af270ebb350021ac.glb","4A92797F6629CE095EC62C451F5E66D5E9962C034C181C6642A0E1556E2F96FD","1285812"
"InteractivAgents\InteractiveAgents2\Assets\GeneratedModels 1\chalkboard_chalkboard_97791f335f784407af270ebb350021ac.glb.meta","E0A04E72773433341E3A3430156BC2B1EBE045960CB7172135D9CB5AC7EBDF28","720"
"InteractivAgents\InteractiveAgents2\Assets\GeneratedModels 1\chalkboard_chalkboard_c18cacdfbd9846129c6cc02d9ac96cf8.glb","205D8D53F6D1DECC0DA9E5A0F92139E398B2BCA5381A57566508E255FD72D238","1236492"
"InteractivAgents\InteractiveAgents2\Assets\GeneratedModels 1\chalkboard_chalkboard_c18cacdfbd9846129c6cc02d9ac96cf8.glb.meta","E0458BDCA03F156CEA5F53998E009EEE22CE9129BF1258FF1F01A71696D7D55E","720"
"InteractivAgents\InteractiveAgents2\Assets\GeneratedModels 1\child_character_child_character_6335af991dcd47f7939fdca180ff0a5d.glb","EDBA60EE49477E2F18B36ACF4CA2FB1888373CEDE9AC68AE43261CD98AC724BD","1615044"
"InteractivAgents\InteractiveAgents2\Assets\GeneratedModels 1\child_character_child_character_6335af991dcd47f7939fdca180ff0a5d.glb.meta","5E9373C708E951913C263DB99710EC04426E526214933DAF9C81A467946ACA7A","720"
"InteractivAgents\InteractiveAgents2\Assets\GeneratedModels 1\circulation_path_path_f7b52fed9ad14daa81f5e2c8bf5f3c4a.glb","36F5138F5FF8D0F12FF36F2189198A0E8F46F4B84BAD598B5EA340EA516A5898","1209372"
"InteractivAgents\InteractiveAgents2\Assets\GeneratedModels 1\circulation_path_path_f7b52fed9ad14daa81f5e2c8bf5f3c4a.glb.meta","29D255ED4E77740F36B9834C229F6BC5EE4200536DCFCFC2C6436811FAB484A8","720"
"InteractivAgents\InteractiveAgents2\Assets\GeneratedModels 1\climbing_structure_climbing_structure_2b9e5bb63d99408cbed073b290af3991.glb","7912157055B8A0E7E526FC71E407C8001F1205005C6A011529ADE7F9753FCE6E","2465200"
"InteractivAgents\InteractiveAgents2\Assets\GeneratedModels 1\climbing_structure_climbing_structure_2b9e5bb63d99408cbed073b290af3991.glb.meta","2E522CEDAA76BA61FEAC4260CACF1659E711196C45459B14D651525EDC23792E","720"
"InteractivAgents\InteractiveAgents2\Assets\GeneratedModels 1\coffee_machine_appliance_a7313d5165314d798ae307d127daa0a9.glb","357EB66CFB5CA161DC589B0D05A40EDAB8AD4976EA80ABE2046D474F1C1046CA","1919200"
"InteractivAgents\InteractiveAgents2\Assets\GeneratedModels 1\coffee_machine_appliance_a7313d5165314d798ae307d127daa0a9.glb.meta","BD6B8B5EB15259E5BFB23C55C0DB88B7068EB3DAA1334B9C902A71965EB48F98","720"
"InteractivAgents\InteractiveAgents2\Assets\GeneratedModels 1\coffee_machine_appliance_d5707fafb49a49f79a216b47aa0e5afb.glb","4F664B8802C1A437DC88B4670CCABE1E7A93D9D4035ADE127DCA8CF0056EB91C","2348540"
"InteractivAgents\InteractiveAgents2\Assets\GeneratedModels 1\coffee_machine_appliance_d5707fafb49a49f79a216b47aa0e5afb.glb.meta","867C47290972E02DBE0621A77A289D15321BE66162D865CA101A895C82D9B6B5","720"
"InteractivAgents\InteractiveAgents2\Assets\GeneratedModels 1\coffee_table_lounge_coffee_table_7480b35c024f4154bfe2ca8d34957cb7.glb","E0BEEB66E5D8A2BE6068107164336AD61DAD32D2213DD6BE3B3CDFA657051439","1231964"
"InteractivAgents\InteractiveAgents2\Assets\GeneratedModels 1\coffee_table_lounge_coffee_table_7480b35c024f4154bfe2ca8d34957cb7.glb.meta","126033FBB0CC0D311CB8703532565F32493F24DE394A0512D71B9BF05A7F6D5F","720"
"InteractivAgents\InteractiveAgents2\Assets\GeneratedModels 1\coffee_table1_coffee_table_3a196d88f09b4ca7be9b837dc031f559.glb","5E68D29E54A7CA388F34F1748E5EB8F971910318F12BDDA254C481595220759A","1252560"
"InteractivAgents\InteractiveAgents2\Assets\GeneratedModels 1\coffee_table1_coffee_table_3a196d88f09b4ca7be9b837dc031f559.glb.meta","8C7CDBA162D613A2D5415E22D8CD51C244C0BEA6DD65EE2AD294E4DA161EEFEF","720"
"InteractivAgents\InteractiveAgents2\Assets\GeneratedModels 1\conference_table_table_09d4fc4e503e4322bb3458f3bafccb5f.glb","ACBF4BA63563A4E78BFB0EC33F08287A1BA48FE5ED0A3BBAB0CC39DA2148910D","1346948"
"InteractivAgents\InteractiveAgents2\Assets\GeneratedModels 1\conference_table_table_09d4fc4e503e4322bb3458f3bafccb5f.glb.meta","74E2CB66E58E27E1D08BE99E8C70FEE3C6E30BD19A609CC88A07B0E8AFBBF4BF","720"
"InteractivAgents\InteractiveAgents2\Assets\GeneratedModels 1\consulting_pod3_consulting_pod_4049e96077a546c09fc60535bcf82378.glb","C0D96C70E2F73F34D117502CAABB8C03066F82332B05A3019524ABE2CF5D98CF","2514608"
"InteractivAgents\InteractiveAgents2\Assets\GeneratedModels 1\consulting_pod3_consulting_pod_4049e96077a546c09fc60535bcf82378.glb.meta","DCA94D9400379638696546FFC5F89D8A745DC1842BAB8F186FC8E57AF820D2F7","720"
"InteractivAgents\InteractiveAgents2\Assets\GeneratedModels 1\counter_table_counter_fbe335623c3e406480cc24c91d2948c8.glb","DD618F190064C9EA5C210A18B149FC1500A9E20789EC6935EC17CEB9F96DCFE5","1191500"
"InteractivAgents\InteractiveAgents2\Assets\GeneratedModels 1\counter_table_counter_fbe335623c3e406480cc24c91d2948c8.glb.meta","8BAC5BFFEBF20153F45576A033A087F5C3F9CE06B99E44C848AA122D6B2497BE","720"
"InteractivAgents\InteractiveAgents2\Assets\GeneratedModels 1\crosswalk_crosswalk_d0e801f018d34a619c9aaf7bdaa80235.glb","7D6C92DD941A2E81E58A8D971068CD6D83CCAD6254725F153EAB8F1B5A0389E0","1053064"
"InteractivAgents\InteractiveAgents2\Assets\GeneratedModels 1\crosswalk_crosswalk_d0e801f018d34a619c9aaf7bdaa80235.glb.meta","9A9CD67E53B1F490A6F94FADBE91B4B6A8971EDE33D7A5A1E3592C4C69E949E6","720"
"InteractivAgents\InteractiveAgents2\Assets\GeneratedModels 1\Cube_b1e048fef409473cb4075e65019d29b6.glb","3257CD54EA87FAFDD14981297484AAE9D5575FDD4D1F4E8FEACA3EDC9F0131AC","1676712"
"InteractivAgents\InteractiveAgents2\Assets\GeneratedModels 1\Cube_b1e048fef409473cb4075e65019d29b6.glb.meta","6FCCF105FFB76918B10546194A49ED74FBA10C76FDAC6FD159A5922CB6E7740A","720"
"InteractivAgents\InteractiveAgents2\Assets\GeneratedModels 1\Cube_e70af7bf8ec147a792b88f6044c81fe8.glb","F0308A0362B2D452DDEBAEAFD2A51F4D39A24E9901D0A6DD177F5863B03A8E74","1588960"
"InteractivAgents\InteractiveAgents2\Assets\GeneratedModels 1\Cube_e70af7bf8ec147a792b88f6044c81fe8.glb.meta","139339BDF75FF3D90186D27B13106F2B38F0A5CDD9FF26185FDB19DD46789618","720"
"InteractivAgents\InteractiveAgents2\Assets\GeneratedModels 1\cup_stack_cups_534c745812a9492bb48aab9a49b4066e.glb","BC5D51F506B95F05B8FB38C10187933BA1B2C74999716443DC1CE01453AA3132","2771212"
"InteractivAgents\InteractiveAgents2\Assets\GeneratedModels 1\cup_stack_cups_534c745812a9492bb48aab9a49b4066e.glb.meta","94A913F00C55331488E3B6126E30F39BF04238C3813BB91C907DFDAC56FBF24E","720"
"InteractivAgents\InteractiveAgents2\Assets\GeneratedModels 1\cushion1_cushion_7799c276d5634f0fb6f73eb24261dd99.glb","38AEC8EA165B00215DED636841A4349DAE977BA2F91D32C58E40B64616C973E9","1368980"
"InteractivAgents\InteractiveAgents2\Assets\GeneratedModels 1\cushion1_cushion_7799c276d5634f0fb6f73eb24261dd99.glb.meta","6458CC9020A76F192A60EA194398D5DAC9B432ED1EA13209229896EB6004AB4C","720"
"InteractivAgents\InteractiveAgents2\Assets\GeneratedModels 1\cushion2_cushion_85eeae4ee579494b961281bcebb64b47.glb","5905D334EB0BAE3AC9F55DF8FA45A66411C82F5F545E407D81A22471670C6FB8","1387460"
"InteractivAgents\InteractiveAgents2\Assets\GeneratedModels 1\cushion2_cushion_85eeae4ee579494b961281bcebb64b47.glb.meta","7031E93963BD5A8FC3372CEF792EC28283E28D343E3F5B90B97AE59A2FB3FEB8","720"
"InteractivAgents\InteractiveAgents2\Assets\GeneratedModels 1\cushion3_cushion_2abbead82ac94211a77ee998503e3377.glb","88FEBB37F173F131DBF76BE065C1CC48486F8E447EE759ECA0BA2FB6AAFB9BC0","1504876"
"InteractivAgents\InteractiveAgents2\Assets\GeneratedModels 1\cushion3_cushion_2abbead82ac94211a77ee998503e3377.glb.meta","B75052F4BA0A3320F1389BF77E45F0A9E36554E2E572FAEB9050A12BB6B638E9","720"
"InteractivAgents\InteractiveAgents2\Assets\GeneratedModels 1\cushion4_cushion_3d89840a291a4d64bd17c8d0786c160e.glb","C7392B1076A53A2BC40226626A8BA097070C3ED1FD2B4C14759C843784F98505","1382920"
"InteractivAgents\InteractiveAgents2\Assets\GeneratedModels 1\cushion4_cushion_3d89840a291a4d64bd17c8d0786c160e.glb.meta","E0E8BBD076C71F4A5E27C2B720D27574CF2454661028EF181CF6A1423B0DA5A0","720"
"InteractivAgents\InteractiveAgents2\Assets\GeneratedModels 1\cushion6_cushion_f9ae98e0102d4187a9c395cc612ce42f.glb","74EAFB53164136A1D2DA59AAC21E3870A96BCEA7AB51728D842070EA1C9ED730","1564100"
"InteractivAgents\InteractiveAgents2\Assets\GeneratedModels 1\cushion6_cushion_f9ae98e0102d4187a9c395cc612ce42f.glb.meta","5382947E7C226C51CAEFFCF42F1A85A62DC132B3282929858DAC2549C40AE85B","720"
"InteractivAgents\InteractiveAgents2\Assets\GeneratedModels 1\decor_house_decor_house_f1e01ab1f1874da39ad32f87ae601bdb.glb","9F96E29E66B6FB887319AFEEDEA9D59E1EFFAF743DA85DA87DC053FB300AFE5D","2003168"
"InteractivAgents\InteractiveAgents2\Assets\GeneratedModels 1\decor_house_decor_house_f1e01ab1f1874da39ad32f87ae601bdb.glb.meta","CDD5CCD7D93ABC2F3FAC8DE008E2559B10C872207BF0A3DCAB4290BA99261D86","720"
"InteractivAgents\InteractiveAgents2\Assets\GeneratedModels 1\decor_tree_BR_decor_tree_9611195402ed4a688ede2f5bbee5751b.glb","E38565DE53D8DCB4C7EDBFBF2F20692A303D731E2354C860E7A16F36A31906F1","1429856"
"InteractivAgents\InteractiveAgents2\Assets\GeneratedModels 1\decor_tree_BR_decor_tree_9611195402ed4a688ede2f5bbee5751b.glb.meta","6A16D164CF685B2E3238B81AD0CB16B11312357E6ED1886AC3B6CA3B0C48DF59","720"
"InteractivAgents\InteractiveAgents2\Assets\GeneratedModels 1\demonstrator_platform3_platform_9e103fdc486149138507f61fc7ef231f.glb","F908E88E997AD7B7C36479ACFE800B370B5B0921FEF5596899639065F0FCDEE6","1497300"
"InteractivAgents\InteractiveAgents2\Assets\GeneratedModels 1\demonstrator_platform3_platform_9e103fdc486149138507f61fc7ef231f.glb.meta","E1606C4A4B9D45C514D60850E85F00117D32EF128D5D749A65A930D9D69C9F67","720"
"InteractivAgents\InteractiveAgents2\Assets\GeneratedModels 1\dining_chair4_chair_9363d8596e4443439478e7af96b2f866.glb","277E7333E3349CC303A9189A2CEBCDBA7265FB2CEECCD47A078936515FAB74DD","1329688"
"InteractivAgents\InteractiveAgents2\Assets\GeneratedModels 1\dining_chair4_chair_9363d8596e4443439478e7af96b2f866.glb.meta","5BFECBCE42959FB1254ADFA1F142126F55E3681A184678A238DE53FABEDC3DA0","720"
"InteractivAgents\InteractiveAgents2\Assets\GeneratedModels 1\dining_chair6_chair_5f199b5fe6ef443fa395361df075a6d6.glb","0AD91BA252E8880F058BF6B2BE6711822CB8A4F4C3FB3B31467DAFB5A0FE47BC","1396220"
"InteractivAgents\InteractiveAgents2\Assets\GeneratedModels 1\dining_chair6_chair_5f199b5fe6ef443fa395361df075a6d6.glb.meta","6C73AEEF25210CE073F730019B3CCDAEF7AAD4C5C8D0FBDEF753FA181E110C0E","720"
"InteractivAgents\InteractiveAgents2\Assets\GeneratedModels 1\dining_table_table_9831840c6fc64c7c9d7c91369d43ff7a.glb","589E5D741BD173B271F30986E9FB0DD7D57691E71F9F6C31047275244A6B362E","1229968"
"InteractivAgents\InteractiveAgents2\Assets\GeneratedModels 1\dining_table_table_9831840c6fc64c7c9d7c91369d43ff7a.glb.meta","DFFDEB2751A42497F6FFF7950EED0B12E3A2B15137B293FF3CA261BEF5036107","720"
"InteractivAgents\InteractiveAgents2\Assets\GeneratedModels 1\dining_table1_dining_table_0ddd0fd8584c43998ae1e3e200f85aed.glb","4CC4F8174D713FDB5A5D2F30DC5AC09C3F5D11AF2B48050F1EBE2A67F43E45B0","1171088"
"InteractivAgents\InteractiveAgents2\Assets\GeneratedModels 1\dining_table1_dining_table_0ddd0fd8584c43998ae1e3e200f85aed.glb.meta","445A2191CBB7D0FE20E09A19FEE11C7C38BBFA9FF2BE3D8D4415D657195F0920","720"
"InteractivAgents\InteractiveAgents2\Assets\GeneratedModels 1\dinosaur_skeleton_dinosaur_skeleton_9f166a31d3aa44e2bb5d820ebb84d5c6.glb","CB6B4B2C229047C20650751817559B0BD18BC6FA03D574F0B88B3C47CAC1EB59","1738568"
"InteractivAgents\InteractiveAgents2\Assets\GeneratedModels 1\dinosaur_skeleton_dinosaur_skeleton_9f166a31d3aa44e2bb5d820ebb84d5c6.glb.meta","5180B03A04D812CA934679FC9045A2B6D918FEDE2862DD03B04AA5184C9508C3","720"
"InteractivAgents\InteractiveAgents2\Assets\GeneratedModels 1\dinosaur_statue_statue_8226037e7d354f5abf641eef822ff73d.glb","570BE381DEB95A5CF22441BD2D52B4C630BB37C6404BDCB6192EC25F4C50FB1D","1515712"
"InteractivAgents\InteractiveAgents2\Assets\GeneratedModels 1\dinosaur_statue_statue_8226037e7d354f5abf641eef822ff73d.glb.meta","7377339569907C5D5253AFE13C7131900E4173000FBDEA16DF189A69A657ED7F","720"
"InteractivAgents\InteractiveAgents2\Assets\GeneratedModels 1\directional_light_light_a9d193de8ff54a39afe50868c7f1d1d2.glb","FD6598A3B191C2D4846D847E73D6FE473782200DB007C17C475A5A6898759ABB","1423080"
"InteractivAgents\InteractiveAgents2\Assets\GeneratedModels 1\directional_light_light_a9d193de8ff54a39afe50868c7f1d1d2.glb.meta","14341FA553B4D247BD39C1288FE7DAD08ADB0495BAB723C7036BE10E7C251446","720"
"InteractivAgents\InteractiveAgents2\Assets\GeneratedModels 1\door_door_10c8d359b6a042959054117cadfea6d7.glb","86A21AC35A65B52234B91E3476E4ADC702CE692A9B104C9BF711924DD81F6D63","1283440"
"InteractivAgents\InteractiveAgents2\Assets\GeneratedModels 1\door_door_10c8d359b6a042959054117cadfea6d7.glb.meta","3EF65279888C665D16C054F2640E3756720ECA02E8CC29FACB37034DA715460A","720"
"InteractivAgents\InteractiveAgents2\Assets\GeneratedModels 1\door_door_36e5620ef4d54ea582066cce872369d7.glb","5BDFF235A166E7029FC4492118521974F51A6484635972E775194CB071BD9735","1260684"
"InteractivAgents\InteractiveAgents2\Assets\GeneratedModels 1\door_door_36e5620ef4d54ea582066cce872369d7.glb.meta","D8D0DDD81DEA9E290D3B1F8866F329F0EFFEE7A05DC7CD23C2DE667CD81AEDBB","720"
"InteractivAgents\InteractiveAgents2\Assets\GeneratedModels 1\door_door_5f1dc4825eba4f86a4c81585e00a053b.glb","A2F4863F7FBA8BFBB5EBE3A99DE6C2A573718E9E61F51D98844D20E7F87CDC3B","1378876"
"InteractivAgents\InteractiveAgents2\Assets\GeneratedModels 1\door_door_5f1dc4825eba4f86a4c81585e00a053b.glb.meta","F59495F29C7A9102FDCF367BE766AB7F0C9B4049FEFBB6331FFB4C6BBD1A679B","720"
"InteractivAgents\InteractiveAgents2\Assets\GeneratedModels 1\door_door_7cf112f3645f4f17831ece7ec372c3e1.glb","177C8F826D7C973C1F89E8B52ADF4858D3313D5274A982435879DB937CC9F6F8","1457068"
"InteractivAgents\InteractiveAgents2\Assets\GeneratedModels 1\door_door_7cf112f3645f4f17831ece7ec372c3e1.glb.meta","EAAD23EC302798F555EE8689B9455FECFA9A1D27EBBDB49B612F9E337E15BDC9","720"
"InteractivAgents\InteractiveAgents2\Assets\GeneratedModels 1\door_door_845693eea7574b4aadef96d5760e9b7f.glb","DBB0BC1760B9CB11D5650457C586954BE50BF05183875AD67D9A494A5595AF2E","1240772"
"InteractivAgents\InteractiveAgents2\Assets\GeneratedModels 1\door_door_845693eea7574b4aadef96d5760e9b7f.glb.meta","076F90D809D05F9E19B7289B140A0CE0070799DBD08EDB1B7DED320EE92317B3","720"
"InteractivAgents\InteractiveAgents2\Assets\GeneratedModels 1\door_door_a56e2ca189f64d0883a917306c569859.glb","08E15E76AF0E4ED88492455615853E87235C936DC066049E8BC9D78AD634303F","1216092"
"InteractivAgents\InteractiveAgents2\Assets\GeneratedModels 1\door_door_a56e2ca189f64d0883a917306c569859.glb.meta","B0B76D6C1E3EF825EDB387032D5832C709AB07E43E116D358D4C50C86F7F5AA5","720"
"InteractivAgents\InteractiveAgents2\Assets\GeneratedModels 1\door_door_c8f53449a4d946c2a3bcdc975b309e96.glb","DA6FC507DCBEE3C7E2DC3D7EC867B5007656600DDF5F8FFB25E26A7337FBB0DD","1215052"
"InteractivAgents\InteractiveAgents2\Assets\GeneratedModels 1\door_door_c8f53449a4d946c2a3bcdc975b309e96.glb.meta","A8206A370937491A136676C87D4CC4AAB418A436AAD11CA216DB1382DB996429","720"
"InteractivAgents\InteractiveAgents2\Assets\GeneratedModels 1\door_door_cc25a506d44c49bf84d856f1b442edc0.glb","B92D6A2ACF935AA78527CCED06DAFE7F560E24D7287AD2B7B023B933247B9960","1149768"
"InteractivAgents\InteractiveAgents2\Assets\GeneratedModels 1\door_door_cc25a506d44c49bf84d856f1b442edc0.glb.meta","369F407BF98DE9DA7D85B7920996ACA3964B086A48DA7514B290989BEF1FBD0F","720"
"InteractivAgents\InteractiveAgents2\Assets\GeneratedModels 1\door_door_ddcf85f34cbd4e139255d07b6305c511.glb","6268F7FEADA0E6447D6EBE006D7746A64AFDEFF395F04F35403A67A80BAB0705","1193372"
"InteractivAgents\InteractiveAgents2\Assets\GeneratedModels 1\door_door_ddcf85f34cbd4e139255d07b6305c511.glb.meta","9E2701CDFA0E05978D98E6C118194A65703AB99C2842914A18444647AEDCF2D4","720"
"InteractivAgents\InteractiveAgents2\Assets\GeneratedModels 1\EducationalChart2_poster_9ee2188a06c94b629845975c84fffeac.glb","6464F9EE520D051B4DEFE6B7F9ACA9303AD003CF3FEAA1B6EB620625B9B72BC6","1342528"
"InteractivAgents\InteractiveAgents2\Assets\GeneratedModels 1\EducationalChart2_poster_9ee2188a06c94b629845975c84fffeac.glb.meta","23F06F6397B340B82BC51AEA850B41A9C26C81834B068E70C0295859F1091E05","720"
"InteractivAgents\InteractiveAgents2\Assets\GeneratedModels 1\EducationalPoster4_poster_6f493d3e251f4f1498a9467bd5c44a19.glb","20BD7633BC1B1A6A00A8FBA8E2B1B861638013222F52C3FDECF8E44E96474338","1521284"
"InteractivAgents\InteractiveAgents2\Assets\GeneratedModels 1\EducationalPoster4_poster_6f493d3e251f4f1498a9467bd5c44a19.glb.meta","B2930AED1FE969D6C52D501E7D23DB22548EDDF367001266F5697E225B05DFC6","720"
"InteractivAgents\InteractiveAgents2\Assets\GeneratedModels 1\energy_station2_energy_station_2d54cb6e3a9d4110b2e6eafe73a2b62c.glb","03D4B06FA761C0FF32D2C6898AE08D9DCB19150F24B25F962A95BF62A5015BD0","7178680"
"InteractivAgents\InteractiveAgents2\Assets\GeneratedModels 1\energy_station2_energy_station_2d54cb6e3a9d4110b2e6eafe73a2b62c.glb.meta","9A2CFA279336164789D9C19879E6E8F2122829BC5D84C95DF47F49BCD22F522C","720"
"InteractivAgents\InteractiveAgents2\Assets\GeneratedModels 1\energy_station2_energy_station_65f101991f644d99a196aa8c675f63c0.glb","E7892E13E112C3F538F68862DFC94554389C44455232FCE55282FC438E56B4E3","1864012"
"InteractivAgents\InteractiveAgents2\Assets\GeneratedModels 1\energy_station2_energy_station_65f101991f644d99a196aa8c675f63c0.glb.meta","E59AF463F892D074E354067A9D05D0998632C7BD775617DBCD738ABC0FDA1ABD","720"
"InteractivAgents\InteractiveAgents2\Assets\GeneratedModels 1\entertainment_center_base_console_bef436077301420f814d41c264f99127.glb","0228BBD5C79D6977807D1CCEED3FD8EA2F0590C0A845C2CEE8EC2315696F9B88","1179368"
"InteractivAgents\InteractiveAgents2\Assets\GeneratedModels 1\entertainment_center_base_console_bef436077301420f814d41c264f99127.glb.meta","929F204D19BCCD3ABA82F578A42725AA8794753978FB4DFC1EA036307AD8143D","720"
"InteractivAgents\InteractiveAgents2\Assets\GeneratedModels 1\fireplace_mantel_mantel_3e75da0c17b4484499a8181f7557e26c.glb","267263808DB846B6F11073963DB537E68D6E923392E409E437E58F327DE7248E","775084"
"InteractivAgents\InteractiveAgents2\Assets\GeneratedModels 1\fireplace_mantel_mantel_3e75da0c17b4484499a8181f7557e26c.glb.meta","C656CD3FF9787E0E540D05760DB7758084240A700364A608D9419C415E292097","720"
"InteractivAgents\InteractiveAgents2\Assets\GeneratedModels 1\fireplace1_fireplace_cfd7c76477fd4a1294aae3f191602e18.glb","E018B82D7957FEF3846DEB1F55DCCD96AF6245A58FE6F8EF857F0826D9C22A04","1358664"
"InteractivAgents\InteractiveAgents2\Assets\GeneratedModels 1\fireplace1_fireplace_cfd7c76477fd4a1294aae3f191602e18.glb.meta","066B212B408E0C88FC75D7AAD8341225ADF056F316E945AE82F13FF53B522954","720"
"InteractivAgents\InteractiveAgents2\Assets\GeneratedModels 1\flat_screen_tv_tv_83cb58a05e784fdd872b941d1e857f45.glb","74A84B671DA72B3226CF8378776EE8D70A9764AB123EB684BC87E301BBA498EE","1100360"
"InteractivAgents\InteractiveAgents2\Assets\GeneratedModels 1\flat_screen_tv_tv_83cb58a05e784fdd872b941d1e857f45.glb.meta","C32DD08F98EF33C6C47500C30D31DEE2C1CC3FCFF9C32EF0719BE1D6C4CC58C2","720"
"InteractivAgents\InteractiveAgents2\Assets\GeneratedModels 1\floor_base_floor_5520534aefc945f8bff64c8473cfce7c.glb","5158D8E594AAA4F3BD3BD600FBCDFD7D558BF06263B4A3DA7968D8CFEDD20ACB","1425500"
"InteractivAgents\InteractiveAgents2\Assets\GeneratedModels 1\floor_base_floor_5520534aefc945f8bff64c8473cfce7c.glb.meta","A5478D6207E2668B5496EEDC670C4BD34658D3821FEC28E4C12714BD29F4ACF2","720"
"InteractivAgents\InteractiveAgents2\Assets\GeneratedModels 1\floor_base_floor_689ed6a103234f329481c1f1e52e9f25.glb","F45AF95C99ADC4EDE3C5238F62C327217A4B58CCD1E47D236F8F2920BCC10246","1123572"
"InteractivAgents\InteractiveAgents2\Assets\GeneratedModels 1\floor_base_floor_689ed6a103234f329481c1f1e52e9f25.glb.meta","A15D2C244BA53DDD2C4541F919EE628CDA4713AB312BDA638917B9A4B3B4F1EF","720"
"InteractivAgents\InteractiveAgents2\Assets\GeneratedModels 1\floor_base_floor_d76280287e2c4b7e9e3a90267aadfe3d.glb","74288F372930F37ED0A1274133FAF82A764C33857BF25CF2E5620C0A7F43BF62","1252580"
"InteractivAgents\InteractiveAgents2\Assets\GeneratedModels 1\floor_base_floor_d76280287e2c4b7e9e3a90267aadfe3d.glb.meta","32A095FFEBD4B1369E5D91813C7CB5B8A998668670C3A68C4D9DD7310DE76ECE","720"
"InteractivAgents\InteractiveAgents2\Assets\GeneratedModels 1\floor_floor_02b78ce9a3924706af06ff65bddcdf85.glb","B37CF69BEA0A5C76E6371E61943343CFBD465C469ABC75AD2CA5A0F1BF3C46B7","1149256"
"InteractivAgents\InteractiveAgents2\Assets\GeneratedModels 1\floor_floor_02b78ce9a3924706af06ff65bddcdf85.glb.meta","A07DCF87DC1F989B2ECCCD6C562EF199018E782529DE727B58F95D67FE60C19E","720"
"InteractivAgents\InteractiveAgents2\Assets\GeneratedModels 1\floor_floor_20172278066a43eaa873320093f17209.glb","C15435DD940E88AC13017A372B2DC1006BA96E9B8C3F7873630C5AF6AA25686A","1182588"
"InteractivAgents\InteractiveAgents2\Assets\GeneratedModels 1\floor_floor_20172278066a43eaa873320093f17209.glb.meta","5C031F0BC96BE33B1D07F0A5F2140BF83AC09DF56A23BF67262ACEBF696BB926","720"
"InteractivAgents\InteractiveAgents2\Assets\GeneratedModels 1\floor_floor_8727a118d62c4ebbbd4bfaeeee435109.glb","CBC711BA983A4171A9F715E2735440D8C0CF6124C0D2567A939A0B429111B9DF","603596"
"InteractivAgents\InteractiveAgents2\Assets\GeneratedModels 1\floor_floor_8727a118d62c4ebbbd4bfaeeee435109.glb.meta","B2CCB0354B4FAB1E6FD8FB21E2AA96A11D79C94B0174A709509B68D1C26BF261","720"
"InteractivAgents\InteractiveAgents2\Assets\GeneratedModels 1\floor_floor_923c19179181462092a43b0cb6c09b88.glb","661DD76D4FE59B028FF7E0A538C626FC053BB1E28385F4A0079745C71C07543D","1182344"
"InteractivAgents\InteractiveAgents2\Assets\GeneratedModels 1\floor_floor_923c19179181462092a43b0cb6c09b88.glb.meta","E1F8391A0DFC9D8E07AD8197E83DA60915EA32F071ED1E98C2AB4F9E3E580CE0","720"
"InteractivAgents\InteractiveAgents2\Assets\GeneratedModels 1\floor_floor_f43ce4cf9b5f462ca1d634db2e64bc34.glb","1753F7C7AE5E3DF9232F8452CE6F11562CB38B26C3FFF451BAC10789125F1F96","1728316"
"InteractivAgents\InteractiveAgents2\Assets\GeneratedModels 1\floor_floor_f43ce4cf9b5f462ca1d634db2e64bc34.glb.meta","5C7CDE77081EAD8403AA372741D867CBA4587FF8E101A496BF77F25F369D0ABD","720"
"InteractivAgents\InteractiveAgents2\Assets\GeneratedModels 1\floor_floor_f6c8d09d95924941a9a53f2290d82615.glb","437B11159E422926B2F2D727B287DD09D974FF446F6C46A07092339F5A2774F5","1606068"
"InteractivAgents\InteractiveAgents2\Assets\GeneratedModels 1\floor_floor_f6c8d09d95924941a9a53f2290d82615.glb.meta","96EAEBB19E1697A8FC37EB8D4C8BC894DD7A44B26D03C847DB95F8C1E0776B0B","720"
"InteractivAgents\InteractiveAgents2\Assets\GeneratedModels 1\floor_lamp1_floor_lamp_5bc6783155ea4311ad18c237f37c8149.glb","7624B1210AD9E856732A64A8E41A02E102B22C4D07692EC8592AA8759453356B","1170952"
"InteractivAgents\InteractiveAgents2\Assets\GeneratedModels 1\floor_lamp1_floor_lamp_5bc6783155ea4311ad18c237f37c8149.glb.meta","6CAB3C4327D5D37A7DEED4DBA234547C9011FA7E43B4D7AF9D57C906C0078820","720"
"InteractivAgents\InteractiveAgents2\Assets\GeneratedModels 1\floor_marking_path1_floor_marking_855ba55c432f4b919d375c137f311eb5.glb","624989464ACB60B32BEE7B2669B0722132E1DB120FB4A7F85D55E6595658C420","256608"
"InteractivAgents\InteractiveAgents2\Assets\GeneratedModels 1\floor_marking_path1_floor_marking_855ba55c432f4b919d375c137f311eb5.glb.meta","25ED7C1B2BC2235B799AFC7FE9C2EFF50BBDCECAE163DDFEA86EB6273EBAA40B","720"
"InteractivAgents\InteractiveAgents2\Assets\GeneratedModels 1\floor_marking_path1_floor_marking_ccfe2b9810de4d28ac341dcea0b0e9c2.glb","AAC064E50A7D66C238A055E91C959B1E4FC34D99E321F6B0998DF02C7F0B348C","350068"
"InteractivAgents\InteractiveAgents2\Assets\GeneratedModels 1\floor_marking_path1_floor_marking_ccfe2b9810de4d28ac341dcea0b0e9c2.glb.meta","9429AD9F2CDF660C8681E7F0E1E1BEC457EBDA4D5406D06B09EFBB1A4888717F","720"
"InteractivAgents\InteractiveAgents2\Assets\GeneratedModels 1\floor_plant1_plant_floor_bd3a02fb3694439594a11547dbf58a16.glb","4E56FC2849EEC72F8B29A5066AFEE85F61A97966AF922976DF9DF08BA04B8B00","2526672"
"InteractivAgents\InteractiveAgents2\Assets\GeneratedModels 1\floor_plant1_plant_floor_bd3a02fb3694439594a11547dbf58a16.glb.meta","E3935E5F5B31AD7F7DCE4F4003D0D0AFC2C1BD0504BC7DB0F299BCE9A8709160","720"
"InteractivAgents\InteractiveAgents2\Assets\GeneratedModels 1\floor_plant2_plant_floor_08a87d765f6749218398d436e9d60f29.glb","E6D6707FF9CA7D80DE79DA16E3843BC9F92ABC353F668C263AEF1B11680E2FC4","2406596"
"InteractivAgents\InteractiveAgents2\Assets\GeneratedModels 1\floor_plant2_plant_floor_08a87d765f6749218398d436e9d60f29.glb.meta","B0C98B683C7CE66BE8A3D863418C1DFAF921F7688CA1E5034DC2ACC9AC624037","720"
"InteractivAgents\InteractiveAgents2\Assets\GeneratedModels 1\floor_plant3_plant_floor_441d79bb143043d4823a82da482125e5.glb","87C73D14906BDC6CB4A9381B0BB34F8A9CA4CAB682642E13A2EE5D39AABBE495","2892844"
"InteractivAgents\InteractiveAgents2\Assets\GeneratedModels 1\floor_plant3_plant_floor_441d79bb143043d4823a82da482125e5.glb.meta","BA5B03445DD412795B3ACC8C304473A1669BDC161597CBF6E43CFDB3D42FA783","720"
"InteractivAgents\InteractiveAgents2\Assets\GeneratedModels 1\flying_dinosaur_bone1_bone_50b4cb9ad84f4dc1b025bc9cbf63afc1.glb","4C67F6B784171E3A3C11C0B001C8FD62D4FB4371DFCB1673180910FA5E60A281","1250392"
"InteractivAgents\InteractiveAgents2\Assets\GeneratedModels 1\flying_dinosaur_bone1_bone_50b4cb9ad84f4dc1b025bc9cbf63afc1.glb.meta","A3B1F0C592CF8F7653FD24A220696191A5E40EAE9AC27F28858A4EF7DEB2EBEE","720"
"InteractivAgents\InteractiveAgents2\Assets\GeneratedModels 1\flying_dinosaur_bone10_bone_3e3805a0649b4dffa3f732c43cbeb390.glb","187C68EBC56FDE4B9EA49A62296E1D19E58902DF3069A2C69BF12F1FB5A68696","1276244"
"InteractivAgents\InteractiveAgents2\Assets\GeneratedModels 1\flying_dinosaur_bone10_bone_3e3805a0649b4dffa3f732c43cbeb390.glb.meta","FA66938879DA076F4FD9747570AF2C62ED71EF7DBF54200DAD2CAEF514EF4CE8","720"
"InteractivAgents\InteractiveAgents2\Assets\GeneratedModels 1\flying_dinosaur_bone2_bone_38cf87801a2d4304aa6186789bb5bf0c.glb","CC7045F994677DF82501CF338D1A3E03F6DE22A7E75C7B7D6106ABF5C5EFCFA2","1338956"
"InteractivAgents\InteractiveAgents2\Assets\GeneratedModels 1\flying_dinosaur_bone2_bone_38cf87801a2d4304aa6186789bb5bf0c.glb.meta","91AF2B925EA1174A8F37B7A5F1DFD105401E006296C8A681250C802E8440CB45","720"
"InteractivAgents\InteractiveAgents2\Assets\GeneratedModels 1\flying_dinosaur_bone3_bone_ed162d3040554ddfae925fe55b0d096a.glb","04E0AFAF423F20A91356F92258D264A55F908BB2DF0047DC8174A4FDD0A0DB85","1219248"
"InteractivAgents\InteractiveAgents2\Assets\GeneratedModels 1\flying_dinosaur_bone3_bone_ed162d3040554ddfae925fe55b0d096a.glb.meta","3933F94C52B39B5E376C859ADD89A459C5F35E094F0FDD5B78D9B13D21EE8B5B","720"
"InteractivAgents\InteractiveAgents2\Assets\GeneratedModels 1\flying_dinosaur_bone4_bone_719e175fe66d4c5fa48e5947754dd13e.glb","DAC66A5EF65AA502FC99470A067C0844698DBFF6B87ABF3116E530120B4C7EC3","1221020"
"InteractivAgents\InteractiveAgents2\Assets\GeneratedModels 1\flying_dinosaur_bone4_bone_719e175fe66d4c5fa48e5947754dd13e.glb.meta","565C440F55AEB70701D80E12A5C27FC96A7202BEE21B714BEE878AE2ACCEE2C3","720"
"InteractivAgents\InteractiveAgents2\Assets\GeneratedModels 1\flying_dinosaur_bone5_bone_0a66b16c972643e7a2d85ed542287838.glb","769C131DA49C8E33EB740EFD6B1567A24FAE8CD9E04DA3BB3740BD89DF7912D7","1248152"
"InteractivAgents\InteractiveAgents2\Assets\GeneratedModels 1\flying_dinosaur_bone5_bone_0a66b16c972643e7a2d85ed542287838.glb.meta","4C25A317B5FA0E35338D06900A8BD45B801399B37DDA321A77F9F9620BDBEE38","720"
"InteractivAgents\InteractiveAgents2\Assets\GeneratedModels 1\flying_dinosaur_bone6_bone_cdfccc306c3b47c28ca615f2d793892e.glb","479085C3B4D11A9B1B0BB9D5E0D3EB599A456AC84395E8F3D1386F348191C325","1300920"
"InteractivAgents\InteractiveAgents2\Assets\GeneratedModels 1\flying_dinosaur_bone6_bone_cdfccc306c3b47c28ca615f2d793892e.glb.meta","9F6A9A5F3E346E7D4C124223F571103503CF2799F4C46037CD1543AE0F34898A","720"
"InteractivAgents\InteractiveAgents2\Assets\GeneratedModels 1\flying_dinosaur_bone7_bone_2c06a38e205249ab9bfb2fd6851bce6d.glb","2E2726B24178D1650795906394FB7C9A51EA6C3DBB271CD9086348FFCF0861BD","1275752"
"InteractivAgents\InteractiveAgents2\Assets\GeneratedModels 1\flying_dinosaur_bone7_bone_2c06a38e205249ab9bfb2fd6851bce6d.glb.meta","00458EB654CE995C3F551104F4650B0A232EF84878886901E4B6AFF97521B971","720"
"InteractivAgents\InteractiveAgents2\Assets\GeneratedModels 1\flying_dinosaur_bone8_bone_c8329d0a8f544ff98353c2ae46ccbc97.glb","C1CBF38A48FB5D3F59D132ECC57AB08789AEF235D0538F6C37B72AD3530123E5","1302016"
"InteractivAgents\InteractiveAgents2\Assets\GeneratedModels 1\flying_dinosaur_bone8_bone_c8329d0a8f544ff98353c2ae46ccbc97.glb.meta","A127FC98DA33E1F17A613CE4AF0F0D45FB3D5347EA7731216B845D8F876E6E10","720"
"InteractivAgents\InteractiveAgents2\Assets\GeneratedModels 1\flying_dinosaur_bone9_bone_da378f477eaf40d3863fd9b38a6a89dd.glb","FADB3093EF3FDDCCADFD8536B214B60D4F1A896EF8D54AE74A21A21322B40A4B","1264424"
"InteractivAgents\InteractiveAgents2\Assets\GeneratedModels 1\flying_dinosaur_bone9_bone_da378f477eaf40d3863fd9b38a6a89dd.glb.meta","D0BB844DD10CD791A15DCA6BB08A6F8F128A0F72D4612D30E81940233B6D79BF","720"
"InteractivAgents\InteractiveAgents2\Assets\GeneratedModels 1\glass_door_glass_door_20267b66854b43ecbc3587c16dd70c04.glb","40289FD85FFAFC62554B793EBF2CCB35AD872D38A720B690F41189309EDA1391","820340"
"InteractivAgents\InteractiveAgents2\Assets\GeneratedModels 1\glass_door_glass_door_20267b66854b43ecbc3587c16dd70c04.glb.meta","363277C58103DC006DC479D34D94B69C8F67B5226D61E075362EF819337AA4C8","720"
"InteractivAgents\InteractiveAgents2\Assets\GeneratedModels 1\glass_panel_right_glass_panel_23968957e1d74f90bbd930e6960b9e05.glb","08DF381505CAAD22CF65E2AA56E5E0DD3F4D674EF6D1EDEEFC665030E68D965B","1190876"
"InteractivAgents\InteractiveAgents2\Assets\GeneratedModels 1\glass_panel_right_glass_panel_23968957e1d74f90bbd930e6960b9e05.glb.meta","C86AA7D30E99B23F8D35B6BCC6FF091C19418FFA85E3CF66E30DA69C43EA6A38","720"
"InteractivAgents\InteractiveAgents2\Assets\GeneratedModels 1\heavy_pedestal2_pedestal_899a49a27af44766b90cfa58b2d11d82.glb","7DF06C32F247E948DFBD4786F2F1C1438118A560F8ECD29CEAA007A50A70A207","2250320"
"InteractivAgents\InteractiveAgents2\Assets\GeneratedModels 1\heavy_pedestal2_pedestal_899a49a27af44766b90cfa58b2d11d82.glb.meta","A7910A09022E13A6D732A8DD411D86883FFEF22B88D78DB7BD9B615030B7D385","720"
"InteractivAgents\InteractiveAgents2\Assets\GeneratedModels 1\heavy_pedestal5_pedestal_310c57684fe74e89922bcc5a074433b0.glb","3F081EC849226A9D152896D66786101EA13518F9B307E1833ED004F9564B3A02","1535180"
"InteractivAgents\InteractiveAgents2\Assets\GeneratedModels 1\heavy_pedestal5_pedestal_310c57684fe74e89922bcc5a074433b0.glb.meta","DE41C364341EB8C96184455D2F15D438828E0ED26D8071EA35645D27AE77437A","720"
"InteractivAgents\InteractiveAgents2\Assets\GeneratedModels 1\heavy_pedestal5_pedestal_e81b0dedf1824bde8fb85bb9ab74fefc.glb","2474789BF471CF4A695E116F98118A035416B4F74121B765553539E87DF34602","2057344"
"InteractivAgents\InteractiveAgents2\Assets\GeneratedModels 1\heavy_pedestal5_pedestal_e81b0dedf1824bde8fb85bb9ab74fefc.glb.meta","01B100A55B27E79C03B0183A9123096359D2FDB1429BC3392E9297E3B24346CD","720"
"InteractivAgents\InteractiveAgents2\Assets\GeneratedModels 1\helmet_helmet_87b6f94910ed47b48a28091399b92017.glb","F2F1003516F61A44677D19DE68F8482AFCE5805AC1FE5139EA67B2D12CF97CBE","2192724"
"InteractivAgents\InteractiveAgents2\Assets\GeneratedModels 1\helmet_helmet_87b6f94910ed47b48a28091399b92017.glb.meta","AC9932F2E7F1DB6A130DFACBB9868A21EFB77CF6998A45CE4B5C2B1FC7A45AB5","720"
"InteractivAgents\InteractiveAgents2\Assets\GeneratedModels 1\info_stele_studio3_info_stele_d538c6adf34a42f696371a3bf72a065e.glb","3E788CC27647F794F8241DCEC0E11A5E4699AB3161CBAEE0E91FC93CA38B3715","865244"
"InteractivAgents\InteractiveAgents2\Assets\GeneratedModels 1\info_stele_studio3_info_stele_d538c6adf34a42f696371a3bf72a065e.glb.meta","9F6AF6BC6DD59A4591D6EF8A23E0C2586E3B64DDE992408BA52ADF16F5F531B8","720"
"InteractivAgents\InteractiveAgents2\Assets\GeneratedModels 1\interactive_panel_behavior_panel_9761d67c8d4e4e40ae45b0996716d8ea.glb","1BBF8D74493444943D6FE70C54425CB13DBD211AD4F930D9B6D6C289D36B0146","1582844"
"InteractivAgents\InteractiveAgents2\Assets\GeneratedModels 1\interactive_panel_behavior_panel_9761d67c8d4e4e40ae45b0996716d8ea.glb.meta","0B3D954FAD718FD06080193A0F83CF6C684BB9454F77F9769527BC6764CCD5F9","720"
"InteractivAgents\InteractiveAgents2\Assets\GeneratedModels 1\interactive_panel_bicycle_panel_f2e0640c41a74e3c83de732e79a3c850.glb","BCF458E9FBCA3244EB25916911B5184EBC8B556589102B135EFC52987103EA16","1474456"
"InteractivAgents\InteractiveAgents2\Assets\GeneratedModels 1\interactive_panel_bicycle_panel_f2e0640c41a74e3c83de732e79a3c850.glb.meta","85C5230C87057EB01FEDE651E964C9F727C60FC953F8B5D5E344329FC6B02667","720"
"InteractivAgents\InteractiveAgents2\Assets\GeneratedModels 1\interactive_panel_crossing_panel_0f00b96d6c7a4db38ac3bfc88696011c.glb","0E7046C8587BA95B291D6235183B52249A6B007655730C979D935A8F7FF5DF27","1537576"
"InteractivAgents\InteractiveAgents2\Assets\GeneratedModels 1\interactive_panel_crossing_panel_0f00b96d6c7a4db38ac3bfc88696011c.glb.meta","594CC229B67CE43E7392559D1798B606BA90DFFA953F43D2930B63C353AA7AC2","720"
"InteractivAgents\InteractiveAgents2\Assets\GeneratedModels 1\interactive_panel_signs_panel_3c7c223a3e6c4e6184c504ebb7c6a593.glb","E5E326D2EC8C12029BD550727E8A3D683133C6D27C48AA68F4025019FB95593B","1590540"
"InteractivAgents\InteractiveAgents2\Assets\GeneratedModels 1\interactive_panel_signs_panel_3c7c223a3e6c4e6184c504ebb7c6a593.glb.meta","176BE35A49C2B56830771C6083C5666B958F45348688C1A80A68291F173D7E20","720"
"InteractivAgents\InteractiveAgents2\Assets\GeneratedModels 1\interactive_panel_visibility_panel_9dfb1e2de5d3441bae56456235622ee3.glb","2F7C15627E73F16B62DB8B28938EDD8C9B010632FC940464278D6A451C3EF62E","1309788"
"InteractivAgents\InteractiveAgents2\Assets\GeneratedModels 1\interactive_panel_visibility_panel_9dfb1e2de5d3441bae56456235622ee3.glb.meta","42E26DFCB52926AD35CE86071FDCA26A078F4D77717E15439D527CAE65855F1E","720"
"InteractivAgents\InteractiveAgents2\Assets\GeneratedModels 1\interactive_terminal_benefits2_terminal_b13cdd69fdb64df1889418edfbe6689f.glb","367B8F0DA7ADAE635D55C05EC49B9C5CA779633E8290F7C29BACFE434DBA3194","1150452"
"InteractivAgents\InteractiveAgents2\Assets\GeneratedModels 1\interactive_terminal_benefits2_terminal_b13cdd69fdb64df1889418edfbe6689f.glb.meta","925D4E435CE78ADA0458C083F960B13C6EBA55D1279FC4B3153BE84C8E870D1F","720"
"InteractivAgents\InteractiveAgents2\Assets\GeneratedModels 1\kiosk_application_application_kiosk_a2e1b51df3684a818c67c55ab2a8b75c.glb","A59B902086CA9AEEDCB66925771581F0DA327EEE61D34B0D5A83DCBC94FEEB33","1109056"
"InteractivAgents\InteractiveAgents2\Assets\GeneratedModels 1\kiosk_application_application_kiosk_a2e1b51df3684a818c67c55ab2a8b75c.glb.meta","40373B508A9C80282CCF2582F9989F9229182E84AD0A30BEB37758711359B486","720"
"InteractivAgents\InteractiveAgents2\Assets\GeneratedModels 1\kiosk_career_info_info_kiosk_2a0f54a8f9954ebdbd47ce3bdd06a72a.glb","1D5A42E7319CE91E6DF6F9210F25EEB7D6098285F62C044D189725B5DFC1EB21","1255516"
"InteractivAgents\InteractiveAgents2\Assets\GeneratedModels 1\kiosk_career_info_info_kiosk_2a0f54a8f9954ebdbd47ce3bdd06a72a.glb.meta","599CAE736B4CE9A1B710F8C2A89E6253D082E507E2E2189AE221D3E63FBE5069","720"
"InteractivAgents\InteractiveAgents2\Assets\GeneratedModels 1\kiosk_demo3_kiosk_3bd04e2971004c2aabc4eb32441c3479.glb","132DF03748DA65A8D9076C3FE87E7142730A6201C433F45A10C25408DCB58CF9","1213316"
"InteractivAgents\InteractiveAgents2\Assets\GeneratedModels 1\kiosk_demo3_kiosk_3bd04e2971004c2aabc4eb32441c3479.glb.meta","FBA4728CA8BFC5CDC77D486EBB121032C95864C46FC4442FEF75A22982AD9364","720"
"InteractivAgents\InteractiveAgents2\Assets\GeneratedModels 1\kiosk_reception_kiosk_0177bc2906b04959959883c10d6086b1.glb","1192861E6549C8D0BBA9C3796778099611D8FB3C4B89D4DEAE1BD3957ACDC8D0","1203580"
"InteractivAgents\InteractiveAgents2\Assets\GeneratedModels 1\kiosk_reception_kiosk_0177bc2906b04959959883c10d6086b1.glb.meta","ED490B08BA477516164110F8A19A9C7DB8691F439D601C68A065026AC38671D3","720"
"InteractivAgents\InteractiveAgents2\Assets\GeneratedModels 1\kiosk4_kiosk_73b7c44e359a4f8a95fd582ce17d014b.glb","995DE2092B8E5FE4863B1C5ED0E1D22559F50250C4017EFA96BBBD4043C960CF","1077284"
"InteractivAgents\InteractiveAgents2\Assets\GeneratedModels 1\kiosk4_kiosk_73b7c44e359a4f8a95fd582ce17d014b.glb.meta","71ED87AEDAC7903738A8DD2E4426F02329110C431ED3A557433F019D3EE1D7A2","720"
"InteractivAgents\InteractiveAgents2\Assets\GeneratedModels 1\led_light_strip_ceiling_strip_light_233b2624be6d4d2a9e4855ff5ed0f041.glb","01E6D8426E2F52977901B03DD485C3CBDAA30390C86C288808D47D8162AE251D","1141184"
"InteractivAgents\InteractiveAgents2\Assets\GeneratedModels 1\led_light_strip_ceiling_strip_light_233b2624be6d4d2a9e4855ff5ed0f041.glb.meta","A5923AE42455C56C045E4F1B5DA2A3B71EEFDDEA634034485D1DA8572EC9A6A0","720"
"InteractivAgents\InteractiveAgents2\Assets\GeneratedModels 1\light_center_light_fixture_2c70f608d37040c5982d7cbc828cafe2.glb","9C378AB0CC66EAC1ACE619F72210A91ABF9B7B5A610C45EAF5A4B79105C1522C","1328476"
"InteractivAgents\InteractiveAgents2\Assets\GeneratedModels 1\light_center_light_fixture_2c70f608d37040c5982d7cbc828cafe2.glb.meta","DDA28E7F0961022722884C413078258FBCC74C2DC25F4358E0748E0506454EC4","720"
"InteractivAgents\InteractiveAgents2\Assets\GeneratedModels 1\light_general_ceiling_light_grid_7ce9a28031a24fcb880b5bf5f76aedd8.glb","38C9244D233523357D0FA5D5839B064D4B920AEC50526F0698BBA1B12F35C5B7","1042468"
"InteractivAgents\InteractiveAgents2\Assets\GeneratedModels 1\light_general_ceiling_light_grid_7ce9a28031a24fcb880b5bf5f76aedd8.glb.meta","06D9F9E6E40955462CCD0085D27367F969D2525C9353AA07FDCB7A7ACDAE92DA","720"
"InteractivAgents\InteractiveAgents2\Assets\GeneratedModels 1\light_left_light_fixture_f3f91360eead44c4aa696170b1288f1d.glb","149B6D8B60F63AFD63EEFC7E4DD05132C1A4EA7965B6D3F36A7415DF1CB0D85F","1274760"
"InteractivAgents\InteractiveAgents2\Assets\GeneratedModels 1\light_left_light_fixture_f3f91360eead44c4aa696170b1288f1d.glb.meta","57C99C5B367FE3C9B15CA3777DFA215C527BCFF372EF16D2B49B313AB0406AF7","720"
"InteractivAgents\InteractiveAgents2\Assets\GeneratedModels 1\light_right_light_fixture_b67a607b097744bbaf9e202e09b1f792.glb","0AAC3B36DBBB1D395A5E70EC56EC10E723D021C45B61120C9807BA9BE1FB969F","1245960"
"InteractivAgents\InteractiveAgents2\Assets\GeneratedModels 1\light_right_light_fixture_b67a607b097744bbaf9e202e09b1f792.glb.meta","10A24DACD8A88265642BAF1E71417F4A77443137AEBFF5FD8DD1063524964A6C","720"
"InteractivAgents\InteractiveAgents2\Assets\GeneratedModels 1\lighting_fixture6_ceiling_light_1aba25b0354c495fa369a6f7102feb14.glb","A715DDCFE11CE10D81519DB13FC9A7BD468D15118A6AF441EBD1203E70CD1A4D","1905256"
"InteractivAgents\InteractiveAgents2\Assets\GeneratedModels 1\lighting_fixture6_ceiling_light_1aba25b0354c495fa369a6f7102feb14.glb.meta","6BB91329D91A17100E579F5885E6FFDD80FE87F70D18D9168CB9D7E2A720D5B8","720"
"InteractivAgents\InteractiveAgents2\Assets\GeneratedModels 1\lounge_seating_sofa_253fd26dbed34d54a9ad6a3e91f84388.glb","6CE65A103ABB0DD7DBB525D7463EB98A6BB19EDCC198B6A2EC7C3E131776217E","1345616"
"InteractivAgents\InteractiveAgents2\Assets\GeneratedModels 1\lounge_seating_sofa_253fd26dbed34d54a9ad6a3e91f84388.glb.meta","A7E37071325B8B24BB5C57DE7F64EC7271CE1E5B152DEBBCBEEC49FD73A2911A","720"
"InteractivAgents\InteractiveAgents2\Assets\GeneratedModels 1\lounge_table_lounge_table_53e924eb2d4f46fab5e743c09e9438e8.glb","D5731F6F7CE5F548700B778378790F86C59EDD77A1F0A54D5B91BA9E9E191F06","1241120"
"InteractivAgents\InteractiveAgents2\Assets\GeneratedModels 1\lounge_table_lounge_table_53e924eb2d4f46fab5e743c09e9438e8.glb.meta","37692C232713C34517AC9858916A5CF3FBAD733DA7790BA85A615290D4924261","720"
"InteractivAgents\InteractiveAgents2\Assets\GeneratedModels 1\lounge_table_lounge_table_6547729ec185449faae24d036f4d5b69.glb","410E4A1E5AC0F8630C54477B3F8F3C5E5BDACE11B9C5DE57F82F0CBABF3E2932","1268900"
"InteractivAgents\InteractiveAgents2\Assets\GeneratedModels 1\lounge_table_lounge_table_6547729ec185449faae24d036f4d5b69.glb.meta","F438605CB01CFFEC5D62CE73DE60AAED6EAB5B0464B1EB472CFDBC18F086B1DA","720"
"InteractivAgents\InteractiveAgents2\Assets\GeneratedModels 1\machine_filling_filling_machine_4f02f2501c504ef0832a7e6fe039532b.glb","B663EC5272C62FCF0A23F0037AF736F9F1F8D86B5D0392C6322E86AB0AAB7893","1628892"
"InteractivAgents\InteractiveAgents2\Assets\GeneratedModels 1\machine_filling_filling_machine_4f02f2501c504ef0832a7e6fe039532b.glb.meta","3126BBE8DE6E99E2DD91A1D4FF60A27805D6DD1BD05380B3F90087BD444754E9","720"
"InteractivAgents\InteractiveAgents2\Assets\GeneratedModels 1\machine_heating_heating_unit_7c7d72efc93641928e4739c30667ea8b.glb","A65A8CA2E035957C028F4DA3A11891656E9802D21E5A6E693AF74374DED9DE92","1448864"
"InteractivAgents\InteractiveAgents2\Assets\GeneratedModels 1\machine_heating_heating_unit_7c7d72efc93641928e4739c30667ea8b.glb.meta","F729AE9E24FC7F2723AC096ECF1A6937832C5925D7DFDAAD28AFB9946F152CDF","720"
"InteractivAgents\InteractiveAgents2\Assets\GeneratedModels 1\machine_mixing_industrial_mixer_54caddfad6654b4d9d84bb00b4983440.glb","E98C314BFDE737E75FDD0C3262906A50510AF0165273DB2B5E7E5012D56C5571","1938196"
"InteractivAgents\InteractiveAgents2\Assets\GeneratedModels 1\machine_mixing_industrial_mixer_54caddfad6654b4d9d84bb00b4983440.glb.meta","D30144FFF9C75BD2B91BA2974E07348BE665484890934AA93A98EEA297A65E3C","720"
"InteractivAgents\InteractiveAgents2\Assets\GeneratedModels 1\machine_model2_machine_896173b450f34b6a9093973079cc357e.glb","1259C8757473FD306857A2EDF3028A8B7CCA969A97556B2E819DD4E21D96A7F9","1963264"
"InteractivAgents\InteractiveAgents2\Assets\GeneratedModels 1\machine_model2_machine_896173b450f34b6a9093973079cc357e.glb.meta","91FC4E65D94445490F134F51F09A4513DC3076F48E776108BD8429AFA8B039C9","720"
"InteractivAgents\InteractiveAgents2\Assets\GeneratedModels 1\medieval_chandelier_chandelier_0aa95d1559f34b1ba31129e64dc182f3.glb","C48F29BF8ECDAA3EFDD50C4F34B4049D992CE0057AE8C15FECA514A5B4C510D3","1697784"
"InteractivAgents\InteractiveAgents2\Assets\GeneratedModels 1\medieval_chandelier_chandelier_0aa95d1559f34b1ba31129e64dc182f3.glb.meta","64024A86A4DC0AF35B55FE47E2F50832561B9DB95CC0983EBDC5FAEACE805004","720"
"InteractivAgents\InteractiveAgents2\Assets\GeneratedModels 1\medieval_fireplace_fireplace_2cd34ab85617419da536ce1600001937.glb","4F9CDE08C3E3615C41A9E8A39F4F047F7F6176E6161619866CB546079C0EF020","1875720"
"InteractivAgents\InteractiveAgents2\Assets\GeneratedModels 1\medieval_fireplace_fireplace_2cd34ab85617419da536ce1600001937.glb.meta","ABF52ACA578EBE234EC9C878EF4391E1239DB2231A15E9EC72262AD91DBED92F","720"
"InteractivAgents\InteractiveAgents2\Assets\GeneratedModels 1\medieval_rug_rug_f22df3ff3ca1407faeb947f09e856fcb.glb","36C1F79361BD11ED25A13179023211F42C4D6E347C2177115F74D33A7B9DF1DF","1182344"
"InteractivAgents\InteractiveAgents2\Assets\GeneratedModels 1\medieval_rug_rug_f22df3ff3ca1407faeb947f09e856fcb.glb.meta","BA4CB7BF226E3EF4072AA7BB4A16AB79AB36B613239D47DA5094BEDAC812EA48","720"
"InteractivAgents\InteractiveAgents2\Assets\GeneratedModels 1\medieval_sofa_sofa_febb8f14d3de45be9912d0c41a9a42ce.glb","95402703F1549D213B7478EFACAAF7328B0815B73818B5DA574977D43365D3E3","1470520"
"InteractivAgents\InteractiveAgents2\Assets\GeneratedModels 1\medieval_sofa_sofa_febb8f14d3de45be9912d0c41a9a42ce.glb.meta","C2AFE888CDCE7DB5A027529EC7F9E1F9F1D984CC06D35139CFCB36110321B52C","720"
"InteractivAgents\InteractiveAgents2\Assets\GeneratedModels 1\medieval_torch4_torch_0a956f683b97458788d1814c9bde02cc.glb","7244FCD1096966830E23267006D03604E040B64D64544C25CEBBFCEC628FF7DB","1370360"
"InteractivAgents\InteractiveAgents2\Assets\GeneratedModels 1\medieval_torch4_torch_0a956f683b97458788d1814c9bde02cc.glb.meta","9B0892B1E4BBFA9366B951DC67871BA1D67A0F267D38992278A682163B8D7E35","720"
"InteractivAgents\InteractiveAgents2\Assets\GeneratedModels 1\meeting_pod3_meeting_pod_10a5900c9e144ba094f8d6b7bdbf0593.glb","14B45F1DA9D6AAE5AFE6E038F6E332C2ECAE01184E74787EAAE7CD1AC5F6C797","3069952"
"InteractivAgents\InteractiveAgents2\Assets\GeneratedModels 1\meeting_pod3_meeting_pod_10a5900c9e144ba094f8d6b7bdbf0593.glb.meta","A8708724C10A65A4C51E27D4C8E2B633CC5A8C63B7169A2D3A7DAD6B14860B3B","720"
"InteractivAgents\InteractiveAgents2\Assets\GeneratedModels 1\meeting_pod3_meeting_pod_c5e1fb77dd3547819185d7394d95effe.glb","5CFE3451D7CF45BB0E7357498B1A45AB2ED0A25D184EE219D117030C39E84637","2906380"
"InteractivAgents\InteractiveAgents2\Assets\GeneratedModels 1\meeting_pod3_meeting_pod_c5e1fb77dd3547819185d7394d95effe.glb.meta","F59AEA483E1D4B5607780695DF9959FF810B46C1720E5C5503D276B82D9ACB65","720"
"InteractivAgents\InteractiveAgents2\Assets\GeneratedModels 1\merry_go_round_merry_go_round_1740c5c468944d2bb435d8e000ddc0ce.glb","1D50C42E011986067B8793C06888C706341FF1ACFF28E3584142E5C051618EA1","1575652"
"InteractivAgents\InteractiveAgents2\Assets\GeneratedModels 1\merry_go_round_merry_go_round_1740c5c468944d2bb435d8e000ddc0ce.glb.meta","829E74C0F4351A948D0CDAC6FEF51247C4085579EF2E3EE970B858C9F80ED6B3","720"
"InteractivAgents\InteractiveAgents2\Assets\GeneratedModels 1\mural_mural_3729c2cc575c43a98792ac448b58e5bb.glb","DB85FF0A1E9A1D70BD8C8E1217B91F0613E0517F5E49D32DC4213FA30A61A5BA","1465740"
"InteractivAgents\InteractiveAgents2\Assets\GeneratedModels 1\mural_mural_3729c2cc575c43a98792ac448b58e5bb.glb.meta","93A74C040B39868C1C32754B013CB323C2B9B1A6727BFAF42696B16118B66A71","720"
"InteractivAgents\InteractiveAgents2\Assets\GeneratedModels 1\old_map1_map_ec58bdb6930d430abbab2a73b3b36e4a.glb","4B021EF4E53D8C9570C3C567FB1010C7E58457317EC8220C81F0A8421264A05E","1601908"
"InteractivAgents\InteractiveAgents2\Assets\GeneratedModels 1\old_map1_map_ec58bdb6930d430abbab2a73b3b36e4a.glb.meta","D2BA1814AB785F37193BEADB6C9B72F68D4FDD2D82F4DF5BB223149A0E3B7409","720"
"InteractivAgents\InteractiveAgents2\Assets\GeneratedModels 1\orientation_point2_orientation_point_54fe7b8cd5054b70ad18a8415a629a4f.glb","297F5494BD15628C23B35838E090C8813215DD862A683F713EA871D09D640990","1029748"
"InteractivAgents\InteractiveAgents2\Assets\GeneratedModels 1\orientation_point2_orientation_point_54fe7b8cd5054b70ad18a8415a629a4f.glb.meta","2057ECC1309F4166EBD5B63C42FB7550B552E444EEA995026702CE1FD36D311F","720"
"InteractivAgents\InteractiveAgents2\Assets\GeneratedModels 1\overhead_light_fixture2_ceiling_light_9b6a994ead3a4b86b05c573d157e251f.glb","65D8FC1A9DE0692C5919DA3FA828B802C2DFB3B7CEB37E3F76C749E91D52F117","1431960"
"InteractivAgents\InteractiveAgents2\Assets\GeneratedModels 1\overhead_light_fixture2_ceiling_light_9b6a994ead3a4b86b05c573d157e251f.glb.meta","21BC3A4B34B325A212B2EB0D5D97DD8C7645F7B50CBAB2B245D1716041E7B8BC","720"
"InteractivAgents\InteractiveAgents2\Assets\GeneratedModels 1\panel_back_panel_336fada8a7aa4f96ad0f7020ae73a4bc.glb","931973663DE9DCBC34DC80C0A6BB2CCC5A46FA20A6AA11E1DFC4FA8D08054D7B","2698668"
"InteractivAgents\InteractiveAgents2\Assets\GeneratedModels 1\panel_back_panel_336fada8a7aa4f96ad0f7020ae73a4bc.glb.meta","7F3DDDCB3B224E29BFD79E582C4C101A317ABDBD376AAA5D7D349454CA69D10E","720"
"InteractivAgents\InteractiveAgents2\Assets\GeneratedModels 1\panel_left_panel_8ac05d880b3e476d8bc971cff485b026.glb","BC66393F93B6683709191B428B4648B289B4859E1E7621E55E7C59F0796E7155","1544372"
"InteractivAgents\InteractiveAgents2\Assets\GeneratedModels 1\panel_left_panel_8ac05d880b3e476d8bc971cff485b026.glb.meta","BD11CA374284D730DDDEB269205138690ED5DD7B6C9A9BD11F8EA9F939D7A176","720"
"InteractivAgents\InteractiveAgents2\Assets\GeneratedModels 1\panel_right_panel_ca163a6a40fb48ba88956ed7bb82449a.glb","4D1DA7B384CAB589D38A2B4F36ED787F5B1736C3C87FECBCB655949F731061E7","1892052"
"InteractivAgents\InteractiveAgents2\Assets\GeneratedModels 1\panel_right_panel_ca163a6a40fb48ba88956ed7bb82449a.glb.meta","49D4BB013DCD90639C2FD9E97F2F0B7627891BD0F3BB99BFF8ACC9C7335EFA94","720"
"InteractivAgents\InteractiveAgents2\Assets\GeneratedModels 1\picture2_picture_027bbc07ddaa4fc393db768f02b9d66a.glb","BD47F7E03A58E6B2E77789A83803FAC0E505A6965688D53632BDA4686D9A0478","1301788"
"InteractivAgents\InteractiveAgents2\Assets\GeneratedModels 1\picture2_picture_027bbc07ddaa4fc393db768f02b9d66a.glb.meta","3959C2E5767D96F3A1A494466DFD4AE13B56B7CAD68ABCCA3AE0C826122F9424","720"
"InteractivAgents\InteractiveAgents2\Assets\GeneratedModels 1\plant1_plant_3c129cd23b76496bb67432edfe33e5d5.glb","32B1ABB2AC499238CBAB4A04813590F4E9AAE15239EE4FF2129BBC5DFDB98C99","2893324"
"InteractivAgents\InteractiveAgents2\Assets\GeneratedModels 1\plant1_plant_3c129cd23b76496bb67432edfe33e5d5.glb.meta","06E565F8C6255401DFCDA4233638427E23EAB3BCDA076FCF84544188658696AA","720"
"InteractivAgents\InteractiveAgents2\Assets\GeneratedModels 1\plant2_plant_5dae0e40c8b44cfabcfa833604543f5f.glb","30290BFD4AB6537859BA31A52DFAF846E11167C847404ABD2F99212282AFB6DA","2831804"
"InteractivAgents\InteractiveAgents2\Assets\GeneratedModels 1\plant2_plant_5dae0e40c8b44cfabcfa833604543f5f.glb.meta","2E0416E8F0E106B3EFD7586A45703F23A12CCDAB2B80C0CB9575DB4F1077FC7D","720"
"InteractivAgents\InteractiveAgents2\Assets\GeneratedModels 1\plant2_plant_601e226c1bb54658ab94f89299a901b4.glb","4CB32288DAC44DCC1B0517974F24B829CE9D5DA32B107CF42F5BB092FCC70629","2608860"
"InteractivAgents\InteractiveAgents2\Assets\GeneratedModels 1\plant2_plant_601e226c1bb54658ab94f89299a901b4.glb.meta","8FAC3F089850E7B76C8CEBB07D2AF49D0D45E01467DC3BE8EB13488B8A4A4214","720"
"InteractivAgents\InteractiveAgents2\Assets\GeneratedModels 1\plant3_plant_df621fccceec45038bf2dcd823baaa53.glb","CBD67ADE4A5E22EFBC47A224C061E2BFFD097CB29C8C1C833DE1B4A96B789FEE","2805188"
"InteractivAgents\InteractiveAgents2\Assets\GeneratedModels 1\plant3_plant_df621fccceec45038bf2dcd823baaa53.glb.meta","8F72F61A57868DC5ED867DA45A9CC100285A9F4012CE63221402BBBC97EDBD15","720"
"InteractivAgents\InteractiveAgents2\Assets\GeneratedModels 1\plant4_plant_139692eae6814e8eae2118cb55f9bbf5.glb","71085E1EF2F06BA0E3461CCFD15C94C0697FD063DC098593DAF914A831E4531C","2719928"
"InteractivAgents\InteractiveAgents2\Assets\GeneratedModels 1\plant4_plant_139692eae6814e8eae2118cb55f9bbf5.glb.meta","BD4E6F51B3BEC1E1C94D15DDDC6F12C5E3C3E750799C98966315A9F5895DFE01","720"
"InteractivAgents\InteractiveAgents2\Assets\GeneratedModels 1\plant5_plant_5cf96061ce1f42f0aa494f0f3f0a661d.glb","2DB74FE4A15EFE3303AFAFC0F6C7C79282EFB1A4E1E1912B49DBA562DCEA2FE0","2887856"
"InteractivAgents\InteractiveAgents2\Assets\GeneratedModels 1\plant5_plant_5cf96061ce1f42f0aa494f0f3f0a661d.glb.meta","80EE3DD18B3E0461087B281583F15102F78D5325DB52313CB712D2C43E751D24","720"
"InteractivAgents\InteractiveAgents2\Assets\GeneratedModels 1\playground_floor_floor_f954f2470042487bbca91c57e89c64e6.glb","7281619D52F7B08FAAF2565B77E1434F0862A0ADD078BDBB5F1BC1728035F3C3","1275212"
"InteractivAgents\InteractiveAgents2\Assets\GeneratedModels 1\playground_floor_floor_f954f2470042487bbca91c57e89c64e6.glb.meta","9CA492B1CC34EC551285B9A339E86BE159E21270CC28B20C11C4C556B10DB7D9","720"
"InteractivAgents\InteractiveAgents2\Assets\GeneratedModels 1\podium_podium_b140dc789c194ecaaeb8f9e075d7cd5e.glb","7E6F44AF5C360C29D6039A92BD45338111D8AF75E82A1C92862F49A07578AEED","1505068"
"InteractivAgents\InteractiveAgents2\Assets\GeneratedModels 1\podium_podium_b140dc789c194ecaaeb8f9e075d7cd5e.glb.meta","8FDC099485742A3A5F1E33A0FFAF40792EF0FBC559628188EB7484C9D8EB01D8","720"
"InteractivAgents\InteractiveAgents2\Assets\GeneratedModels 1\poster_recruiting2_poster_5d4de77a3ede40fca805cc445920adb8.glb","714BD0DEFE772BBA3C386ED6EA6AD9D8187AB1E8E113DE82476CF3657269F815","1198796"
"InteractivAgents\InteractiveAgents2\Assets\GeneratedModels 1\poster_recruiting2_poster_5d4de77a3ede40fca805cc445920adb8.glb.meta","0A677690DA1956A5ED33244C9F5D047010A599BC616FA2F54CE005ADA1F76E9B","720"
"InteractivAgents\InteractiveAgents2\Assets\GeneratedModels 1\poster2_poster_aef96355c0764ccfb9ed7597f78b0fe9.glb","024D124E61787CDA1649554669A0C61D5BA18574FA3EF0C3E8841411DFCEDD74","1291708"
"InteractivAgents\InteractiveAgents2\Assets\GeneratedModels 1\poster2_poster_aef96355c0764ccfb9ed7597f78b0fe9.glb.meta","1387412A48A0122FDFEBCA54312BEB3567E64B126B65B0A3F79858128E4C871A","720"
"InteractivAgents\InteractiveAgents2\Assets\GeneratedModels 1\potted_plant1_plant_916690f069414e57b0ead93b39e4f047.glb","B33E085F42547287565CEA6B6E2FB10AD6EE17AB42FBF3539829A594C21FBE6F","2183212"
"InteractivAgents\InteractiveAgents2\Assets\GeneratedModels 1\potted_plant1_plant_916690f069414e57b0ead93b39e4f047.glb.meta","A456E3972F51D2F1E32AF5D0533255A64065F8AD9B30CF6620F0D313323E6BFD","720"
"InteractivAgents\InteractiveAgents2\Assets\GeneratedModels 1\potted_plant1_plant_pot_1fdca5d568734f4db27137135a084c1f.glb","FDA7D02829E2E1337A3477901DC25777050A1272881586275BD974C98A964ED7","1920352"
"InteractivAgents\InteractiveAgents2\Assets\GeneratedModels 1\potted_plant1_plant_pot_1fdca5d568734f4db27137135a084c1f.glb.meta","5F97EDB6BFCE0539CBD23FF8A42EA1B9766E8DC906BDF249AD0F4A987E8A0413","720"
"InteractivAgents\InteractiveAgents2\Assets\GeneratedModels 1\potted_plant2_plant_pot_64c564b0b564422780479b382a5accee.glb","8128675A95B24731DCCB41444314C2DC76BC228B6AD15839D28C8968D3B6BBA2","2270940"
"InteractivAgents\InteractiveAgents2\Assets\GeneratedModels 1\potted_plant2_plant_pot_64c564b0b564422780479b382a5accee.glb.meta","9D1D24A817945054116E3DD423E7E6E8E7D245BDA7A36D9E0B088956B12137D2","720"
"InteractivAgents\InteractiveAgents2\Assets\GeneratedModels 1\PottedPlant_plant_b7eb6efb813d4636a591c842d49b1aa1.glb","E09D8096949A20EED247F351D6CA3A49CCCE60557F0257F0B47617D043BB1C5B","2723116"
"InteractivAgents\InteractiveAgents2\Assets\GeneratedModels 1\PottedPlant_plant_b7eb6efb813d4636a591c842d49b1aa1.glb.meta","35BCF19FB277DAD6DF6F73D7FD9233056BC8F426A904D178AB3DBF54210FABF5","720"
"InteractivAgents\InteractiveAgents2\Assets\GeneratedModels 1\prehistoric_plant6_plant_87b7758421e84362b266fdd2b88c9600.glb","6AD3F0B9A498D8BBF7BFE9619AEE2E3D64BB0193CF515FCF68AAFB8E7B040933","1483376"
"InteractivAgents\InteractiveAgents2\Assets\GeneratedModels 1\prehistoric_plant6_plant_87b7758421e84362b266fdd2b88c9600.glb.meta","514ABC7BBF688DC024BC7675463FF8D324B4786A7072714CC89A39DA09F8552F","720"
"InteractivAgents\InteractiveAgents2\Assets\GeneratedModels 1\presentation_area_platform_9827ad527c8b480c9a652a48674b09e1.glb","2AD4C0E121EB60EB49525093710B722751EF0049A4B0C0A2F306D8335C19D8E7","1139020"
"InteractivAgents\InteractiveAgents2\Assets\GeneratedModels 1\presentation_area_platform_9827ad527c8b480c9a652a48674b09e1.glb.meta","D5C776C85B826A47034487769901DF61A472F9A694D491777FC3E912BEBAE695","720"
"InteractivAgents\InteractiveAgents2\Assets\GeneratedModels 1\presentation_screen_screen_788a819156524926a53f9af9bef8611a.glb","667D89BBD99A50EE4E6E9BE2D471C7383DA1C1115F2E35D92F52653CE1112713","1976212"
"InteractivAgents\InteractiveAgents2\Assets\GeneratedModels 1\presentation_screen_screen_788a819156524926a53f9af9bef8611a.glb.meta","29DD156CC39E64089DFE4250E3E553FA7D33C565BED6B94D3BA49B967AF8DF1C","720"
"InteractivAgents\InteractiveAgents2\Assets\GeneratedModels 1\presentation_screen_screen_89b64d0b3d47484db6448924adebdabb.glb","DBF1BE9E0489380AD0D087564D6C573D751044648B3D256B0C01A73C2EB47C14","1099416"
"InteractivAgents\InteractiveAgents2\Assets\GeneratedModels 1\presentation_screen_screen_89b64d0b3d47484db6448924adebdabb.glb.meta","03146C292E8C75FF0A47D1A400E28A8066B46133ADD258800CE59AEE233ED890","720"
"InteractivAgents\InteractiveAgents2\Assets\GeneratedModels 1\presentation_screen_screen_a4c6c703d54c425f93310178f42fc24f.glb","8D10BDF8066286A8E4F30585C13DA0B3326F0E7444023A3C925B9C3069D3A2E8","1197976"
"InteractivAgents\InteractiveAgents2\Assets\GeneratedModels 1\presentation_screen_screen_a4c6c703d54c425f93310178f42fc24f.glb.meta","EB430B0C2921AD3270E0F6DA105D21AE76D326015792BE0AE052FD810D1F0B8B","720"
"InteractivAgents\InteractiveAgents2\Assets\GeneratedModels 1\process_step_module_2_process_module_79030fee990b4f9e8975cc543e08b26f.glb","AB7DCCCE7D48EF3A85097D506DBC10C7ED4798FA79D7A4C7671BA10174397D4A","1379612"
"InteractivAgents\InteractiveAgents2\Assets\GeneratedModels 1\process_step_module_2_process_module_79030fee990b4f9e8975cc543e08b26f.glb.meta","93436796D242CAE92BCD218ABD0864265F5436AB9CB3C0BC8137BED2B46334B6","720"
"InteractivAgents\InteractiveAgents2\Assets\GeneratedModels 1\product_developer_station_workstation_fa4d6da58a4e49bd91912198c885ec5e.glb","3EDD50EDD4327967F5E9E8C5E5AF4E217014421B167D98FFD012E1E2A09CC004","1738436"
"InteractivAgents\InteractiveAgents2\Assets\GeneratedModels 1\product_developer_station_workstation_fa4d6da58a4e49bd91912198c885ec5e.glb.meta","E6D70E7152DDDC988B1BD19F0D395411C5ACC33911E43C74D3A85E673299C44A","720"
"InteractivAgents\InteractiveAgents2\Assets\GeneratedModels 1\product_island4_display_island_6bbf172f9a7646729d70a3e01540811d.glb","86DB7920A4531BA47EA598A757F937AFC728752188EA80EDC1337580953A2894","1219200"
"InteractivAgents\InteractiveAgents2\Assets\GeneratedModels 1\product_island4_display_island_6bbf172f9a7646729d70a3e01540811d.glb.meta","E3CD21A0638B3E8CCB5AA9FCC609BAB924686296E037066CAECA2F5091124A95","720"
"InteractivAgents\InteractiveAgents2\Assets\GeneratedModels 1\product_pedestal6_product_pedestal_1c4f0c69620a4586b519a2dac68ade9b.glb","9D19B340922F310383E17340177F86D7D695EDDA00F52A9B39E00A12898A7323","1217424"
"InteractivAgents\InteractiveAgents2\Assets\GeneratedModels 1\product_pedestal6_product_pedestal_1c4f0c69620a4586b519a2dac68ade9b.glb.meta","69688081B87BCEF5B2C34BD93DB514EBD52BDADA1CE2AEA9989776CDFD70CFFF","720"
"InteractivAgents\InteractiveAgents2\Assets\GeneratedModels 1\product_pedestal6_product_pedestal_30839f3eb6914c58a30d96071e53ea46.glb","F014A0E965C9C2896365C9893968F4FEE46EEE8334AD840260326539FAEFA1F3","1191288"
"InteractivAgents\InteractiveAgents2\Assets\GeneratedModels 1\product_pedestal6_product_pedestal_30839f3eb6914c58a30d96071e53ea46.glb.meta","1EA88F8C44C4EFB5E2591414026C8D4604766CB76EDDFE2583CAF68B2DD0C3CB","720"
"InteractivAgents\InteractiveAgents2\Assets\GeneratedModels 1\production_model2_production_model_09c8dbfcf6ee4db8bb01a72de24ce84e.glb","90815F9A00C24486913D2CEB14B2B677D7CD179EA1442BF683D2D56D145C9840","2279208"
"InteractivAgents\InteractiveAgents2\Assets\GeneratedModels 1\production_model2_production_model_09c8dbfcf6ee4db8bb01a72de24ce84e.glb.meta","515D1C410D1810522620B4F4BA84310FA42F3948679353A3EBAAECBC89B84CF4","720"
"InteractivAgents\InteractiveAgents2\Assets\GeneratedModels 1\production_model2_production_model_d6904db6f7674eb9acfe82b76ad8ac8b.glb","CCE3AB3BE9B02FB09E6E9A7870B9F96D0EAA5079DC3C7E60FD41DFBCB932BC7E","2161768"
"InteractivAgents\InteractiveAgents2\Assets\GeneratedModels 1\production_model2_production_model_d6904db6f7674eb9acfe82b76ad8ac8b.glb.meta","20A5CB6E7015FDA30D1CA9A7A1FE9F7D2583A84041DAF64BB833B80EEE4E0303","720"
"InteractivAgents\InteractiveAgents2\Assets\GeneratedModels 1\Projector_projector_89d2b08ede3f4bfaafe1aa387b224963.glb","357D49E12D66DD17AF6573B6BDF20ACC244AA5B4BF4584524D44BE3163B43176","1675924"
"InteractivAgents\InteractiveAgents2\Assets\GeneratedModels 1\Projector_projector_89d2b08ede3f4bfaafe1aa387b224963.glb.meta","3513C1C64D6560B860D481052C1D2777332579D9F490C9BE465F2E829C34EBA8","720"
"InteractivAgents\InteractiveAgents2\Assets\GeneratedModels 1\race_car_raceCar_32179cb8441c4ba3be68e9307cc7d0f3.glb","44BAFA19E21229C8BE18A8A0F53C1456061DCC1B888A0F63C4A2186F3D4CFBE5","1711936"
"InteractivAgents\InteractiveAgents2\Assets\GeneratedModels 1\race_car_raceCar_32179cb8441c4ba3be68e9307cc7d0f3.glb.meta","F2925F11D46ACCC8E63B32CCEFEEAE67330A808E56BA1C6FBB78D6FA455CD58C","720"
"InteractivAgents\InteractiveAgents2\Assets\GeneratedModels 1\reading_table_table_41b1ae26f8894bcea2a5ba5c3409c157.glb","2D3406A035F32BCAECEE82FA6950D484C2324354AA94A132A7B81BABF58B4C24","1416796"
"InteractivAgents\InteractiveAgents2\Assets\GeneratedModels 1\reading_table_table_41b1ae26f8894bcea2a5ba5c3409c157.glb.meta","9A6F86A8F1E3ED92D868CB6EA072DA008B2223BEC2495E49696F531D69F5DE98","720"
"InteractivAgents\InteractiveAgents2\Assets\GeneratedModels 1\reception_desk_reception_desk_e610987137e1449bb152d548d2c85417.glb","B24C38F73C8981C0D83DC9CB9646EFDDAC04759A2E6E8FFD85D8F4D924201C9A","1362868"
"InteractivAgents\InteractiveAgents2\Assets\GeneratedModels 1\reception_desk_reception_desk_e610987137e1449bb152d548d2c85417.glb.meta","D13788FBBFE3ACB2C6D07C6CD663ADD236DF8D9D8851DA6974A7407906E381AB","720"
"InteractivAgents\InteractiveAgents2\Assets\GeneratedModels 1\reception_desk_reception_desk_feddcf1ff3b24a88b98f1861637fb9bd.glb","D088508317793874DA178479CC5794CAC5250C97EF02620E28CB567FE30869A9","1309472"
"InteractivAgents\InteractiveAgents2\Assets\GeneratedModels 1\reception_desk_reception_desk_feddcf1ff3b24a88b98f1861637fb9bd.glb.meta","E6BE69B723B76572402D381524EEA591943F289B802D340E377B56BCF3847F2D","720"
"InteractivAgents\InteractiveAgents2\Assets\GeneratedModels 1\reception_pillar_pillar_da3f20c5cc5b43f4ada9fa3eabe22250.glb","FCDF7AF8A24E787F4F352D38AF51ACCD2F8E0368648869D81F815C42E98389E4","1184408"
"InteractivAgents\InteractiveAgents2\Assets\GeneratedModels 1\reception_pillar_pillar_da3f20c5cc5b43f4ada9fa3eabe22250.glb.meta","7A371DA49FE31CC639D480C2DF626709907B4FF8AB704399AE10F8394F59589D","720"
"InteractivAgents\InteractiveAgents2\Assets\GeneratedModels 1\reflective_badge_reflective_badge_27980d0042084e33962ba737e2af9500.glb","34E8A9B8EF211A622589D98E171ABC1B4B1E9514EDD43214FD3D8994C2454A9B","1670080"
"InteractivAgents\InteractiveAgents2\Assets\GeneratedModels 1\reflective_badge_reflective_badge_27980d0042084e33962ba737e2af9500.glb.meta","5F2C513DF869DA72D30D5976F742993445A32EFE871C0B4E41C4A9B480AB49C4","720"
"InteractivAgents\InteractiveAgents2\Assets\GeneratedModels 1\refreshment_counter_counter_1a7e0329f54a454db5db72a74a78e8d1.glb","68E256568EE1B85E6009C0548B215FD3F0CBF23EDAD1F670EC34DDC845D894F6","1874536"
"InteractivAgents\InteractiveAgents2\Assets\GeneratedModels 1\refreshment_counter_counter_1a7e0329f54a454db5db72a74a78e8d1.glb.meta","6E29ED6282BA487E82F9BEF05B714996579BF42AE28BDFA1F1142D7E3CF35BFF","720"
"InteractivAgents\InteractiveAgents2\Assets\GeneratedModels 1\refreshment_counter_counter_476c44e5aaeb48e1badc5eb316d6c16f.glb","086DEBEEF21E771FD9A41E6288E550B93DAEDA0F68CC62B2B928062E52BA8AD1","1420220"
"InteractivAgents\InteractiveAgents2\Assets\GeneratedModels 1\refreshment_counter_counter_476c44e5aaeb48e1badc5eb316d6c16f.glb.meta","F1497ACAD1AD2854152317F04F6CC4820AAE196F03818C70D1BD2103A1067DE3","720"
"InteractivAgents\InteractiveAgents2\Assets\GeneratedModels 1\refreshment_counter_counter_9145d84931444dccb4405a22788ca440.glb","667BCBA0DCB36880665FD41456200E2C299E1D0F98EBA671889142854C456516","3195856"
"InteractivAgents\InteractiveAgents2\Assets\GeneratedModels 1\refreshment_counter_counter_9145d84931444dccb4405a22788ca440.glb.meta","7FE0589F89EDB07928AB037DFF750BD987FB7DE1CBCF2E8EC82483C877F642A6","720"
"InteractivAgents\InteractiveAgents2\Assets\GeneratedModels 1\refreshment_counter_counter_931a32a3d3474e3c89226e8f44ecad9b.glb","DC508F3EC1C80F090176DE7794B0E3BC86ABA5A140F93BD7937D8E19F1F7E9CC","1711640"
"InteractivAgents\InteractiveAgents2\Assets\GeneratedModels 1\refreshment_counter_counter_931a32a3d3474e3c89226e8f44ecad9b.glb.meta","5CD09A1F80760750D32B7C2C6356C8EEDED61E5E3C6AD8168DD3DA18D190E550","720"
"InteractivAgents\InteractiveAgents2\Assets\GeneratedModels 1\refreshment_counter_counter_af754eee544d471c9d7289722494cab6.glb","60FBFCC12B9DC76EAA38B61FF1F4ACD2B5AE32F5976B5F3ED213EB3070C02D48","2517340"
"InteractivAgents\InteractiveAgents2\Assets\GeneratedModels 1\refreshment_counter_counter_af754eee544d471c9d7289722494cab6.glb.meta","204E1037DA4F3757C649EF61E79ADF446BEA8D53F017C428FC5250C056322CED","720"
"InteractivAgents\InteractiveAgents2\Assets\GeneratedModels 1\refrigerated_counter4_refrigerated_counter_3286d7d757cc4e7487893561c2183435.glb","066B9B0426F1C9E16C66D253E57415F1A7666A03642890E2AC83BE539F973626","2890492"
"InteractivAgents\InteractiveAgents2\Assets\GeneratedModels 1\refrigerated_counter4_refrigerated_counter_3286d7d757cc4e7487893561c2183435.glb.meta","14D8499DC47FA794B22A2B7F7FF2D8E4A708AC532F34829E2310F35093B22925","720"
"InteractivAgents\InteractiveAgents2\Assets\GeneratedModels 1\refrigerated_counter4_refrigerated_counter_49d1ce6b70ac46d6804f3acddbf1b509.glb","EB0729BBB3F72C974AEE9583116A7913EE4A63991FABBF8CDA5BE795AD447406","1900452"
"InteractivAgents\InteractiveAgents2\Assets\GeneratedModels 1\refrigerated_counter4_refrigerated_counter_49d1ce6b70ac46d6804f3acddbf1b509.glb.meta","3A8C8FE68140483C7364D794D1DEB94EF71654795A48AB642FDD081ECD069836","720"
"InteractivAgents\InteractiveAgents2\Assets\GeneratedModels 1\road_sign_speed_limit_road_sign_speed_limit_f9d5810ba2da461584a0af3c157679aa.glb","C6D04F42A31671348071662B82FB59CAE35F828AA60140C2EE16715BBFDECB95","1228624"
"InteractivAgents\InteractiveAgents2\Assets\GeneratedModels 1\road_sign_speed_limit_road_sign_speed_limit_f9d5810ba2da461584a0af3c157679aa.glb.meta","3298E898416B9723ABF02AA8E024206519897099DBCE7247081589B898E719EA","720"
"InteractivAgents\InteractiveAgents2\Assets\GeneratedModels 1\road_sign_stop_road_sign_stop_92f6fc3e731c4a60a9e35db12b3098c5.glb","2FAB4A7F427C27ABC9D5C27FAC943001EBA9EC46D7297237185D8699E5422F8D","1319672"
"InteractivAgents\InteractiveAgents2\Assets\GeneratedModels 1\road_sign_stop_road_sign_stop_92f6fc3e731c4a60a9e35db12b3098c5.glb.meta","492611E3B6BBB80D7598B2EBAEA77DA44E72D09F266EBA4EDCC9A1B016ADEE6E","720"
"InteractivAgents\InteractiveAgents2\Assets\GeneratedModels 1\road_sign_yield_road_sign_yield_46bd5d8d05364b3582543ceaacb18fdc.glb","2F2AEE046D0A2E68255A1D1A8A4E96EA45155E70ED2E1CF6776772156A38A0A8","1256312"
"InteractivAgents\InteractiveAgents2\Assets\GeneratedModels 1\road_sign_yield_road_sign_yield_46bd5d8d05364b3582543ceaacb18fdc.glb.meta","9DD8981D76C979B34E6E21CACE425A48B03F8FCDB62A923D6A597E196BCDE648","720"
"InteractivAgents\InteractiveAgents2\Assets\GeneratedModels 1\rollup_banner_left_banner_203a1555466e409dbdbc306bb1e5ffd4.glb","5403DDB9225AED773754C2DC40C89D085E809B849B93FB7991D157993647BFEC","1379968"
"InteractivAgents\InteractiveAgents2\Assets\GeneratedModels 1\rollup_banner_left_banner_203a1555466e409dbdbc306bb1e5ffd4.glb.meta","08559773F0F17A57F224845920F56F36D92A9A871F75EFBA4F6DAB7DC56B29C9","720"
"InteractivAgents\InteractiveAgents2\Assets\GeneratedModels 1\rollup_banner_right_banner_d85c045cf8ec4d6c9bb48e38a23447ba.glb","2DA00542DC1A139B111343A4A25C50489E7F9B9D139DB5DBC017CC942101B836","1170428"
"InteractivAgents\InteractiveAgents2\Assets\GeneratedModels 1\rollup_banner_right_banner_d85c045cf8ec4d6c9bb48e38a23447ba.glb.meta","BB78DDFE1F11563E1E9E536629AD897ADB224A395DE7D794D45657E048D5A920","720"
"InteractivAgents\InteractiveAgents2\Assets\GeneratedModels 1\room_wall_south_wall_3e543429f62548b0af12a9b88f04fe4f.glb","36B5065DF89E8A93BDAF45180DFEB9770C751D9FA720A2BDB130A279B3B18080","1137460"
"InteractivAgents\InteractiveAgents2\Assets\GeneratedModels 1\room_wall_south_wall_3e543429f62548b0af12a9b88f04fe4f.glb.meta","369253B8F4509DBF08BEB63E78161729B3F37E1EF843A610F055EE99AA39C0DC","720"
"InteractivAgents\InteractiveAgents2\Assets\GeneratedModels 1\room_wall_west_wall_7d34432bf175464eb1558cc8bea8f7bb.glb","0D12EF4913EAAEB358753B9F0468E4AF09F934546F8BF4BEDB0BFB835847D41F","1070780"
"InteractivAgents\InteractiveAgents2\Assets\GeneratedModels 1\room_wall_west_wall_7d34432bf175464eb1558cc8bea8f7bb.glb.meta","375051170BC96628676686CC4734C730CD8911D642C61460468EF5E7D5DE50DE","720"
"InteractivAgents\InteractiveAgents2\Assets\GeneratedModels 1\rug1_rug_fda2fe36c8ab440a82a3e478e898f138.glb","7007F9C5E761DAF27FDF5034510A84A4360CAF50CD75CEC50D03A73FF6461DA1","1175424"
"InteractivAgents\InteractiveAgents2\Assets\GeneratedModels 1\rug1_rug_fda2fe36c8ab440a82a3e478e898f138.glb.meta","4A4A49AA339B8A052264ADD34C6E9070201F04C40FEC065AA0DFD4A5954E2F3F","720"
"InteractivAgents\InteractiveAgents2\Assets\GeneratedModels 1\safety_sign5_safety_sign_514ebe4780fe46feb19e9272376a74e7.glb","8E78574217CB2D913E8882854460AE5E2BBAA1EB113189F3BD8C9E981F500D60","1611784"
"InteractivAgents\InteractiveAgents2\Assets\GeneratedModels 1\safety_sign5_safety_sign_514ebe4780fe46feb19e9272376a74e7.glb.meta","384CBA167EC43576A628E5375930C96B60DDDE3932806E6F2A79CC6C923656B7","720"
"InteractivAgents\InteractiveAgents2\Assets\GeneratedModels 1\sand_toy3_sand_toy_bc15d5657ef84a499bb673db72ba6cd8.glb","6D758FF1BA22D408D83C71A7953CA74E47A1C181B8D2785659B391439159C1F2","1605052"
"InteractivAgents\InteractiveAgents2\Assets\GeneratedModels 1\sand_toy3_sand_toy_bc15d5657ef84a499bb673db72ba6cd8.glb.meta","177626D3F54486D2FC0C9C9123A6CF696CBD6952B981427776AB94B7E88D9C9C","720"
"InteractivAgents\InteractiveAgents2\Assets\GeneratedModels 1\sandpit_sandpit_59f5271913fc4920821f837b9aba4714.glb","077E66BCA24CA210F45DC260A190784821273DBFB0A1E8BF984D1BA45B99DDB1","1651452"
"InteractivAgents\InteractiveAgents2\Assets\GeneratedModels 1\sandpit_sandpit_59f5271913fc4920821f837b9aba4714.glb.meta","15BD48DF38A056FEC5653B2D790DCEE79645278A8EB5CD41444886182AFB9275","720"
"InteractivAgents\InteractiveAgents2\Assets\GeneratedModels 1\screen_board_screen_44f60cb925b84a01a021e3458e9d9591.glb","2BD1519E4CF0BDE8785E06D01757F9E8BA4163E0E2B85EF8F69DE5AC23E57307","1345092"
"InteractivAgents\InteractiveAgents2\Assets\GeneratedModels 1\screen_board_screen_44f60cb925b84a01a021e3458e9d9591.glb.meta","615A17CB057A0D270711B3650F414F3D5D38BE8B57D3137B9323DBB6692F4E08","720"
"InteractivAgents\InteractiveAgents2\Assets\GeneratedModels 1\seating_cluster2_seating_cluster_3fe9772955ba4ffa8a517e7a0e266992.glb","01C7DE5F1126A92E3129A88896A8436B97C030228D15A72A3A51E89C8CB0AC82","1807560"
"InteractivAgents\InteractiveAgents2\Assets\GeneratedModels 1\seating_cluster2_seating_cluster_3fe9772955ba4ffa8a517e7a0e266992.glb.meta","157105061ADEBEC1506B13AF23F00C7AF3D92EDCA01E39667D6E09C21A3F0672","720"
"InteractivAgents\InteractiveAgents2\Assets\GeneratedModels 1\see_saw2_see_saw_4dab023567ff4f72a7a922beb9a524fd.glb","39DAAE71207B09ED8070ADDDF310BB633104686ECEDA685F958FF6ACE111C633","1134212"
"InteractivAgents\InteractiveAgents2\Assets\GeneratedModels 1\see_saw2_see_saw_4dab023567ff4f72a7a922beb9a524fd.glb.meta","CF2DFF3F35C1CC732322BE78040FB35B3284A07CF00CDDD76E408DE590F7B39C","720"
"InteractivAgents\InteractiveAgents2\Assets\GeneratedModels 1\sensory_box_scent_sensory_box_776d3523930b45caa54de7ebb24985e0.glb","60B280D1D99E50E6196C4E82AB0BC7B2353F90BF7E17A0FE94997EE4BD612611","1354920"
"InteractivAgents\InteractiveAgents2\Assets\GeneratedModels 1\sensory_box_scent_sensory_box_776d3523930b45caa54de7ebb24985e0.glb.meta","C54CE23C01A4D6ABA422F066AB005A3B08031302AF677FDAFEAD24EF44A36CC6","720"
"InteractivAgents\InteractiveAgents2\Assets\GeneratedModels 1\sensory_box_sound_sensory_box_638902988dcc407eaa9140ceb41012ce.glb","88143D151C71E96DE0AFD83D3719478055A499DFB9ED5F437A0FD0F304ABBF43","1560928"
"InteractivAgents\InteractiveAgents2\Assets\GeneratedModels 1\sensory_box_sound_sensory_box_638902988dcc407eaa9140ceb41012ce.glb.meta","97E7E4D57BBC358569E7982A1041CA185D7EE10EF16F5FDC462A1B25E8472BF3","720"
"InteractivAgents\InteractiveAgents2\Assets\GeneratedModels 1\sensory_box_visual_sensory_box_46fb0ba64eae45c19b79f0da48641aab.glb","EA5A43888B7C2252CDD68B6C39C2BE3B6A4841FDA7B8DB2BC9337E896EBC645C","1480564"
"InteractivAgents\InteractiveAgents2\Assets\GeneratedModels 1\sensory_box_visual_sensory_box_46fb0ba64eae45c19b79f0da48641aab.glb.meta","8325D69D3D2CE1CC947CD1E7E666604E6287F6AD0F4CFFB9787EE012DBAA720F","720"
"InteractivAgents\InteractiveAgents2\Assets\GeneratedModels 1\sensory_panel_sensory_panel_ee6682b9a86f43fe83616de84d984adf.glb","4026E57D8222767BE4DDF7152C1D132CFC81383F4A40793A5FBC30E73F03A09E","1582544"
"InteractivAgents\InteractiveAgents2\Assets\GeneratedModels 1\sensory_panel_sensory_panel_ee6682b9a86f43fe83616de84d984adf.glb.meta","D5DB441801309A3969D1D6E7C7F4ED41B08C3E830C48E8D225DD2F51C527E10C","720"
"InteractivAgents\InteractiveAgents2\Assets\GeneratedModels 1\serving_station_milk_serving_station_b88919e649dc48229331dd65fa058bc9.glb","A2810F6B0CDC923E919CA7A94A9453614656DEE1E8B4A49BE68704265E66D4BC","1689408"
"InteractivAgents\InteractiveAgents2\Assets\GeneratedModels 1\serving_station_milk_serving_station_b88919e649dc48229331dd65fa058bc9.glb.meta","F7E056DC1CF0281CB5A93E42CD05E0F39D816F2EEE930C1CC4CA7AEC36F47FD4","720"
"InteractivAgents\InteractiveAgents2\Assets\GeneratedModels 1\shelf2_shelf_683b34d6d70441ff9446357878eea130.glb","2EDCFE5F870DB9520BC5243911FA4553C1BA7A671D88159507C1C88D11BD0F29","1663908"
"InteractivAgents\InteractiveAgents2\Assets\GeneratedModels 1\shelf2_shelf_683b34d6d70441ff9446357878eea130.glb.meta","0C416D3E18FBE53DB1F90BD9540E3372F965A8CBFB70E690541FFF4568B71CF4","720"
"InteractivAgents\InteractiveAgents2\Assets\GeneratedModels 1\shield2_shield_5e394b276e3b4868be8b212a32c754b7.glb","8FB012E8298221E921110A4F69A322EFCC94405B92CB7D2467612A2394144ED0","1732560"
"InteractivAgents\InteractiveAgents2\Assets\GeneratedModels 1\shield2_shield_5e394b276e3b4868be8b212a32c754b7.glb.meta","C5EE54097B29C9ED034C35B292E6195CAA38C6C093CF6A6AA5CB46F56C90FD49","720"
"InteractivAgents\InteractiveAgents2\Assets\GeneratedModels 1\showcase_equipment_treadmill_treadmill_61ed73bad3904e94a05d17094f895e55.glb","9FAD1C41BF27A35483928337AE92FAA292E54F7014FB6DB23684A390690FE182","1318992"
"InteractivAgents\InteractiveAgents2\Assets\GeneratedModels 1\showcase_equipment_treadmill_treadmill_61ed73bad3904e94a05d17094f895e55.glb.meta","1ED4A19AE7134DA6C746F4786465CFEEBD81D6061FB7E00FB8FB27F8B7028F1D","720"
"InteractivAgents\InteractiveAgents2\Assets\GeneratedModels 1\showcase_equipment_weights_rack_weights_rack_52fb53ebce324a1986196c3fb2037a15.glb","1F5B4E794DC653834FFAC94BB489FA57AE8C098A9F7D98CFED015A780BB694CD","1838020"
"InteractivAgents\InteractiveAgents2\Assets\GeneratedModels 1\showcase_equipment_weights_rack_weights_rack_52fb53ebce324a1986196c3fb2037a15.glb.meta","EA00D8FB1453D1DEAD9B0911FE59E1219302A40F840D05D92A844C79B7CFDD80","720"
"InteractivAgents\InteractiveAgents2\Assets\GeneratedModels 1\side_table_side_table_9b823881c7e840408868cc25bef9ce64.glb","C18198C35189B4BC1325BAF09618BC590E9DF8663333A33C923600A7F75BF615","1922680"
"InteractivAgents\InteractiveAgents2\Assets\GeneratedModels 1\side_table_side_table_9b823881c7e840408868cc25bef9ce64.glb.meta","D24655D62214E223749B3F798B90B14A78D68E976D7052B7805CC418322B3FEA","720"
"InteractivAgents\InteractiveAgents2\Assets\GeneratedModels 1\side_table_small_side_table_bd75c7dcdc1646e4946993cd048017f2.glb","AAB50FE75363DE71590939A18906D8C0B32A7E574F9D92144D191FCFF88113CE","1576928"
"InteractivAgents\InteractiveAgents2\Assets\GeneratedModels 1\side_table_small_side_table_bd75c7dcdc1646e4946993cd048017f2.glb.meta","0A1970009C2BFD436D18B003492A30F919D14D4B369F494BFE992FA24EBAD1D8","720"
"InteractivAgents\InteractiveAgents2\Assets\GeneratedModels 1\side_wall2_wall_716f9715aecf42d6b7bd9affe98f45ed.glb","81337FD5410E79ED8E5DFC9EB14E63782E65FB415DC62B078BB0606193BE61BD","1514560"
"InteractivAgents\InteractiveAgents2\Assets\GeneratedModels 1\side_wall2_wall_716f9715aecf42d6b7bd9affe98f45ed.glb.meta","E472212B411F5C28F4159ED8772ECC713D81B45BF83D770503DCB227A5F85EF8","720"
"InteractivAgents\InteractiveAgents2\Assets\GeneratedModels 1\sideboard1_sideboard_a248de61beba46359f2672e43e5b27c4.glb","011E4F8628E75A8B31D45CE3113389EB120C4B4951BD0D1041A78E79F3A46270","1285176"
"InteractivAgents\InteractiveAgents2\Assets\GeneratedModels 1\sideboard1_sideboard_a248de61beba46359f2672e43e5b27c4.glb.meta","EA0E163BBDCEF09ECA4043AE49D9474329E638F21D591BDAB7A09F5995FD516A","720"
"InteractivAgents\InteractiveAgents2\Assets\GeneratedModels 1\signage_behavior_sign_ae18075150724776a721f5c9328f379f.glb","19860CE1B51B4A647DD582004FB44E6FA6D9F22A1CFBC00EB73C616F6E491FF4","1495320"
"InteractivAgents\InteractiveAgents2\Assets\GeneratedModels 1\signage_behavior_sign_ae18075150724776a721f5c9328f379f.glb.meta","5C650373AA5A33FA50E1AB5E90CE0F339F388CE9F329BA84878AC4B7BF619286","720"
"InteractivAgents\InteractiveAgents2\Assets\GeneratedModels 1\signage_bicycle_sign_ea8acf4cfa4f4faba87e9c785becbe26.glb","9A932BA18F462511AA5413EFD3C976923951B915D7D1C7672D9152307342ADEE","1698724"
"InteractivAgents\InteractiveAgents2\Assets\GeneratedModels 1\signage_bicycle_sign_ea8acf4cfa4f4faba87e9c785becbe26.glb.meta","FD6C96D086DD19E280489D90475B77A03E403F5278A95BF86C854C997FF377E2","720"
"InteractivAgents\InteractiveAgents2\Assets\GeneratedModels 1\signage_crossing_sign_b20562f3dd3244fcb7082935ee443105.glb","E190C761B452774BF939050E209E5576B689D20A818C46BAB32D801996FE1C36","1806672"
"InteractivAgents\InteractiveAgents2\Assets\GeneratedModels 1\signage_crossing_sign_b20562f3dd3244fcb7082935ee443105.glb.meta","BC987A3788E1FC1EB07015A54B29F9505FBF49FF687E6E6115641C78220FF12C","720"
"InteractivAgents\InteractiveAgents2\Assets\GeneratedModels 1\signage_signs_sign_8c555230e5404e0c95464c87837ad6b7.glb","616FF5CBBAEC1606FD6809E6BBCDCE90934BC40AC7D9959977415FCBFBDB1E71","1656024"
"InteractivAgents\InteractiveAgents2\Assets\GeneratedModels 1\signage_signs_sign_8c555230e5404e0c95464c87837ad6b7.glb.meta","BC199A6C68091CF10DD9CA664B8FC4FF9A4244C359D9A0E7ACF18A257C061FBE","720"
"InteractivAgents\InteractiveAgents2\Assets\GeneratedModels 1\signage_visibility_sign_fd8b1f5c1b4e4517b1ab4a513d672e43.glb","F6DBA94093BE88061C76CD8D96996FF70F916C742F5884C3DD2D136577734440","1706064"
"InteractivAgents\InteractiveAgents2\Assets\GeneratedModels 1\signage_visibility_sign_fd8b1f5c1b4e4517b1ab4a513d672e43.glb.meta","8A5C4E4A2F12CEBAE97F272BA50DA4980876EF1121FBF6C947EA0D5B9F55B890","720"
"InteractivAgents\InteractiveAgents2\Assets\GeneratedModels 1\sink1_sink_0a748eb9583446418341307f0c4ad58a.glb","B397FD94558260687287B569A36F4C11EA1CF5C254EE87AE31867D1EE39BFB91","1591952"
"InteractivAgents\InteractiveAgents2\Assets\GeneratedModels 1\sink1_sink_0a748eb9583446418341307f0c4ad58a.glb.meta","FEBA577064C59AC14A1FF659FA95B4B2E4D8FD9846C03C7E476FDCA2CCA87110","720"
"InteractivAgents\InteractiveAgents2\Assets\GeneratedModels 1\skull1_skull_e9d514fa0d6a4ad18b0c07c3498af92d.glb","4EED5717E7AFA7324B9760A2CB62EEB1C4BF1205CEF0BA1A4CD577CBD9B1821E","2001676"
"InteractivAgents\InteractiveAgents2\Assets\GeneratedModels 1\skull1_skull_e9d514fa0d6a4ad18b0c07c3498af92d.glb.meta","6B1CB954A04CFB776528E0E9137059B7F47323A0EE1DA2B718887BE3B4816770","720"
"InteractivAgents\InteractiveAgents2\Assets\GeneratedModels 1\slide2_slide_862623b977454e949308489d86eb59ba.glb","4F0F2611C8AD4699686D56CF93ECB75892D3E7F190D0059850018CEAE2A00896","1459196"
"InteractivAgents\InteractiveAgents2\Assets\GeneratedModels 1\slide2_slide_862623b977454e949308489d86eb59ba.glb.meta","51CBF504CBDD8AC7337A30B688AE38A6EAF7185212AA6AF1B2ACD148077B2577","720"
"InteractivAgents\InteractiveAgents2\Assets\GeneratedModels 1\sliding_glass_door1_door_e6da22d049264214a542cb1664d5c7a5.glb","637A45F47F9A66B2E3AF143E6705D38F7590341D83526EFFE66EE4AEC9530779","1369088"
"InteractivAgents\InteractiveAgents2\Assets\GeneratedModels 1\sliding_glass_door1_door_e6da22d049264214a542cb1664d5c7a5.glb.meta","2A2ACF60CC98B82ACA1D90323A9EF44664B6A172C9A0D60E68444A1C01B5B940","720"
"InteractivAgents\InteractiveAgents2\Assets\GeneratedModels 1\sofa_corner_section_sofa_corner_d8854db6708b42c6a5c70b3bd272ac8b.glb","42F0C7576E80E97B878A5A5C49F4E01523DF55E2291A32AEE61B856C6E785683","1826148"
"InteractivAgents\InteractiveAgents2\Assets\GeneratedModels 1\sofa_corner_section_sofa_corner_d8854db6708b42c6a5c70b3bd272ac8b.glb.meta","9A58792ABC3488FFCAA23134C44E2E0BBAE01D2157B3C719C039D9FD9B8BBB00","720"
"InteractivAgents\InteractiveAgents2\Assets\GeneratedModels 1\sofa_lounge_sofa_72fd86cbf3be44009d39be8f793de460.glb","66D9472C315455A624D95B48F929E9B8357D9ADB1353676036B85E11EE06EA6B","1231556"
"InteractivAgents\InteractiveAgents2\Assets\GeneratedModels 1\sofa_lounge_sofa_72fd86cbf3be44009d39be8f793de460.glb.meta","85AE96758FCCF05716CC0399BED009E991B66E3D91E6962F917F6C4F26BD18DA","720"
"InteractivAgents\InteractiveAgents2\Assets\GeneratedModels 1\sofa_straight_section1_sofa_straight_f5b70537f26944dd829edbd6036153fd.glb","0A973A24E0A7DE5BE137C707E4D41F1CAABD49269320566BDC82AB2812524240","1371704"
"InteractivAgents\InteractiveAgents2\Assets\GeneratedModels 1\sofa_straight_section1_sofa_straight_f5b70537f26944dd829edbd6036153fd.glb.meta","FEAE961303FB47FCCC9320853994BC497A517F3D6C7973DD7BDFAB208A49D735","720"
"InteractivAgents\InteractiveAgents2\Assets\GeneratedModels 1\sofa_straight_section2_sofa_straight_3138452bb1ac411b93579599591195dd.glb","DBF99CE499D21DFFE96AC2FDEDA4D2A618FDD7FDABF7FC403225D87AE7D34783","1431596"
"InteractivAgents\InteractiveAgents2\Assets\GeneratedModels 1\sofa_straight_section2_sofa_straight_3138452bb1ac411b93579599591195dd.glb.meta","2662B4E1427E70014DEF6634E39598452D309D122081DD6F2453614CEBDA1CFA","720"
"InteractivAgents\InteractiveAgents2\Assets\GeneratedModels 1\sofa1_sofa_a1c8272066b94de4a075d6f8998813c9.glb","21C4B052AE1EDB9620664C625A7226904767A948BA1B946E7EFD8A9DE184DB8B","1312436"
"InteractivAgents\InteractiveAgents2\Assets\GeneratedModels 1\sofa1_sofa_a1c8272066b94de4a075d6f8998813c9.glb.meta","139AF3398718A07A496AB5609DDA4FBEC69C782A9B50540279D95686E21B1261","720"
"InteractivAgents\InteractiveAgents2\Assets\GeneratedModels 1\sofa1_sofa_d92e6d8ac3c146d6bf6c179e47c82fac.glb","AC6E96167D6ECE5E17CEB73D1CAB5528122A69EC0DD2F0E4EE8F6CCA42EDDABB","1325460"
"InteractivAgents\InteractiveAgents2\Assets\GeneratedModels 1\sofa1_sofa_d92e6d8ac3c146d6bf6c179e47c82fac.glb.meta","133FFA6FB8D61091E162D2AF083028D9FAAE92841BB093A4785BF7AB55E155E9","720"
"InteractivAgents\InteractiveAgents2\Assets\GeneratedModels 1\speaker_lounge_speaker_457a622733a84b1295f8d2bdb2ef8dac.glb","4D61868FD7B990C1C8A84BC23E94088BE62BEE7F2213BE1AC73F1FCC09DD45CB","1084920"
"InteractivAgents\InteractiveAgents2\Assets\GeneratedModels 1\speaker_lounge_speaker_457a622733a84b1295f8d2bdb2ef8dac.glb.meta","38369A1DB938D522EE5ACE66C9CE2C05E18B75ABB6497D02A0B31DC32EA9E949","720"
"InteractivAgents\InteractiveAgents2\Assets\GeneratedModels 1\spotlight_central_spot_light_dbd0eaf419c6465dadacd787f5cee63e.glb","13290D701DE25271076472565A22CFEDAA693AE7704493A308C561A18F592623","1603712"
"InteractivAgents\InteractiveAgents2\Assets\GeneratedModels 1\spotlight_central_spot_light_dbd0eaf419c6465dadacd787f5cee63e.glb.meta","B270E13470C44FC93F6484D417B5AC0998E13A74497EDB38078FC42217A817EC","720"
"InteractivAgents\InteractiveAgents2\Assets\GeneratedModels 1\spotlight_pilot_spot_light_1834f49351af47cf9c2ad244bfa7dd9b.glb","EF4B7570A21897179749E3ED9A453105A00DF1199BD342D44AE0C485A87318D6","1669896"
"InteractivAgents\InteractiveAgents2\Assets\GeneratedModels 1\spotlight_pilot_spot_light_1834f49351af47cf9c2ad244bfa7dd9b.glb.meta","BFDEFBBA4DBF2F9CFD95D3D61469928EDDE67879677CB7915536ECA3A6FDE293","720"
"InteractivAgents\InteractiveAgents2\Assets\GeneratedModels 1\spotlight2_spotlight_f73dcf06e669494982adc0e8da2ed081.glb","E3EDC005B4FDC863F777E103EE4EE0B6FC50A9403F3906F5B1C7B0271B4B20C4","2165212"
"InteractivAgents\InteractiveAgents2\Assets\GeneratedModels 1\spotlight2_spotlight_f73dcf06e669494982adc0e8da2ed081.glb.meta","B83F745137D8FC3CAF7B561FE269FC238BC0327426A66E21314C60DB908819F9","720"
"InteractivAgents\InteractiveAgents2\Assets\GeneratedModels 1\stand4_displayStand_ab68c02076af47008cf6d3ffc1e00f4e.glb","CBF78D1D713498EA808C44DAEFE19606BB007B9B2476B59AA7D0B709EC4275E6","1050860"
"InteractivAgents\InteractiveAgents2\Assets\GeneratedModels 1\stand4_displayStand_ab68c02076af47008cf6d3ffc1e00f4e.glb.meta","FA4AAF739B3F91AC0F86C20AC398FF5D24E590D79F4DE932A1F89F12667EACB0","720"
"InteractivAgents\InteractiveAgents2\Assets\GeneratedModels 1\station4_mini_street_scene_station4_mini_street_scene_d3778eb783064412ad82d4227356923a.glb","48472165D1BDF936A957DE8941EEC372889D07F601F52AF8966BFF048D55B1F1","1580264"
"InteractivAgents\InteractiveAgents2\Assets\GeneratedModels 1\station4_mini_street_scene_station4_mini_street_scene_d3778eb783064412ad82d4227356923a.glb.meta","C1BD16D891563278897931A328836163B34DCCFADC74B7D6C8DDBA5CB1004C57","720"
"InteractivAgents\InteractiveAgents2\Assets\GeneratedModels 1\storage_cabinets_cabinet_b77501a6fb9a4f52a15588cbcc41647a.glb","B0F5E548F9C230E7823696FCB9386BCD0BAB25B771D079234E81E119FEC8C614","1504244"
"InteractivAgents\InteractiveAgents2\Assets\GeneratedModels 1\storage_cabinets_cabinet_b77501a6fb9a4f52a15588cbcc41647a.glb.meta","E07AB40087319DF1D020F14548ECDBD6ADCB87AB00C1FE3818D1F5611C4583B9","720"
"InteractivAgents\InteractiveAgents2\Assets\GeneratedModels 1\streetlight_streetlight_1912105cf4354e5eb55e8ad2c6e9686c.glb","329FFF1C9214E9AFB47F0C5D024BAA43440F89092404ED285626C56EEBB68E94","1346512"
"InteractivAgents\InteractiveAgents2\Assets\GeneratedModels 1\streetlight_streetlight_1912105cf4354e5eb55e8ad2c6e9686c.glb.meta","D65834E4E1C7DA98BCFF1514087B3FFB82F86BDF335B7F4871DA37439B597698","720"
"InteractivAgents\InteractiveAgents2\Assets\GeneratedModels 1\student_bench20_bench_3d491121015c449299d043b43daf1a78.glb","F4EA3A2BD96AD0F4EE0E3E54F78DEC01184E077E7E8ACA0B3EE42A3D45DEEE24","1280684"
"InteractivAgents\InteractiveAgents2\Assets\GeneratedModels 1\student_bench20_bench_3d491121015c449299d043b43daf1a78.glb.meta","F5C65A3B5673A7552777E5865878ED2C64D6E58A844CFC16A7DF7BFA788EA50B","720"
"InteractivAgents\InteractiveAgents2\Assets\GeneratedModels 1\student_chair10_chair_f9dbea286f0e4db38d9ebd5e44dba960.glb","E2F627AE475EE92D526F7767026F95A3AD35AB2BB63A42017C61B3567B766DF0","1408392"
"InteractivAgents\InteractiveAgents2\Assets\GeneratedModels 1\student_chair10_chair_f9dbea286f0e4db38d9ebd5e44dba960.glb.meta","9723C50895A7D6C2055479E17FA519D3EBE5BC48267677BC8DF74243E1ADAD17","720"
"InteractivAgents\InteractiveAgents2\Assets\GeneratedModels 1\student_chair20_chair_0e7eece7a06c45fbae15bd92491bd1b9.glb","5CAE2EAE24448E85A96C2F0EA8C4B17C9E848136FAA47CE76B4B8F979C7E3953","1449820"
"InteractivAgents\InteractiveAgents2\Assets\GeneratedModels 1\student_chair20_chair_0e7eece7a06c45fbae15bd92491bd1b9.glb.meta","705D2F95CB65FF8F350F16D382E5954F670ECBBD6BE33B7BE80C7F8ABBB557F1","720"
"InteractivAgents\InteractiveAgents2\Assets\GeneratedModels 1\student_desk10_desk_a1e37d9648bb4db2aaa8e31dcbbbd8f5.glb","7A75857E050EB90C506B2AA6972EB316BA1D672981CFFB6192AF8D9A966F8E55","1460924"
"InteractivAgents\InteractiveAgents2\Assets\GeneratedModels 1\student_desk10_desk_a1e37d9648bb4db2aaa8e31dcbbbd8f5.glb.meta","3438C5B3CE665E89A77B66EB07E0C026A97B8C95BB2E1064A042AD2AC8A070CE","720"
"InteractivAgents\InteractiveAgents2\Assets\GeneratedModels 1\student_desk12_desk_ae7ade69c4704d7d8ebbe477c6dded2f.glb","F77D90AE216D3919CA45E9607B49DD6D4DC533FC0897D953623775CCF321F963","1293432"
"InteractivAgents\InteractiveAgents2\Assets\GeneratedModels 1\student_desk12_desk_ae7ade69c4704d7d8ebbe477c6dded2f.glb.meta","C88014FAB65E5C1273A29EB7686FBD4CF0A1CC9C58747E5DDF7BE262775D405E","720"
"InteractivAgents\InteractiveAgents2\Assets\GeneratedModels 1\student_desk20_desk_15f9a1b7f57640f4b8ddd0e1bdad2857.glb","494DFDC1DEA95FCA9197A2620FA3FAD927852784B180D83B5BEA28507B1F6ED7","1398616"
"InteractivAgents\InteractiveAgents2\Assets\GeneratedModels 1\student_desk20_desk_15f9a1b7f57640f4b8ddd0e1bdad2857.glb.meta","DD60C875AA03DB811027526167AC8EB8FCA393806F1A33F277A35676E7E40F7D","720"
"InteractivAgents\InteractiveAgents2\Assets\GeneratedModels 1\student_desk20_desk_380b2a27669946128db8dbb864587b50.glb","9CED91A34254B11411945DDD6F0F1AB4349707FF0BED87E443F2837AD381BA9A","1377488"
"InteractivAgents\InteractiveAgents2\Assets\GeneratedModels 1\student_desk20_desk_380b2a27669946128db8dbb864587b50.glb.meta","AA02363E47B2F99FEBB19C48CA82DCCA282443793E7EB5461CBB0903529BC8FD","720"
"InteractivAgents\InteractiveAgents2\Assets\GeneratedModels 1\student_desk20_desk_415751eb79f14111a90c78e44ec1f756.glb","48C0CF8001CEA3F99EE9835A2F1BF4B610FF998586DCCADD4CC374390B13F4B4","1453356"
"InteractivAgents\InteractiveAgents2\Assets\GeneratedModels 1\student_desk20_desk_415751eb79f14111a90c78e44ec1f756.glb.meta","D96DC5DA9687F959B5A52E576F1FCA445B17B1449044EB264C3CD9A6B95BD99F","720"
"InteractivAgents\InteractiveAgents2\Assets\GeneratedModels 1\StudentChair20_chair_740cdfd6892942038695d0a5c706d340.glb","F7993F0D584EB3EE27D595778ABC8FAE7E493C007EE00F1976A7299669CC0322","1479148"
"InteractivAgents\InteractiveAgents2\Assets\GeneratedModels 1\StudentChair20_chair_740cdfd6892942038695d0a5c706d340.glb.meta","672FF4CFC724C61150E7D15B95D29313703B763EACB29861C639001314ADA796","720"
"InteractivAgents\InteractiveAgents2\Assets\GeneratedModels 1\StudentDesk20_desk_b4b354a729e1408c9c774a248df06396.glb","1B4F4498EC78B8197EE53588DCA20437E850D7F88A74EAA5FFD4183F04721BB1","1438560"
"InteractivAgents\InteractiveAgents2\Assets\GeneratedModels 1\StudentDesk20_desk_b4b354a729e1408c9c774a248df06396.glb.meta","9329E55729EAB4D0CC3FBA6C3D910FCFE7443C47FB3D61BA50671AACD971DB61","720"
"InteractivAgents\InteractiveAgents2\Assets\GeneratedModels 1\suit_of_armor2_armor_3418bf98eb4245a28475483960ac7bb7.glb","2CB2D502664F7A46B1832EDCA43934526EB41A4666A18BDCCDC32C10307924BE","1494064"
"InteractivAgents\InteractiveAgents2\Assets\GeneratedModels 1\suit_of_armor2_armor_3418bf98eb4245a28475483960ac7bb7.glb.meta","A152747EB9D0DBC38ED51CB92617D98509247D14300D30DDC77FEED87D91E450","720"
"InteractivAgents\InteractiveAgents2\Assets\GeneratedModels 1\swing4_swing_c2181a8480be441fbf133c869a97a23a.glb","89EF8093F335AF0CA88697BD28F8C2977E8B011BE68D93A9478AED6873AD3948","1420160"
"InteractivAgents\InteractiveAgents2\Assets\GeneratedModels 1\swing4_swing_c2181a8480be441fbf133c869a97a23a.glb.meta","13BDC643562155429DB73B9366C9E14CF5EE331D789041FFEBDBDE9D71A246A4","720"
"InteractivAgents\InteractiveAgents2\Assets\GeneratedModels 1\sword1_sword_7dbd4f0a5530451aaca2331a313267c4.glb","C3CB690C6FE4536B82666694DD469FDD2960F08C02FE97DF5D484C39219CA202","1124596"
"InteractivAgents\InteractiveAgents2\Assets\GeneratedModels 1\sword1_sword_7dbd4f0a5530451aaca2331a313267c4.glb.meta","BE625A4D801FFCF2396D525021AE6D09911EA0D0321D6AE7EBC900235F9EB193","720"
"InteractivAgents\InteractiveAgents2\Assets\GeneratedModels 1\table3_table_1471dcfba6b0449d930c5040e4276132.glb","2AEFE2875F640E0A7107369B1707B74B2AA2BBCB86258D8A55A20D4916679460","1410848"
"InteractivAgents\InteractiveAgents2\Assets\GeneratedModels 1\table3_table_1471dcfba6b0449d930c5040e4276132.glb.meta","91D367ACCE020514FCEA4B006BB938A75D62D408CEDFE151CF7CFAA8CBAAB147","720"
"InteractivAgents\InteractiveAgents2\Assets\GeneratedModels 1\tapestry_tapestry_bb0284ef451943f889faca8f0f576e6d.glb","80E2048AF7860CC8D42F9910353A47C634C9672EDB79B0342F0EFE34C49D9595","1802304"
"InteractivAgents\InteractiveAgents2\Assets\GeneratedModels 1\tapestry_tapestry_bb0284ef451943f889faca8f0f576e6d.glb.meta","43F87E413295662EDC175529185DFD03CA29BAFD40815B48A7CB5B0CE85957DD","720"
"InteractivAgents\InteractiveAgents2\Assets\GeneratedModels 1\teacher_chair_chair_59099f2d82a74ce0b4d51275412d39c2.glb","B175C694768E6D8C2A0FD7C9CFEC60AFD34C78A0E73F765D48A27ED2DB033B6D","1556192"
"InteractivAgents\InteractiveAgents2\Assets\GeneratedModels 1\teacher_chair_chair_59099f2d82a74ce0b4d51275412d39c2.glb.meta","4100C48724C5C4F4F2E30289E2EF977176D912890DC72058512DAE1A4814145F","720"
"InteractivAgents\InteractiveAgents2\Assets\GeneratedModels 1\teacher_desk_desk_1ae8ee1a77984852a615624689d3a3c3.glb","D4D3FC98175D7B516098596EB5073FDF5D191287B1F8AB52C3E9A65A631F575D","1332424"
"InteractivAgents\InteractiveAgents2\Assets\GeneratedModels 1\teacher_desk_desk_1ae8ee1a77984852a615624689d3a3c3.glb.meta","F96D31BB31236D947E0E79463C71AAF7BA1D5B32BF25821E113F2EA43285F430","720"
"InteractivAgents\InteractiveAgents2\Assets\GeneratedModels 1\teacher_desk_desk_998a1a9e86084396b2c1cef6bb869810.glb","D605CD882F342F3CEEC7914A730CBD52F97A8E91BB91A913CDAFF30C00591A88","1274900"
"InteractivAgents\InteractiveAgents2\Assets\GeneratedModels 1\teacher_desk_desk_998a1a9e86084396b2c1cef6bb869810.glb.meta","17D027BE651645689B5CE57F8FB81250CCEECE319010CEAD51A02C33E74D7C4B","720"
"InteractivAgents\InteractiveAgents2\Assets\GeneratedModels 1\teacher_desk_desk_d787c8511459439288370ff65e372c88.glb","66EF8EA6B971D80B2D19AC0CEF58744B7EDDE1520ECC6518C3ECDA60A8F330E4","1740716"
"InteractivAgents\InteractiveAgents2\Assets\GeneratedModels 1\teacher_desk_desk_d787c8511459439288370ff65e372c88.glb.meta","5BD99CC8693E674ED3D3ED48E7D71F9B2786A2DBC553C21649B176079DC3D07F","720"
"InteractivAgents\InteractiveAgents2\Assets\GeneratedModels 1\teacher_stool_stool_ad41d9b014474b5c85446e366328578e.glb","E6779143907C42F7BF1207992FC27E4357AD81427586D891C41898E14AD17181","1597476"
"InteractivAgents\InteractiveAgents2\Assets\GeneratedModels 1\teacher_stool_stool_ad41d9b014474b5c85446e366328578e.glb.meta","AA17AD6DDE36585DAE80E3AF3D69C54EBB1C7FBA5627FD50D3400D389AF8D4DF","720"
"InteractivAgents\InteractiveAgents2\Assets\GeneratedModels 1\TeachersChair_chair_93ae66f052e947d4b02c5c416ecf0e45.glb","665048DB2932B98F004D959B1E3B11ACCAC44B49607842E7085A221C90D3B3E6","1353364"
"InteractivAgents\InteractiveAgents2\Assets\GeneratedModels 1\TeachersChair_chair_93ae66f052e947d4b02c5c416ecf0e45.glb.meta","4E9E52538C44F36B39DE0AE774046D5F50AA82DDA3705DBB016C49F6BA16A202","720"
"InteractivAgents\InteractiveAgents2\Assets\GeneratedModels 1\TeachersDesk_desk_fb1e40a0643741cb9f2810a61a3510fc.glb","973021D865093DDAF0A28D80581F1CC53ED96B41AAC75F156314EDC0FC8C1EAC","1268872"
"InteractivAgents\InteractiveAgents2\Assets\GeneratedModels 1\TeachersDesk_desk_fb1e40a0643741cb9f2810a61a3510fc.glb.meta","1603B46CFE1A04EB907F873177BDC52A625C9F3592E40282471598FC03A69379","720"
"InteractivAgents\InteractiveAgents2\Assets\GeneratedModels 1\totem_reception_totem_9e7446c0a0f1408dabaed5569c9cc7d7.glb","EDFC67C96424E1F3E9EA19375B8724194DB9E7A6B950CB1416D7E8E706B6EA3A","1060844"
"InteractivAgents\InteractiveAgents2\Assets\GeneratedModels 1\totem_reception_totem_9e7446c0a0f1408dabaed5569c9cc7d7.glb.meta","E45FAD7081D4B6DF2F9B7586897C3F86CD78952CDAEAF172F2C3D923C8F32858","720"
"InteractivAgents\InteractiveAgents2\Assets\GeneratedModels 1\touch_kiosk2_touch_kiosk_3ea23e213e3444b98f58ddb6277a190d.glb","B6B4F5A865C5F25B0091E9E3472AD7280ED45965C0527BF980C750264ED301FA","1519344"
"InteractivAgents\InteractiveAgents2\Assets\GeneratedModels 1\touch_kiosk2_touch_kiosk_3ea23e213e3444b98f58ddb6277a190d.glb.meta","7E1B672A776267605B33151AC008256D3A73B6D2D86E72E65439B434195FF422","720"
"InteractivAgents\InteractiveAgents2\Assets\GeneratedModels 1\touch_kiosk2_touch_kiosk_7082c56062104d81817b5ff50ce68fb7.glb","1B5CD3F9740AF353DFC299A6A7D78C6E2203D94D20C02A6774699384C6CEB41B","1355016"
"InteractivAgents\InteractiveAgents2\Assets\GeneratedModels 1\touch_kiosk2_touch_kiosk_7082c56062104d81817b5ff50ce68fb7.glb.meta","EE1B689F7E9CDEE63F4278071A23ED64E70BF78C9CCFD168787A3405B57EF7B2","720"
"InteractivAgents\InteractiveAgents2\Assets\GeneratedModels 1\touch_terminal_recruiting2_terminal_6a9d51cd4dc94ba489ba3bcc22c66e36.glb","ED2B594D1101D61439349AC8FAFC726CEC5E1AC75B3E7753ED209010F79461F5","1266464"
"InteractivAgents\InteractiveAgents2\Assets\GeneratedModels 1\touch_terminal_recruiting2_terminal_6a9d51cd4dc94ba489ba3bcc22c66e36.glb.meta","5E088109A3101CD1F93603DDC7ABD475EE0D6BA1DE3C7DA0E3245300CE02051A","720"
"InteractivAgents\InteractiveAgents2\Assets\GeneratedModels 1\training_board1_training_board_ae94147da6a84d5ba023efb096d990a2.glb","8B3283010B0A19E009F882350934ED19300ABAC977B4C48485AA9D5E3B864CFB","1364392"
"InteractivAgents\InteractiveAgents2\Assets\GeneratedModels 1\training_board1_training_board_ae94147da6a84d5ba023efb096d990a2.glb.meta","D9B06280AA0FF1EF2BC6E9ED8461E4D3B0EA0341789A03947B3C387635D07411","720"
"InteractivAgents\InteractiveAgents2\Assets\GeneratedModels 1\training_board2_training_board_8b96b74e92ba4164843edc823531635b.glb","650819586B4BB8DFA521A0CB9878D730D368D393D47B86A7142CBD6BB96A62DA","1342568"
"InteractivAgents\InteractiveAgents2\Assets\GeneratedModels 1\training_board2_training_board_8b96b74e92ba4164843edc823531635b.glb.meta","E631DB5780F5321D433A0B2760806A771444F872EEAD436D5DF6501122C03D92","720"
"InteractivAgents\InteractiveAgents2\Assets\GeneratedModels 1\training_board2_training_board_f87895a58a284c928a4e94ea8c5d8fef.glb","81EDEE468D8DE06BCFA34A1167329F72FFEF04CE2B5C29856CFEE10A21B210F0","1245744"
"InteractivAgents\InteractiveAgents2\Assets\GeneratedModels 1\training_board2_training_board_f87895a58a284c928a4e94ea8c5d8fef.glb.meta","B4C04CA471D0E35A3F4A1E212009DD6A7AFF81558EE667C4AC779283039D6FB2","720"
"InteractivAgents\InteractiveAgents2\Assets\GeneratedModels 1\tree7_tree_19ccaf4a24a14259b903919936870a5a.glb","68FCBC1E017B32037DFC082D06DC573EA38705DCED3A8D970A235DF5F3D6C888","2472036"
"InteractivAgents\InteractiveAgents2\Assets\GeneratedModels 1\tree7_tree_19ccaf4a24a14259b903919936870a5a.glb.meta","13110DA31100421DE6A82F7D380AE75A6187302481AA936D773E30337D4261DD","720"
"InteractivAgents\InteractiveAgents2\Assets\GeneratedModels 1\vase2_vase_8a5ab890746744a79b76acdab10617db.glb","9360F40C177C1B33D4FB25FD0F8FC5523D529520FE70ABC43B4CC819EF8CF2E4","1344328"
"InteractivAgents\InteractiveAgents2\Assets\GeneratedModels 1\vase2_vase_8a5ab890746744a79b76acdab10617db.glb.meta","8A71D41FE40B957C228A941A5DD460BCECF9C53281ABCC1894A5C3A8C43CC36C","720"
"InteractivAgents\InteractiveAgents2\Assets\GeneratedModels 1\vest_vest_bfb130af8cf84e1e9f95df0d03bf52f5.glb","54C8B6E45BACCBF0558C141088622C99C686CE0D69BD2B5F3842E4210CFEAEC3","1733760"
"InteractivAgents\InteractiveAgents2\Assets\GeneratedModels 1\vest_vest_bfb130af8cf84e1e9f95df0d03bf52f5.glb.meta","9234E1E5E205278685D674B512511D84968B1131DE4E114926F22160A6748FC9","720"
"InteractivAgents\InteractiveAgents2\Assets\GeneratedModels 1\video_demo_screen_demo_screen_89496796352a4141bc094f5e44e76ad7.glb","44A038044DFB1CCFB8CD082B3B3EBF328D72DE3438A5A455E135BCB178AD8342","1254048"
"InteractivAgents\InteractiveAgents2\Assets\GeneratedModels 1\video_demo_screen_demo_screen_89496796352a4141bc094f5e44e76ad7.glb.meta","2CE2FB7469251C83C1BD4BAF1677FA5F15B01C44C2C1FF5F4821172A13A12B42","720"
"InteractivAgents\InteractiveAgents2\Assets\GeneratedModels 1\vr_ar_station2_vr_station_8264ee9dc70c4367978c59051c18d80e.glb","7B0E17CD19029171CE68CA683D09B7139FE8B5C38B0FC2C07DF82639905502D2","1563376"
"InteractivAgents\InteractiveAgents2\Assets\GeneratedModels 1\vr_ar_station2_vr_station_8264ee9dc70c4367978c59051c18d80e.glb.meta","373C366605E4C0E7143156BF5677DBE5C328993B40E64D7BCC2E3A846016404A","720"
"InteractivAgents\InteractiveAgents2\Assets\GeneratedModels 1\vr_cabin2_vr_cabin_e4e887583b7344508a85047eb14038a9.glb","F2EA367896EA9799813EEB58B984752FDC22F70267B1463FE50A22381B314A6A","2273748"
"InteractivAgents\InteractiveAgents2\Assets\GeneratedModels 1\vr_cabin2_vr_cabin_e4e887583b7344508a85047eb14038a9.glb.meta","AB82E9972899EB6AB896C513AFB5DB6A424F7BD8F4FDE6E73255F450A7760432","720"
"InteractivAgents\InteractiveAgents2\Assets\GeneratedModels 1\wall_antler_antler_215720a86de74bf9abc0ddbf4afee56b.glb","78CB129AE61F6639839CA25329727C79F4C3AE7A4D5AED8DA8E73F6056BCAAC5","1517996"
"InteractivAgents\InteractiveAgents2\Assets\GeneratedModels 1\wall_antler_antler_215720a86de74bf9abc0ddbf4afee56b.glb.meta","189F69A6855A22A27948DFD15FE17013E8C97DDAE4F456E16BCFCAE2778C8915","720"
"InteractivAgents\InteractiveAgents2\Assets\GeneratedModels 1\wall_back_wall_159c9475ff864f0ebc3786bfc1e048e6.glb","EB9ED770073175518FCB2E509A606B877444ABFD8CDE982674A90C49F81A0747","1036168"
"InteractivAgents\InteractiveAgents2\Assets\GeneratedModels 1\wall_back_wall_159c9475ff864f0ebc3786bfc1e048e6.glb.meta","58BA7509F53EC3919DD09AAB4C9A6088B2171936EF3DEDD801A2F8F4DF7FE474","720"
"InteractivAgents\InteractiveAgents2\Assets\GeneratedModels 1\wall_back_wall_1a4ef1e481aa4f65b79b03b37d6c5f80.glb","010D0E499B3F673F994AFEA004B507790659B0336CD67506D39F67C44573A093","1154600"
"InteractivAgents\InteractiveAgents2\Assets\GeneratedModels 1\wall_back_wall_1a4ef1e481aa4f65b79b03b37d6c5f80.glb.meta","91E9C1C556A83D374CA198F07E2BC5A5BB5F7CFA946F842798D9B5D145EBC8D1","720"
"InteractivAgents\InteractiveAgents2\Assets\GeneratedModels 1\wall_back_wall_d18812dfac4142a7a24cc93e99d805de.glb","8CFA6E3A2A9D2DDA66802DE44B67FCA07CA81AF71605EA7C637677AFA49A1540","1793876"
"InteractivAgents\InteractiveAgents2\Assets\GeneratedModels 1\wall_back_wall_d18812dfac4142a7a24cc93e99d805de.glb.meta","1B7AB413CB10D75843495A3CA2D7286D071EAA72B6A558A1291CF2D0CCA68120","720"
"InteractivAgents\InteractiveAgents2\Assets\GeneratedModels 1\wall_back_wall_f90891469d284c60a9bbefa2af31c511.glb","52756F01B84411E3C2DC0AEB651AE1230F03055C851F5017810D5B6D66CE0842","1013620"
"InteractivAgents\InteractiveAgents2\Assets\GeneratedModels 1\wall_back_wall_f90891469d284c60a9bbefa2af31c511.glb.meta","D85A972852983AEDFAF81CAA8787E530FC9D242E12D96FE5D9A3E6DB50A2D86D","720"
"InteractivAgents\InteractiveAgents2\Assets\GeneratedModels 1\wall_cabinet4_wall_cabinet_3d1889c4f604415ea8fa7dddf1f2ed0a.glb","1011FA287CB8C4187B9FBF4B0E25DD6C3C4FD20922D81D314473D07FBBF3B3E4","1681072"
"InteractivAgents\InteractiveAgents2\Assets\GeneratedModels 1\wall_cabinet4_wall_cabinet_3d1889c4f604415ea8fa7dddf1f2ed0a.glb.meta","EFCDBD1C676D074F4AF582849A4CBD0714DD0098B274ED53200C2564A16EE97A","720"
"InteractivAgents\InteractiveAgents2\Assets\GeneratedModels 1\wall_front_right_wall_07fb1b2327a945b0b0df4cb8cc97e773.glb","8F12A33FA843967BBFF6C2F9F05E761EB3FADFE6E42D1299681B67B8DE30DD27","1200752"
"InteractivAgents\InteractiveAgents2\Assets\GeneratedModels 1\wall_front_right_wall_07fb1b2327a945b0b0df4cb8cc97e773.glb.meta","D6302DE5A534577126C74521C42EA31319C3803F6E1BA1C85E06BFAEE3DD5268","720"
"InteractivAgents\InteractiveAgents2\Assets\GeneratedModels 1\wall_right_wall_18babaf6102f4f93b3425d030e0ee1b6.glb","477577E2F8BCD420A0CEBD7B49C9CA533D4E4222A76EA413F73DC043D9167D10","1073504"
"InteractivAgents\InteractiveAgents2\Assets\GeneratedModels 1\wall_right_wall_18babaf6102f4f93b3425d030e0ee1b6.glb.meta","BE9BDE8296726D2EF1D367C908F88E9F8E44155D83CAF7D03150B09EC74AB9FC","720"
"InteractivAgents\InteractiveAgents2\Assets\GeneratedModels 1\wall_right_wall_1f2ca94010a748fb9b1dc15fcbc50853.glb","CF08DE7A4105FDA36E73D4965C0B2100D2124877762DAC0017AE509109266EB9","1481156"
"InteractivAgents\InteractiveAgents2\Assets\GeneratedModels 1\wall_right_wall_1f2ca94010a748fb9b1dc15fcbc50853.glb.meta","2DCEACA463B4F98322D1483FDA1A1920B22C9122A8BECA192AF7B69AF27D6614","720"
"InteractivAgents\InteractiveAgents2\Assets\GeneratedModels 1\wall_right_wall_3e5ba5e979b64c40a83006150063ba03.glb","5FD0D63620EB07749050F5FB76213F3D6DF0C1AA576C15D82F8835784EB90198","1290512"
"InteractivAgents\InteractiveAgents2\Assets\GeneratedModels 1\wall_right_wall_3e5ba5e979b64c40a83006150063ba03.glb.meta","6081A0D29CDD0E51C9CA1B188C8BC2C67A15080092053060D373566239D45809","720"
"InteractivAgents\InteractiveAgents2\Assets\GeneratedModels 1\wall_right_wall_7204ffa5c052487ab8955daed49de94c.glb","D47EFD7B450EABC8CCF06D1275B2274CBF754D8FE74312554FA94B67D1CCF919","1178400"
"InteractivAgents\InteractiveAgents2\Assets\GeneratedModels 1\wall_right_wall_7204ffa5c052487ab8955daed49de94c.glb.meta","31303D330333065AF725739178C841909A8939DDFA959D47E855B0E6D8FE75C2","720"
"InteractivAgents\InteractiveAgents2\Assets\GeneratedModels 1\wall_right_wall_c5a07f113f164aec84f24eaf042c16c0.glb","9B8B85F2B8930337896EA11A4665C62C56497E2EBAA250C08A0DB105B9F6FF52","1302092"
"InteractivAgents\InteractiveAgents2\Assets\GeneratedModels 1\wall_right_wall_c5a07f113f164aec84f24eaf042c16c0.glb.meta","9BE80BD0385949273449675D407DCB130474D8377D6DC3128B7D6404F7725434","720"
"InteractivAgents\InteractiveAgents2\Assets\GeneratedModels 1\wall_right_wall_db75c19eb6404726be071f80947259e1.glb","32699FA359C9841D44EBD479FC0502658FD1F26A95B16BD64E7357C26600BC0D","1037092"
"InteractivAgents\InteractiveAgents2\Assets\GeneratedModels 1\wall_right_wall_db75c19eb6404726be071f80947259e1.glb.meta","7151EE5CA2098B3F0F668F89D4150E374F80B8AD940AABA56E1228B3A84876BF","720"
"InteractivAgents\InteractiveAgents2\Assets\GeneratedModels 1\wall_sconce4_sconce_bf869fa7ddd14beda68117eda6ca4827.glb","D97E8FE876B71893735D28FAE0A0030B91F2A88306A6FB7719B45047B9708FFD","1311184"
"InteractivAgents\InteractiveAgents2\Assets\GeneratedModels 1\wall_sconce4_sconce_bf869fa7ddd14beda68117eda6ca4827.glb.meta","54413DDAB2A0F14875873BF55BD23B8BFEF595E61140F0FA5F1C31ADCCA0E870","720"
"InteractivAgents\InteractiveAgents2\Assets\GeneratedModels 1\wall_south_wall_e1f3530781df4c35903c88615506cbba.glb","72BF3A912D115B56C2CC4FDB4B3375766D092C020DB92F166D164F5863436388","567896"
"InteractivAgents\InteractiveAgents2\Assets\GeneratedModels 1\wall_south_wall_e1f3530781df4c35903c88615506cbba.glb.meta","B5E2BC06595F3A53B3E6A95185995745819645137F09CBBB6BAB2922F8F6C93E","720"
"InteractivAgents\InteractiveAgents2\Assets\GeneratedModels 1\wall_sword_sword_c40049566ae04ac3849b60feaae4ef4d.glb","43DCAB07ED4DC196DD5AE8CD96A0B99F76767C763F7F86CA675013334BD60A37","1293308"
"InteractivAgents\InteractiveAgents2\Assets\GeneratedModels 1\wall_sword_sword_c40049566ae04ac3849b60feaae4ef4d.glb.meta","E3D09CC4BF93D401F20C7E189226F520FA0D1A9D5A771068A897D4CBF4F137AD","720"
"InteractivAgents\InteractiveAgents2\Assets\GeneratedModels 1\wall_text_career_wall_text_3e72dbf1bc6b47e692815c9109961e8e.glb","29941B993F854C3621DE6166474831C4FE5E671806E7AD056648E5F77EF4CC7E","1465076"
"InteractivAgents\InteractiveAgents2\Assets\GeneratedModels 1\wall_text_career_wall_text_3e72dbf1bc6b47e692815c9109961e8e.glb.meta","7C8D237639E40F1411D0B2EBF31C96FED24004F8C997E22F20849C4FDDF9CB47","720"
"InteractivAgents\InteractiveAgents2\Assets\GeneratedModels 1\wall_west_wall_ca4882a029a34ecaab1772108318c0e1.glb","4735B25013B3A4E94917896E80B992DE812C0A01C7EA519739F9D5ACDD684CFE","948208"
"InteractivAgents\InteractiveAgents2\Assets\GeneratedModels 1\wall_west_wall_ca4882a029a34ecaab1772108318c0e1.glb.meta","CBF76AB7301CFBA078C908EB5805FB9ED687D9FAB92AC23B56B9C046BFCB2D05","720"
"InteractivAgents\InteractiveAgents2\Assets\GeneratedModels 1\WallClock_clock_22dc88a1d4154fffbb90faf0f67ca655.glb","866F21E461B20CC6D6F821EE571625D410165A6C49CCC454BB5AAB38E255CB5F","1378988"
"InteractivAgents\InteractiveAgents2\Assets\GeneratedModels 1\WallClock_clock_22dc88a1d4154fffbb90faf0f67ca655.glb.meta","9B7C72AD0D17D3FDEEF8AA55D2BB48412B4547675872277E209DB7831C6756E5","720"
"InteractivAgents\InteractiveAgents2\Assets\GeneratedModels 1\WasteBinBack_bin_324bcd85508947098c87d44600ec701c.glb","FCB6C56BD108AC2410972B3BC7FFEBD011A38D09BBEAD53CF2DE0DB60663D733","2080680"
"InteractivAgents\InteractiveAgents2\Assets\GeneratedModels 1\WasteBinBack_bin_324bcd85508947098c87d44600ec701c.glb.meta","1960D1784FC1E730340816EA126A288AABB5BEF42975452EBFE8A40DCA664912","720"
"InteractivAgents\InteractiveAgents2\Assets\GeneratedModels 1\water_dispenser_appliance_8d0c6cf6cf7c49ba87664a8d7c97600d.glb","05FCD15E2FF7233AE0E31F0D0E66C53735439CFCC5112F92F6E29B0639967E92","1357404"
"InteractivAgents\InteractiveAgents2\Assets\GeneratedModels 1\water_dispenser_appliance_8d0c6cf6cf7c49ba87664a8d7c97600d.glb.meta","6E89EC82CA2681ED25B7283C74F15B31E68DBBA79DEC5752D12EE0DCF22C9ECA","720"
"InteractivAgents\InteractiveAgents2\Assets\GeneratedModels 1\Whiteboard_whiteboard_2bde6f5af3d3428ab21645c6f5ef96f1.glb","871F16B628851C563B8E2D59628B36237ABD740E748207699CC4AD98A1B98224","1726580"
"InteractivAgents\InteractiveAgents2\Assets\GeneratedModels 1\Whiteboard_whiteboard_2bde6f5af3d3428ab21645c6f5ef96f1.glb.meta","18D304DA89029CACE975A2B9BECB8E0785406EA673EB489D5B81B098CFE27AED","720"
"InteractivAgents\InteractiveAgents2\Assets\GeneratedModels 1\Window_window_0612e31852c64dc5aa9ea78a0b5d1a4e.glb","194673C69D7E927F1B7DAA673AFB6D487C64A5F0EB2F73E90BB6CB3F2F5B678C","1175276"
"InteractivAgents\InteractiveAgents2\Assets\GeneratedModels 1\Window_window_0612e31852c64dc5aa9ea78a0b5d1a4e.glb.meta","51E77C7DB5A9C3FF2684D8FFF5EED03D9201750389BC5284FE2278E2920BA381","720"
"InteractivAgents\InteractiveAgents2\Assets\GeneratedModels 1\window1_window_e4e090b5873b415ea6e52b250cf36989.glb","6904D8544594F8CDEC7154297F118C18F1080234C6D06B0FD5E6F817ADFD1DC2","1670708"
"InteractivAgents\InteractiveAgents2\Assets\GeneratedModels 1\window1_window_e4e090b5873b415ea6e52b250cf36989.glb.meta","DFDAF4FDD64FE9794183764A1187F1E8E9329FB849D35C2B9A5D8A0127782CE2","720"
"InteractivAgents\InteractiveAgents2\Assets\GeneratedModels 1\wooden_chest_chest_bb0d716c7aac4acca15c5af944ddfdd8.glb","426D256392DB6E0EFEEEEEDA0173324F2DEDABD2FAA38DCA9C4FCB4C80C5B275","1527144"
"InteractivAgents\InteractiveAgents2\Assets\GeneratedModels 1\wooden_chest_chest_bb0d716c7aac4acca15c5af944ddfdd8.glb.meta","DEB2CBD2C05E9D855A844CCF234AE75002F2BCB97021EF2677FE93EF5BD5CCB6","720"
"InteractivAgents\InteractiveAgents2\Assets\GeneratedModels.meta","EA67FA2D2174B2F813B2936D954D861229C4130632F9551B7FBB4FFAE14CB482","172"
"InteractivAgents\InteractiveAgents2\Assets\GeneratedModels\beanbag1_beanbag_f76536155bb4481fb212524d725a5eb5.glb","F31D546C23564ECD82DDFD60FC37315CDCA7E38B346A3C94253D9D8069F3B206","1541024"
"InteractivAgents\InteractiveAgents2\Assets\GeneratedModels\beanbag1_beanbag_f76536155bb4481fb212524d725a5eb5.glb.meta","6BC493750603D95DA68FEFDC71615A3E724F09F2CF4FC19060C0A9029CBA8241","720"
"InteractivAgents\InteractiveAgents2\Assets\GeneratedModels\beanbag2_beanbag_69cf1f6bc55e450899fbc0bc6671ce98.glb","2A6C5C6A471642E19DD818D54ADD5C83EC236C5522F4C9C31CC77DEF45F1D46D","1532088"
"InteractivAgents\InteractiveAgents2\Assets\GeneratedModels\beanbag2_beanbag_69cf1f6bc55e450899fbc0bc6671ce98.glb.meta","BA8FB59E9ECB013634EFF7D9319A33967516A494F899C07DC44423AECD26E013","720"
"InteractivAgents\InteractiveAgents2\Assets\GeneratedModels\beanbag3_beanbag_c0712f1c622c49308de1c443b453dd4b.glb","633FD2658BE6627E57610C67DA62C54177485681A9E9ECA4CFB5A5DF556748DF","1582804"
"InteractivAgents\InteractiveAgents2\Assets\GeneratedModels\beanbag3_beanbag_c0712f1c622c49308de1c443b453dd4b.glb.meta","8E15852C37E7ACC086AFB35D7FEB73A277E283BC865C732249FF78B80B57A62F","720"
"InteractivAgents\InteractiveAgents2\Assets\GeneratedModels\beanbag4_beanbag_f0850d4036e4447990707010ee1248de.glb","B036B1FC0F4C5DA96F1AD17FE26D133F096BD6C39B517C34FFF14E9F378A31FF","1599792"
"InteractivAgents\InteractiveAgents2\Assets\GeneratedModels\beanbag4_beanbag_f0850d4036e4447990707010ee1248de.glb.meta","1CE7AD225032D93EC4C0974EB39ECE68FAFA04305F5021C09F1384E0ADA7DA95","720"
"InteractivAgents\InteractiveAgents2\Assets\GeneratedModels\bookcase_bookcase_ca0325049bab4629999c69aed77b5fed.glb","538CA37ECA85FB5377B01357FDE0C0CD063C1FDABF96EA63D92F44C902C6B33B","1362516"
"InteractivAgents\InteractiveAgents2\Assets\GeneratedModels\bookcase_bookcase_ca0325049bab4629999c69aed77b5fed.glb.meta","9981A477D58B80B21EEEFC73E7BD010BCCB9620A9264C378FD6D6B1079796510","720"
"InteractivAgents\InteractiveAgents2\Assets\GeneratedModels\chalkboard_chalkboard_c18cacdfbd9846129c6cc02d9ac96cf8.glb","205D8D53F6D1DECC0DA9E5A0F92139E398B2BCA5381A57566508E255FD72D238","1236492"
"InteractivAgents\InteractiveAgents2\Assets\GeneratedModels\chalkboard_chalkboard_c18cacdfbd9846129c6cc02d9ac96cf8.glb.meta","1C76CF1431011F761D443B30FF62A74A42F7CED5BC5EA5D8C67C0FC5E33AE825","720"
"InteractivAgents\InteractiveAgents2\Assets\GeneratedModels\Cube_b1e048fef409473cb4075e65019d29b6.glb","3257CD54EA87FAFDD14981297484AAE9D5575FDD4D1F4E8FEACA3EDC9F0131AC","1676712"
"InteractivAgents\InteractiveAgents2\Assets\GeneratedModels\Cube_b1e048fef409473cb4075e65019d29b6.glb.meta","F10A4CEAC578476A0EAF7BFBBB772960CB10845E8AA1CDCF1F6316647F29B0C8","720"
"InteractivAgents\InteractiveAgents2\Assets\GeneratedModels\Cube_e70af7bf8ec147a792b88f6044c81fe8.glb","F0308A0362B2D452DDEBAEAFD2A51F4D39A24E9901D0A6DD177F5863B03A8E74","1588960"
"InteractivAgents\InteractiveAgents2\Assets\GeneratedModels\Cube_e70af7bf8ec147a792b88f6044c81fe8.glb.meta","3198826E6E68F95743C1D19D66BF516EF4DA1F693985EFEFA1FE898F039D73D2","720"
"InteractivAgents\InteractiveAgents2\Assets\GeneratedModels\dinosaur_skeleton_dinosaur_skeleton_9f166a31d3aa44e2bb5d820ebb84d5c6.glb","CB6B4B2C229047C20650751817559B0BD18BC6FA03D574F0B88B3C47CAC1EB59","1738568"
"InteractivAgents\InteractiveAgents2\Assets\GeneratedModels\dinosaur_skeleton_dinosaur_skeleton_9f166a31d3aa44e2bb5d820ebb84d5c6.glb.meta","D82911A666D8C4CE61B3D5C2A9A95CC79DF127AED4021183429BE80A4383C9B8","720"
"InteractivAgents\InteractiveAgents2\Assets\GeneratedModels\floor_floor_8727a118d62c4ebbbd4bfaeeee435109.glb","CBC711BA983A4171A9F715E2735440D8C0CF6124C0D2567A939A0B429111B9DF","603596"
"InteractivAgents\InteractiveAgents2\Assets\GeneratedModels\floor_floor_8727a118d62c4ebbbd4bfaeeee435109.glb.meta","27CEC1FDEE74EA6A4457330533036914920EE0E40BB0469863B2903AFC4B1F33","720"
"InteractivAgents\InteractiveAgents2\Assets\GeneratedModels\picture2_picture_027bbc07ddaa4fc393db768f02b9d66a.glb","BD47F7E03A58E6B2E77789A83803FAC0E505A6965688D53632BDA4686D9A0478","1301788"
"InteractivAgents\InteractiveAgents2\Assets\GeneratedModels\picture2_picture_027bbc07ddaa4fc393db768f02b9d66a.glb.meta","C2DD99BCFC2E3FF5E799357969DFD4855F5AF28F0D6310638C3A62D07285609E","720"
"InteractivAgents\InteractiveAgents2\Assets\GeneratedModels\plant1_plant_3c129cd23b76496bb67432edfe33e5d5.glb","32B1ABB2AC499238CBAB4A04813590F4E9AAE15239EE4FF2129BBC5DFDB98C99","2893324"
"InteractivAgents\InteractiveAgents2\Assets\GeneratedModels\plant1_plant_3c129cd23b76496bb67432edfe33e5d5.glb.meta","8A948FF4EC25849831DF299585D45EBEFB97BCA5AC391D61C5D641774D0B7249","720"
"InteractivAgents\InteractiveAgents2\Assets\GeneratedModels\plant2_plant_5dae0e40c8b44cfabcfa833604543f5f.glb","30290BFD4AB6537859BA31A52DFAF846E11167C847404ABD2F99212282AFB6DA","2831804"
"InteractivAgents\InteractiveAgents2\Assets\GeneratedModels\plant2_plant_5dae0e40c8b44cfabcfa833604543f5f.glb.meta","1129A19B1AA0BC92B2B9EC2053CF0DC35AE8276C1F89C1FD094BA203A7462D5B","720"
"InteractivAgents\InteractiveAgents2\Assets\GeneratedModels\plant3_plant_df621fccceec45038bf2dcd823baaa53.glb","CBD67ADE4A5E22EFBC47A224C061E2BFFD097CB29C8C1C833DE1B4A96B789FEE","2805188"
"InteractivAgents\InteractiveAgents2\Assets\GeneratedModels\plant3_plant_df621fccceec45038bf2dcd823baaa53.glb.meta","D4626B9453EF0C11328C6057883D61CC0A1D5F970D365685481B94A6B9C55879","720"
"InteractivAgents\InteractiveAgents2\Assets\GeneratedModels\plant4_plant_139692eae6814e8eae2118cb55f9bbf5.glb","71085E1EF2F06BA0E3461CCFD15C94C0697FD063DC098593DAF914A831E4531C","2719928"
"InteractivAgents\InteractiveAgents2\Assets\GeneratedModels\plant4_plant_139692eae6814e8eae2118cb55f9bbf5.glb.meta","052FB1779DD7360B69AA2064368A55D7DC4CD7A347094201F7167F3B355D4831","720"
"InteractivAgents\InteractiveAgents2\Assets\GeneratedModels\plant5_plant_5cf96061ce1f42f0aa494f0f3f0a661d.glb","2DB74FE4A15EFE3303AFAFC0F6C7C79282EFB1A4E1E1912B49DBA562DCEA2FE0","2887856"
"InteractivAgents\InteractiveAgents2\Assets\GeneratedModels\plant5_plant_5cf96061ce1f42f0aa494f0f3f0a661d.glb.meta","4E46F2950FF1FAEB21E49C1985C4D7DEC7593C2D857B43B90A1EE6D58E0F58E6","720"
"InteractivAgents\InteractiveAgents2\Assets\GeneratedModels\reading_table_table_41b1ae26f8894bcea2a5ba5c3409c157.glb","2D3406A035F32BCAECEE82FA6950D484C2324354AA94A132A7B81BABF58B4C24","1416796"
"InteractivAgents\InteractiveAgents2\Assets\GeneratedModels\reading_table_table_41b1ae26f8894bcea2a5ba5c3409c157.glb.meta","2391ABF91964B2B525BBF5DA95689B05027278DAF48386CE1945725098B5B27A","720"
"InteractivAgents\InteractiveAgents2\Assets\GeneratedModels\student_desk20_desk_415751eb79f14111a90c78e44ec1f756.glb","48C0CF8001CEA3F99EE9835A2F1BF4B610FF998586DCCADD4CC374390B13F4B4","1453356"
"InteractivAgents\InteractiveAgents2\Assets\GeneratedModels\student_desk20_desk_415751eb79f14111a90c78e44ec1f756.glb.meta","0C12BA6C0E379CBFA748FBB817D780CF321AA27383185BD921490B5B4878135E","720"
"InteractivAgents\InteractiveAgents2\Assets\GeneratedModels\teacher_desk_desk_998a1a9e86084396b2c1cef6bb869810.glb","D605CD882F342F3CEEC7914A730CBD52F97A8E91BB91A913CDAFF30C00591A88","1274900"
"InteractivAgents\InteractiveAgents2\Assets\GeneratedModels\teacher_desk_desk_998a1a9e86084396b2c1cef6bb869810.glb.meta","59A0CE4A313A6D1B990529E8D17E7108E14BE0DC01A16E3AB8A4E1B133749C29","720"
"InteractivAgents\InteractiveAgents2\Assets\InputSystem_Actions.inputactions","1C6CBB519D65ECFE19A29231735B7F54741A20AC1A8AD4F46A18E1BFB28A3C39","41005"
"InteractivAgents\InteractiveAgents2\Assets\InputSystem_Actions.inputactions.meta","3B4E424A80F5B4FA76B6ABD774884A24285EAA61F22FF9BB20E5AD505FD8B569","376"
"InteractivAgents\InteractiveAgents2\Assets\InteractiveAgents.meta","E330A6FD78D3E6A934A8BC58A15F47590861FD326977F1C0EEA8E57980C94A17","172"
"InteractivAgents\InteractiveAgents2\Assets\InteractiveAgents\Documentation.meta","AA383096F9F3D85E73DFFA2BDC33C6A1DC5FFCB7E08D581D899E07522AE86FCA","172"
"InteractivAgents\InteractiveAgents2\Assets\InteractiveAgents\Documentation\InteractiveAgentsImportGuide.md","7E4BD520574D1B4096900B16BB01FCB26A60E8C4A48D7A9364AEC4E7E827239F","2455"
"InteractivAgents\InteractiveAgents2\Assets\InteractiveAgents\Documentation\InteractiveAgentsImportGuide.md.meta","938FE088D4B67CEC3E622F0E38E1AB5EC18D3ACB792C9E4D0400F6BB8C023F03","158"
"InteractivAgents\InteractiveAgents2\Assets\InteractiveAgents\Documentation\required-packages.json","B79DF0F2A1C58D79CF65B82D8AF4AF5DEC9A3215206F197F890E57F710A1AF63","916"
"InteractivAgents\InteractiveAgents2\Assets\InteractiveAgents\Documentation\required-packages.json.meta","FCE8A2EBF184F0207AEF72883E3519A748839E51984A072C6FADC5E1811E5B10","158"
"InteractivAgents\InteractiveAgents2\Assets\InteractiveAgents\Editor.meta","9A6F29AB0453F7290ED4371FA8714EF281745B50A7D0BABE136F6E06DB31CBF1","172"
"InteractivAgents\InteractiveAgents2\Assets\InteractiveAgents\Editor\InteractiveAgentsPackageUtility.cs","614C65590DDDABF430FD7D7D70E135393C2234AE593471A73849162EB2DF4105","9364"
"InteractivAgents\InteractiveAgents2\Assets\InteractiveAgents\Editor\InteractiveAgentsPackageUtility.cs.meta","C010E959DE4FEBD9393DAA05B8AFA4B303CE67715A0322FAC2E681A69732F25C","60"
"InteractivAgents\InteractiveAgents2\Assets\InteractiveAgents\Editor\QuickAgentManagerFunctionalMldsSmoke.cs","B45B7F0D74C0F87A863CF31941EDD33DD5EF16F722ED9705A855A7EB27390BE0","13405"
"InteractivAgents\InteractiveAgents2\Assets\InteractiveAgents\Editor\QuickAgentManagerFunctionalMldsSmoke.cs.meta","37AD64F4881B3071E16307F11D4C2F4F773B94D4D01F62BDA447B3482E6DBD64","59"
"InteractivAgents\InteractiveAgents2\Assets\Plugins.meta","4CA0EC5780E7D78BE5FD3AA8AC7D92770BD51E5E7756E543414E1E929C1605E4","172"
"InteractivAgents\InteractiveAgents2\Assets\Plugins\WebGL.meta","BFB3F37FDFE5540E9ECA650E5DA14AECB0317FEF306A6905CE009FDE799C2BDB","172"
"InteractivAgents\InteractiveAgents2\Assets\Plugins\WebGL\WebGLVoiceBridge.jslib","35F3DD662F319CFB43B7E98F81D4210E1D9D34735CDD2EED508B3CA8D7BD7FD7","5384"
"InteractivAgents\InteractiveAgents2\Assets\Plugins\WebGL\WebGLVoiceBridge.jslib.meta","096E96C7E9DBCC2773F66BB87E8F3BC5DAADA31234B39E32C972D6E8CF15564F","59"
"InteractivAgents\InteractiveAgents2\Assets\Readme.asset","6D098604E909B6A0E64FE5910C2719704864D49678BCF5413BD47B67E5490107","1144"
"InteractivAgents\InteractiveAgents2\Assets\Readme.asset.meta","46C6B89AC1D47BD0C0D1A8B141AE3E32CD95D3E74C49381F0D9F942488C254CE","182"
"InteractivAgents\InteractiveAgents2\Assets\Resources.meta","AD03D9F15AFAE180939109015657E1D82005FABF669DFC218DE4CB4E3ABF8B83","172"
"InteractivAgents\InteractiveAgents2\Assets\Resources\Characters.meta","5EDC82D5551837504E8D03480DB787C37D950DE94266341470FE8EC65FDE5321","172"
"InteractivAgents\InteractiveAgents2\Assets\Resources\Characters\Animations.meta","E2EA6A9691D48C2E487B42CAAD055F7927D5ED53DE8517C32D191014FAF6DE11","172"
"InteractivAgents\InteractiveAgents2\Assets\Resources\Characters\Animations\Ch23_nonPBR@Happydle.fbx","2183B99EFB651AC4B7BBB6E63B91FD29CA69EDE5083505CC912D931FAB838F61","53615792"
"InteractivAgents\InteractiveAgents2\Assets\Resources\Characters\Animations\Ch23_nonPBR@Happydle.fbx.meta","E7155127C243BE4A966DDF487259CDFA05F157599916E84DA0A50C8583B47A9D","34751"
"InteractivAgents\InteractiveAgents2\Assets\Resources\Characters\Animations\Ch23_nonPBR@HappyIdle1.fbx","2183B99EFB651AC4B7BBB6E63B91FD29CA69EDE5083505CC912D931FAB838F61","53615792"
"InteractivAgents\InteractiveAgents2\Assets\Resources\Characters\Animations\Ch23_nonPBR@HappyIdle1.fbx.meta","8046F2F40969A788C5D6949DBC611C9AB5276F711FF8F5A8032ECD259DB3267E","34773"
"InteractivAgents\InteractiveAgents2\Assets\Resources\Characters\Animations\Ch23_nonPBR@Idle(1).fbx","A74F6F9184DDF93CA3C8908B237C085627B61B7BF9A82FC88C27F20933B6EAD9","54769744"
"InteractivAgents\InteractiveAgents2\Assets\Resources\Characters\Animations\Ch23_nonPBR@Idle(1).fbx.meta","2E58206C168F077214C6164CEC142544942C8C289D61A957EC065C2982363A4A","34627"
"InteractivAgents\InteractiveAgents2\Assets\Resources\Characters\Animations\Ch23_nonPBR@Idle.fbx","DDAD2194D29BEC5F7B9625E705C6B61B48343460F34953B135D614A08BDE5AB0","54125456"
"InteractivAgents\InteractiveAgents2\Assets\Resources\Characters\Animations\Ch23_nonPBR@Idle.fbx.meta","6E1D0A7E1DAB0AE1A913F0F4C71D439189875468884C3FCFDDFD68035EC9F5B1","34577"
"InteractivAgents\InteractiveAgents2\Assets\Resources\Characters\Animations\Ch23_nonPBR@NeutralIdle.fbx","DBE5F5C8A39EB92DA6CFCFB264CC073E7F20D6F60F81CD043727A1E1DDD69A10","54058352"
"InteractivAgents\InteractiveAgents2\Assets\Resources\Characters\Animations\Ch23_nonPBR@NeutralIdle.fbx.meta","932531641D2A483EFEDF4DB861A10E7F45D831ED95C554F77AD8161C16D57CFC","34713"
"InteractivAgents\InteractiveAgents2\Assets\Resources\Characters\Animations\Ch23_nonPBR@StandingIdle.fbx","FF173D190DDE9AF6E51A790515A08A6A0DDF0A1A08733ADF2B24EAD954402FDE","53854720"
"InteractivAgents\InteractiveAgents2\Assets\Resources\Characters\Animations\Ch23_nonPBR@StandingIdle.fbx.meta","A55BAF1BD90B4A36EB932773AED7D6C8DA6A5BD2EDB79E7BA24F3D12850A1368","34699"
"InteractivAgents\InteractiveAgents2\Assets\Resources\Characters\Ch01_nonPBR.fbx","0E92B534E7E4DF867DE8C977735BADC109076C2932A80CBB55413B868E88D182","54869760"
"InteractivAgents\InteractiveAgents2\Assets\Resources\Characters\Ch01_nonPBR.fbx.meta","AC14378221E419394A0F1C5124A227D9CB2995C3B8BEE30C2AA3E509E7C22442","33159"
"InteractivAgents\InteractiveAgents2\Assets\Resources\Characters\Ch08_nonPBR.fbx","ACCAEFEF3AD544000F1435DADAA818CADECDE49C096C654BBA5F6FF26A9ACA9C","87270112"
"InteractivAgents\InteractiveAgents2\Assets\Resources\Characters\Ch08_nonPBR.fbx.meta","9C1C37012A5697F765989A24CF2AAF06E623B30B77DCA3FCA90D00C33F2F7A18","5346"
"InteractivAgents\InteractiveAgents2\Assets\Resources\Characters\Ch21_nonPBR.fbx","4BE897B7C5650D58BC5CB54FA168B499210B3BC146961DF4B951C5C4486CEB2A","53094368"
"InteractivAgents\InteractiveAgents2\Assets\Resources\Characters\Ch21_nonPBR.fbx.meta","128C3FBB4205ABD7B06A9200CAA03F8BF150CA83791FCBA5D8F25AEAA326434F","33381"
"InteractivAgents\InteractiveAgents2\Assets\Resources\Characters\Ch22_nonPBR.fbx","5C4DC4D8D6B3B74457C3F1FBE6211F1178B7081CF81AD16D125DD5D851ABD6AC","59319056"
"InteractivAgents\InteractiveAgents2\Assets\Resources\Characters\Ch22_nonPBR.fbx.meta","0A9706F375582EB116F88674C4BB49A06111D078F2959FA1F6EE99B035640986","4386"
"InteractivAgents\InteractiveAgents2\Assets\Resources\Characters\Ch23_nonPBR.fbx","6B50E53467F0AFCE10B06BA77BEB915EFE5A5B2054D945C3CB05633200849CC1","53403248"
"InteractivAgents\InteractiveAgents2\Assets\Resources\Characters\Ch23_nonPBR.fbx.meta","A7BDCB40BAC016627474AB9DE7718E347EF6525195C2F61E8BEF29C94A50B0A1","33510"
"InteractivAgents\InteractiveAgents2\Assets\Resources\Characters\Textures.meta","9D6819D045DCD50B84CFE3C49070159F79DCDE15CCAE5AF36394BD0439645C06","172"
"InteractivAgents\InteractiveAgents2\Assets\Resources\Characters\Textures\Bodymat.mat","CDA8755E385910F55F690C689771DDA8280C6A7519D567896218197D61FC8E95","4021"
"InteractivAgents\InteractiveAgents2\Assets\Resources\Characters\Textures\Bodymat.mat.meta","3B582C6EC64AE14ACE7D25558E05ADE74D19D584C8DEC93BE21F2C7DC7D2F189","188"
"InteractivAgents\InteractiveAgents2\Assets\Resources\Characters\Textures\Bottommat.mat","C7C80EDF29D153D63C61AC0FE0929ECA92355C9C4F6A975C3B4B89CAF99E38D4","4023"
"InteractivAgents\InteractiveAgents2\Assets\Resources\Characters\Textures\Bottommat.mat.meta","8AD284DE93D803BD462465B607C0EF77653A3E9E2D0241FA8E58DF549A096294","188"
"InteractivAgents\InteractiveAgents2\Assets\Resources\Characters\Textures\Ch01_1001_Diffuse.png","1D63EFBD84D5DF2860D77EDE720DFD1847967C79C202596433C90CC53583AD17","20140637"
"InteractivAgents\InteractiveAgents2\Assets\Resources\Characters\Textures\Ch01_1001_Diffuse.png.meta","A777D211488FBC14055DDFD7371E00104CAD6A94CE7AA807A6EBDE0FAA92ED93","3365"
"InteractivAgents\InteractiveAgents2\Assets\Resources\Characters\Textures\Ch01_1001_Glossiness.png","F3DC3754C3C883699D6F28A4E5180EAC32E0108D3A023DDC50F8CB618BDC9A24","7103219"
"InteractivAgents\InteractiveAgents2\Assets\Resources\Characters\Textures\Ch01_1001_Glossiness.png.meta","469AA0DFE52241CA5F194C43C2A40077DC0E9377F20BB51FA2141223412519C3","3364"
"InteractivAgents\InteractiveAgents2\Assets\Resources\Characters\Textures\Ch01_1001_Normal.png","FD9E1F9D1F0071DACC0B9D0FADF66E94A5F05BAF32451432E9F3D9E17D26EEEA","24611101"
"InteractivAgents\InteractiveAgents2\Assets\Resources\Characters\Textures\Ch01_1001_Normal.png.meta","6DA9185361743CD9A27E0CD1A748F690976D09525A14022259B8E0D91842D61C","3364"
"InteractivAgents\InteractiveAgents2\Assets\Resources\Characters\Textures\Ch01_1001_Specular.png","8D2772A52FEECEAAE1250E536C50E59E7C16BAF5C00B4A9DFB52002D3F83B65F","478831"
"InteractivAgents\InteractiveAgents2\Assets\Resources\Characters\Textures\Ch01_1001_Specular.png.meta","57D825B3FBCE68A25064B857F7575D9A7BD925D723C709D2E055323505EE516E","3364"
"InteractivAgents\InteractiveAgents2\Assets\Resources\Characters\Textures\Ch01_body.mat","22E0EB1358418C57881D654B8F98FA3DCF184C660C2782E286D0E752007AB7A0","4034"
"InteractivAgents\InteractiveAgents2\Assets\Resources\Characters\Textures\Ch01_body.mat.meta","7BD22A7667BC1872D6FA812FD96F39973F742C818B9668AD2DB0DD08E042EE09","188"
"InteractivAgents\InteractiveAgents2\Assets\Resources\Characters\Textures\Ch01_hair.mat","9F243EEA29565A552F409A56148741642E23155878A7B4B1C4F70AD6F486CCE9","4115"
"InteractivAgents\InteractiveAgents2\Assets\Resources\Characters\Textures\Ch01_hair.mat.meta","DB141D4B35327E46139B6FB4E2D16D7B2DB97AE9540FC34BE40FFD13E87B3C09","188"
"InteractivAgents\InteractiveAgents2\Assets\Resources\Characters\Textures\Ch08_1001_Diffuse.png","A3814A89DB16044D732782FACE859966E238F0898AD26551530A66C1C7EA7F21","14560870"
"InteractivAgents\InteractiveAgents2\Assets\Resources\Characters\Textures\Ch08_1001_Diffuse.png.meta","292F30E32465F8488B85C08A41CF04E485424275A27128FCF31DBCF6F8184455","3364"
"InteractivAgents\InteractiveAgents2\Assets\Resources\Characters\Textures\Ch08_1001_Glossiness.png","F1E0D5316E067D22EA35A9E1AF895C3641F328FA160262B03BDCD745DA909471","6818863"
"InteractivAgents\InteractiveAgents2\Assets\Resources\Characters\Textures\Ch08_1001_Glossiness.png.meta","26E2D9960568AEAD01A2F617B8EC49BE3EAE7E6CF7244FF05EC8D8BBB9B660F9","3364"
"InteractivAgents\InteractiveAgents2\Assets\Resources\Characters\Textures\Ch08_1001_Normal.png","B9FD3FAF70E3C2CF6639CAED27A3C7A2BEB1A6C6669DB5625649DA95805A2CAD","20641296"
"InteractivAgents\InteractiveAgents2\Assets\Resources\Characters\Textures\Ch08_1001_Normal.png.meta","3FC07FB652C868C63674DA32B1D7A6B982C4B06BFDF2DCF438A47F502A6458A4","3364"
"InteractivAgents\InteractiveAgents2\Assets\Resources\Characters\Textures\Ch08_1001_Specular.png","FCF758DF44BE5D157CB1A5797E44B06E7972190A889C4B8C6B7C759FF80C6F18","704663"
"InteractivAgents\InteractiveAgents2\Assets\Resources\Characters\Textures\Ch08_1001_Specular.png.meta","45BB865FDC8D3F89DACAF69DFBAFA1C8B5585B68ABF973A5F940D6FF1DC6B28C","3364"
"InteractivAgents\InteractiveAgents2\Assets\Resources\Characters\Textures\Ch08_1002_Diffuse.png","B3E785A68CFD3252F008926A8562961AEEC6C00FFCC4A4B222AF93E9861C0ECB","7788914"
"InteractivAgents\InteractiveAgents2\Assets\Resources\Characters\Textures\Ch08_1002_Diffuse.png.meta","DD5A5289773BAE0AD31C59D18032A5928A1D2673B49599910D09BC24A2C9EDE6","3364"
"InteractivAgents\InteractiveAgents2\Assets\Resources\Characters\Textures\Ch08_1002_Glossiness.png","D547E9FD2CCA396A21007B36196E544499493001363DF921C704C348F5E24C5A","1157708"
"InteractivAgents\InteractiveAgents2\Assets\Resources\Characters\Textures\Ch08_1002_Glossiness.png.meta","77781D067062AC5CE0833B20DA7D259C87098548CAD4E7F2E6719DC7BCEDB98A","3364"
"InteractivAgents\InteractiveAgents2\Assets\Resources\Characters\Textures\Ch08_1002_Normal.png","51265279BE06590755C5956C30202AE37B1A3FB6CC0357165A192B4BD0AFF569","23663234"
"InteractivAgents\InteractiveAgents2\Assets\Resources\Characters\Textures\Ch08_1002_Normal.png.meta","A46E75BDAD846470C438DDD89678F762D6C1BEC63EEF09136AF8A28FCC3E2D31","3364"
"InteractivAgents\InteractiveAgents2\Assets\Resources\Characters\Textures\Ch08_1002_Specular.png","AA1E15B7BCC2C37168F785A5550A5CE46FE927359056E9C4EE27125F81F57347","58789"
"InteractivAgents\InteractiveAgents2\Assets\Resources\Characters\Textures\Ch08_1002_Specular.png.meta","3CF7F4C0CC8CBDBDBC523D9712B9109B1D6672EC9BC48B53090C1ECE04F8EB72","3364"
"InteractivAgents\InteractiveAgents2\Assets\Resources\Characters\Textures\Ch08_1003_Diffuse.png","0D650C2C69987522716477627EE4507E7461AAA5CAE2A3870CA36042BB8D31C2","4537072"
"InteractivAgents\InteractiveAgents2\Assets\Resources\Characters\Textures\Ch08_1003_Diffuse.png.meta","D5179DF88307DBAF24827DDB631E531DCE254BAAAF53802E895D85E131DD2C21","3365"
"InteractivAgents\InteractiveAgents2\Assets\Resources\Characters\Textures\Ch08_1003_Normal.png","E39B25FCD3F26C6E7A51B4C0DB924DCD228A2ECA5B98B3D11116A1460A1C70E1","4400579"
"InteractivAgents\InteractiveAgents2\Assets\Resources\Characters\Textures\Ch08_1003_Normal.png.meta","BC539E6B549EC5FCDBC35C6099F20E85679FAA93D31E42F950259DEE06D048C9","3364"
"InteractivAgents\InteractiveAgents2\Assets\Resources\Characters\Textures\Ch08_body.mat","3A74088A0842A1B182B993DD320853B9CEEE91CA96D678A18A013D6680348D58","4036"
"InteractivAgents\InteractiveAgents2\Assets\Resources\Characters\Textures\Ch08_body.mat.meta","49D45E562EB88422EDE6D466003A1D62FA6ED9DD26E98065E385CD0DD6784F83","188"
"InteractivAgents\InteractiveAgents2\Assets\Resources\Characters\Textures\Ch08_body1.mat","88F0F3CFADC700FC1657495D98E70D16DE1C4E7ED85ED5FE9B52A77E0E76A43A","4037"
"InteractivAgents\InteractiveAgents2\Assets\Resources\Characters\Textures\Ch08_body1.mat.meta","9470451CA5F026075D047D0E54E576D2BD222D2A4E454E633E9B7FC3497152A2","188"
"InteractivAgents\InteractiveAgents2\Assets\Resources\Characters\Textures\Ch08_hair.mat","54EA631E1302E2A5E5E6169C82AAA83A2D1C9A5138B8C7F9042B6DD0C7256F42","4116"
"InteractivAgents\InteractiveAgents2\Assets\Resources\Characters\Textures\Ch08_hair.mat.meta","366356DDF2B1300A4A8AD4ABFB95E289D4EA735E9EB5C48C461E3549D933F515","188"
"InteractivAgents\InteractiveAgents2\Assets\Resources\Characters\Textures\Ch21_1001_Diffuse.png","14F4327DFBFF59FCB0463BC585867C76CA755985B252CA76957208DBF27A5199","14371751"
"InteractivAgents\InteractiveAgents2\Assets\Resources\Characters\Textures\Ch21_1001_Diffuse.png.meta","3254F17303C02FCCBB826A363FCC0BF5A4899E7EAD1C8A0BAA7E7DEEF2019BCC","3364"
"InteractivAgents\InteractiveAgents2\Assets\Resources\Characters\Textures\Ch21_1001_Glossiness.png","78B90305F824CEE8EBB0A8312D360887A57AE1EE411706BE282FFA98FB68CC20","6089243"
"InteractivAgents\InteractiveAgents2\Assets\Resources\Characters\Textures\Ch21_1001_Glossiness.png.meta","C620221A39B7A3D0D38973F65A1CA89750893ED5FED1D7359088EC3ABBE02E16","3364"
"InteractivAgents\InteractiveAgents2\Assets\Resources\Characters\Textures\Ch21_1001_Normal.png","3F7C069ADE38C666990E28BDDDA26D359EE302780982C01922057DB3105F2398","20809061"
"InteractivAgents\InteractiveAgents2\Assets\Resources\Characters\Textures\Ch21_1001_Normal.png.meta","9775101146FBC972A0E9C97B0ED9B1E3A431569ED43E31F1841C5F9A14827F8A","3364"
"InteractivAgents\InteractiveAgents2\Assets\Resources\Characters\Textures\Ch21_1001_Specular.png","AA1E15B7BCC2C37168F785A5550A5CE46FE927359056E9C4EE27125F81F57347","58789"
"InteractivAgents\InteractiveAgents2\Assets\Resources\Characters\Textures\Ch21_1001_Specular.png.meta","9F2CF5C06D5E4B49B620330DD0A563E26E6B40A35FDFDCF88837A4D4A707EB42","3364"
"InteractivAgents\InteractiveAgents2\Assets\Resources\Characters\Textures\Ch21_1002_Diffuse.png","3E13EF5B7D502482A741D431A5ACD7B829DA7E5F27B359037AE5876E00D198B8","4479335"
"InteractivAgents\InteractiveAgents2\Assets\Resources\Characters\Textures\Ch21_1002_Diffuse.png.meta","C74DA25F1A33F16B08331E3B8FEBB9824205DA16F17AF1058B8E44423F2E2563","3365"
"InteractivAgents\InteractiveAgents2\Assets\Resources\Characters\Textures\Ch21_1002_Normal.png","DF15022A54EC0A6A1B3DAFD7BBD177567864ADDD3E08E2D3F5DEDC9B601EB35A","4255376"
"InteractivAgents\InteractiveAgents2\Assets\Resources\Characters\Textures\Ch21_1002_Normal.png.meta","FF70E5DFD0D0BB1CAA7D00192166ED35CB5D13FB60081E2B3FA66846B5AAC58D","3364"
"InteractivAgents\InteractiveAgents2\Assets\Resources\Characters\Textures\Ch21_body.mat","8C1846C44B22D15EC8C3BDA1D80E753C3D4279C3294E8D71302EB7DFDD06C62E","4036"
"InteractivAgents\InteractiveAgents2\Assets\Resources\Characters\Textures\Ch21_body.mat.meta","39439F2016C1B56FDB510E84E373F6D0BCF68280F97F58CCDA1976D6F6250212","188"
"InteractivAgents\InteractiveAgents2\Assets\Resources\Characters\Textures\Ch21_hair.mat","F32EA0A5C3119B2EBD0E1B7DEC8672CC84650E513B43090E47B6D5CE4844DE57","4115"
"InteractivAgents\InteractiveAgents2\Assets\Resources\Characters\Textures\Ch21_hair.mat.meta","4A002E362B0D7E51C6B4D2A888EE54548C27D70017B3085233B5D65F7640DB7E","188"
"InteractivAgents\InteractiveAgents2\Assets\Resources\Characters\Textures\Ch22_1001_Diffuse.png","4A33281878DED2E537EB4243829695DC39604BA9FB9AE5C30F4338EA0A3A8965","18361253"
"InteractivAgents\InteractiveAgents2\Assets\Resources\Characters\Textures\Ch22_1001_Diffuse.png.meta","D5072A1E9D97CEAB1D8EF138CD418865B96BC4E5097BE66FD3A1795C0CE0E2FB","3364"
"InteractivAgents\InteractiveAgents2\Assets\Resources\Characters\Textures\Ch22_1001_Glossiness.png","78317D249BE9D376EEFFDE24A1F24ABD273A66AA32E1A9B4CA6D46CB44922BEF","6187527"
"InteractivAgents\InteractiveAgents2\Assets\Resources\Characters\Textures\Ch22_1001_Glossiness.png.meta","A9212CA87BFFE9F17DC7D0B97A71AE3D7ACE510C424BE0C685DACC4538290681","3364"
"InteractivAgents\InteractiveAgents2\Assets\Resources\Characters\Textures\Ch22_1001_Normal.png","4E54663F99A5CD4A76637186689F15D316AE72E864E1E70168DF10F442F15E4B","22809147"
"InteractivAgents\InteractiveAgents2\Assets\Resources\Characters\Textures\Ch22_1001_Normal.png.meta","10179D28DEB069DC4FC3885685AAE4B6B202A285225F7589046CC886AA70E93F","3364"
"InteractivAgents\InteractiveAgents2\Assets\Resources\Characters\Textures\Ch22_1001_Specular.png","CC5D742AFF2F36626597B51BD4B86D330FAA8B55984ECF775ACB6EC5AEFDD0B2","63478"
"InteractivAgents\InteractiveAgents2\Assets\Resources\Characters\Textures\Ch22_1001_Specular.png.meta","AB307B27EC1DA55DAF7EFBDC2091301FE40E300AF90AD18E728B64180CB23197","3364"
"InteractivAgents\InteractiveAgents2\Assets\Resources\Characters\Textures\Ch22_1002_Diffuse.png","E2BC7762AF46B14B58890B972006512909128E369733A5254D2CF78D3C26130F","5601219"
"InteractivAgents\InteractiveAgents2\Assets\Resources\Characters\Textures\Ch22_1002_Diffuse.png.meta","29D6C8393E93C4CA6D7608BF0E12EFF178CC78B917F29F33303CEF8CF39106F3","3365"
"InteractivAgents\InteractiveAgents2\Assets\Resources\Characters\Textures\Ch22_1002_Normal.png","33A865B95F3051F51C8B6F7F187392577059581F371CAA9F8EEABDAF9E87824D","3425163"
"InteractivAgents\InteractiveAgents2\Assets\Resources\Characters\Textures\Ch22_1002_Normal.png.meta","0752D147445E43826B0F230EBAE6C543394A02BEA9C60197CA22C3299CE24918","3364"
"InteractivAgents\InteractiveAgents2\Assets\Resources\Characters\Textures\Ch22_body.mat","6D2C6B4540843554916EE427AE61E2DA10F42741A206BBDBB3375F637E0A7FEF","4036"
"InteractivAgents\InteractiveAgents2\Assets\Resources\Characters\Textures\Ch22_body.mat.meta","9692DBDAB594489DD8483F78C9A0B51AB0014E7ECD762BE72E5AF6B61B742EB0","188"
"InteractivAgents\InteractiveAgents2\Assets\Resources\Characters\Textures\Ch22_hair.mat","BB0CF37E6C0CC5BA93B2E9058FC7161DFF7FEEA17A99AA936C24F4E74C7E43D3","4115"
"InteractivAgents\InteractiveAgents2\Assets\Resources\Characters\Textures\Ch22_hair.mat.meta","6F4EACCAFF20A72439224E311202D9581B2E037A050DA9A929EDDB45835AF483","188"
"InteractivAgents\InteractiveAgents2\Assets\Resources\Characters\Textures\Ch23_1001_Diffuse.png","17BBD21C1CC1F421F6A22482D4576AA47797788E193E008FCC97A7F71F9FE6CB","17115454"
"InteractivAgents\InteractiveAgents2\Assets\Resources\Characters\Textures\Ch23_1001_Diffuse.png.meta","C09446757CEB9EAC15DE08410ED455D7696C2DA3D14C5A7F2DCE79FBA01FC66F","3364"
"InteractivAgents\InteractiveAgents2\Assets\Resources\Characters\Textures\Ch23_1001_Glossiness.png","E379E1FF0E39CD56991C9DBD2BF2CE731125264BD42E9C445E05FD197916AEC4","5538824"
"InteractivAgents\InteractiveAgents2\Assets\Resources\Characters\Textures\Ch23_1001_Glossiness.png.meta","D654BF7779A6613CD5046FC01334B80139D9D5ED4969CF0AFBDB2544F4CE7FD7","3364"
"InteractivAgents\InteractiveAgents2\Assets\Resources\Characters\Textures\Ch23_1001_Normal.png","A2FFE9327E0CA255987F5C416D423636799E27C52877B47C493E7B63CC06B306","22479596"
"InteractivAgents\InteractiveAgents2\Assets\Resources\Characters\Textures\Ch23_1001_Normal.png.meta","C04E4128054B08809602691A34929509D4AC0B6C6383AEC2E8DC12AB98547805","3364"
"InteractivAgents\InteractiveAgents2\Assets\Resources\Characters\Textures\Ch23_1001_Specular.png","2D176AE41EFCCC2CE797EC1AA8251930F7C4B7EFE343D496B72AE10D564B7D99","88954"
"InteractivAgents\InteractiveAgents2\Assets\Resources\Characters\Textures\Ch23_1001_Specular.png.meta","0561BE9E6D1EE649CAEB714AF4190BE526DAF06D0A66A8A8078AC9CD2CD67C2E","3364"
"InteractivAgents\InteractiveAgents2\Assets\Resources\Characters\Textures\Ch23_1002_Diffuse.png","4402888DE96BA613A3A3E2068DE5B71DF2CB155E05C407EA1C1A634CB4FA1CD4","5429553"
"InteractivAgents\InteractiveAgents2\Assets\Resources\Characters\Textures\Ch23_1002_Diffuse.png.meta","287D9E45CC029BAF2BFAF53924ED2DC45551C9726C049D66E546DDABEB3BEC8B","3365"
"InteractivAgents\InteractiveAgents2\Assets\Resources\Characters\Textures\Ch23_body.mat","A085452B5933FABC6658B58D2E7B43FC7D61CA57B6B4E2644D9F6D3AA4A57963","4036"
"InteractivAgents\InteractiveAgents2\Assets\Resources\Characters\Textures\Ch23_body.mat.meta","0E3C83EA3F95FC6B0BDE69BA146FD0C511C9176664AE8E55CC058686F159D5A2","188"
"InteractivAgents\InteractiveAgents2\Assets\Resources\Characters\Textures\Ch23_hair.mat","BA2079D96B13D29A60717B965BF089AFDE5A6D2312920AD6702CBC8EFC8E2EAD","4046"
"InteractivAgents\InteractiveAgents2\Assets\Resources\Characters\Textures\Ch23_hair.mat.meta","BC92F6D90299904F5DD11FE53754862D12BE02C950E2EE3EF710BA13FBE5A3FC","188"
"InteractivAgents\InteractiveAgents2\Assets\Resources\Characters\Textures\Eyelashmat.mat","7804A09F802BE9D9A2CE67AADCCE1D269FD4C45D48979028082F2503B222EFA1","4044"
"InteractivAgents\InteractiveAgents2\Assets\Resources\Characters\Textures\Eyelashmat.mat.meta","94507BE3911DCB276CDB657BB59890F6D1152189A09038B7306160BB7702E86D","188"
"InteractivAgents\InteractiveAgents2\Assets\Resources\Characters\Textures\Hairmat.mat","2A0C0BFCEE6106326D2B6263405A8D902C1661DFCF19FBA3B23B7AE1AA55E4A4","4042"
"InteractivAgents\InteractiveAgents2\Assets\Resources\Characters\Textures\Hairmat.mat.meta","62EEC92699007B15910EF66B60EA347A79EE749ED74FF4805C1D3EC497123E49","188"
"InteractivAgents\InteractiveAgents2\Assets\Resources\Characters\Textures\Remy_Body_Diffuse.png","60E8E16D8122FF6B6F189F062070D6611DE4FC18AD4C3F2822232366EB8680FB","4502121"
"InteractivAgents\InteractiveAgents2\Assets\Resources\Characters\Textures\Remy_Body_Diffuse.png.meta","9D199146DA9AF15A913A541B32BCF1A5496379F82EE1F628668653FF44B0CFF2","3365"
"InteractivAgents\InteractiveAgents2\Assets\Resources\Characters\Textures\Remy_Body_Gloss.png","4D3D7E329DEDF0FABEEB630893FA3A56D711B5AA61256298C33B698A1CEDB2F5","2786109"
"InteractivAgents\InteractiveAgents2\Assets\Resources\Characters\Textures\Remy_Body_Gloss.png.meta","7F668FF587C70B52E4531860A7B15535942F0903A4D15BBB55D0F41CF6C88AD5","3364"
"InteractivAgents\InteractiveAgents2\Assets\Resources\Characters\Textures\Remy_Body_Normal.png","0062DB51573B4B009CA9B74F77CB3AD92B0963EC1EC0F254CA6CF189D9894969","3570002"
"InteractivAgents\InteractiveAgents2\Assets\Resources\Characters\Textures\Remy_Body_Normal.png.meta","E32285F135919CDC70713C0BCE0FDE617217E0B80F901358EFFCFA18CEFA4E2B","3364"
"InteractivAgents\InteractiveAgents2\Assets\Resources\Characters\Textures\Remy_Body_Opacity.png","398ED9F68C75C3A904470DD1C0DCC099995A812F9CD20F41FC0E07AE15B37F0C","54744"
"InteractivAgents\InteractiveAgents2\Assets\Resources\Characters\Textures\Remy_Body_Opacity.png.meta","0A6E0918DAB26A3F79C38AEE75F9952013213C082FBCF74574C9F15443B08608","3364"
"InteractivAgents\InteractiveAgents2\Assets\Resources\Characters\Textures\Remy_Body_Specular.png","00832FE6B04B1C6385EB86900F82E157E285194BCEEE7FC5BE122B6FA7889EA6","2260608"
"InteractivAgents\InteractiveAgents2\Assets\Resources\Characters\Textures\Remy_Body_Specular.png.meta","418A43A2E931CA2B3A60B037E89B25EEDFE74840354DE64E5163AC9F8E3F3CE5","3364"
"InteractivAgents\InteractiveAgents2\Assets\Resources\Characters\Textures\Remy_Bottom_Diffuse.png","36B5E01DD9EBE795E5655860B87F091F5953ADE86EC81B8DB6F6DE00747CE6CA","1336582"
"InteractivAgents\InteractiveAgents2\Assets\Resources\Characters\Textures\Remy_Bottom_Diffuse.png.meta","5C3166FE9113BBE2E8F1C9D1D6B2496F9F983CFA473CDF600DCEB611C4C5F2FF","3364"
"InteractivAgents\InteractiveAgents2\Assets\Resources\Characters\Textures\Remy_Bottom_Gloss.png","8DED2B4F1CF899E03DB62CEC9CF094D23B9524684407D72D5FC9E6EAB4628D30","803371"
"InteractivAgents\InteractiveAgents2\Assets\Resources\Characters\Textures\Remy_Bottom_Gloss.png.meta","EAE418CC7605B84378CE8454733B4EEEC5DBC210B6B5A0C6DFBD05D136970113","3364"
"InteractivAgents\InteractiveAgents2\Assets\Resources\Characters\Textures\Remy_Bottom_Normal.png","8E872549D402B5214DB4E3FC425AE6794DEABCF92EDD263BBAB0C784D8932C69","1978091"
"InteractivAgents\InteractiveAgents2\Assets\Resources\Characters\Textures\Remy_Bottom_Normal.png.meta","9E22B8E40A8BEE7B736AA2CAFB621A64DDD171100A158D97AE07D91C4DEEABA1","3364"
"InteractivAgents\InteractiveAgents2\Assets\Resources\Characters\Textures\Remy_Bottom_Specular.png","864304310396759A4BC9017ADB02BBF7C4348E6546DAAADA38792371C0968949","312494"
"InteractivAgents\InteractiveAgents2\Assets\Resources\Characters\Textures\Remy_Bottom_Specular.png.meta","ED8D940FC4867FB4ABBA9558CDEC9BED9646AFCE02CF1D05E4EF21CD1A2EBCD5","3364"
"InteractivAgents\InteractiveAgents2\Assets\Resources\Characters\Textures\Remy_Hair_Diffuse.png","00D61525C0156646D27D9A75F619779C9811FC50A294532FED1B18C995C4CE7F","674487"
"InteractivAgents\InteractiveAgents2\Assets\Resources\Characters\Textures\Remy_Hair_Diffuse.png.meta","787C0C4D887A964A3E1B24EA0DAD53E34A2F69C5861789B5BA5B40DD66AFB31C","3365"
"InteractivAgents\InteractiveAgents2\Assets\Resources\Characters\Textures\Remy_Hair_Gloss.png","731701EC9A04CC6B083FC3BDF25A31EC7575E964CBA861D6C90A97166E11F0C5","98650"
"InteractivAgents\InteractiveAgents2\Assets\Resources\Characters\Textures\Remy_Hair_Gloss.png.meta","2B45C880A63D63DDA87EDE617C2EA7758979AC8F17ACAC047B2E45AA4B3C0BB5","3364"
"InteractivAgents\InteractiveAgents2\Assets\Resources\Characters\Textures\Remy_Hair_Normal.png","87D5FA24A7115E503C09082C3F5F2C2A95274141BAACE8887AA22A354148B07E","186982"
"InteractivAgents\InteractiveAgents2\Assets\Resources\Characters\Textures\Remy_Hair_Normal.png.meta","C82C207C8A9F7A403B196AD669BDE428A81AF7F1DBFC0FCA109DBE3A7B5F6C38","3364"
"InteractivAgents\InteractiveAgents2\Assets\Resources\Characters\Textures\Remy_Hair_Opacity.png","10AA4AFA23785A2B0F3ED472506ACE4962695D80E3D9E5850836F0CDF836CF0D","545031"
"InteractivAgents\InteractiveAgents2\Assets\Resources\Characters\Textures\Remy_Hair_Opacity.png.meta","6E845070B460FC34EDE83B42DF97B0BF7DEF312907F8CCE6385156DA47BAD90C","3364"
"InteractivAgents\InteractiveAgents2\Assets\Resources\Characters\Textures\Remy_Hair_Specular.png","08EEB126D0B55FA65FBB22875FA57497664ECF254A23B37C1410A28915245CE1","98209"
"InteractivAgents\InteractiveAgents2\Assets\Resources\Characters\Textures\Remy_Hair_Specular.png.meta","303E745A61C4A64712B7E35BB5FDD0C99075F0AC482B6AABFA450B919558C6E5","3364"
"InteractivAgents\InteractiveAgents2\Assets\Resources\Characters\Textures\Remy_Shoes_Diffuse.png","875894A0EB703AF626175FF15A9C995F35A95F430694DC997577B566601EFC19","1184808"
"InteractivAgents\InteractiveAgents2\Assets\Resources\Characters\Textures\Remy_Shoes_Diffuse.png.meta","D6E6C14537078AC2C9C3E7B521128161F1E4B67470C4F923D91B2A2984704FA9","3364"
"InteractivAgents\InteractiveAgents2\Assets\Resources\Characters\Textures\Remy_Shoes_Gloss.png","D2A8322A908055036A1015BD216710EFA04625C2B16B85A98E1D0548E3133877","639253"
"InteractivAgents\InteractiveAgents2\Assets\Resources\Characters\Textures\Remy_Shoes_Gloss.png.meta","94ED368F40EBFFFED48364DFFB01C7A703C3CC5660D6F3148C7F888B8612D603","3364"
"InteractivAgents\InteractiveAgents2\Assets\Resources\Characters\Textures\Remy_Shoes_Normal.png","9E2806E5091C2D5B2171E4C0E33A9CA9F203946E07842451407D9714BB1C0577","2294405"
"InteractivAgents\InteractiveAgents2\Assets\Resources\Characters\Textures\Remy_Shoes_Normal.png.meta","794F7ED72DC39C3D9DD38E378E5D237DAC5197AF6F30A700DDAEA4651D9F12D0","3364"
"InteractivAgents\InteractiveAgents2\Assets\Resources\Characters\Textures\Remy_Shoes_Specular.png","FBBB5F1C51A1DB26856D74AAF866ECD0B3FA71505636A1D26CD6C12C656A94B5","353868"
"InteractivAgents\InteractiveAgents2\Assets\Resources\Characters\Textures\Remy_Shoes_Specular.png.meta","F3654B713CEFDC8492651078EADC2BD8453EF6A180DEEE4DD76AD84CAE2649D7","3364"
"InteractivAgents\InteractiveAgents2\Assets\Resources\Characters\Textures\Remy_Top_Diffuse.png","91C2896E1CCAAEEEC874616ED92849AD89841CDC3379BEB8691C2A756823393A","976247"
"InteractivAgents\InteractiveAgents2\Assets\Resources\Characters\Textures\Remy_Top_Diffuse.png.meta","2984E084F347901D3644CD4C72E7B01D6C721D493757DBEEF2C4BBF361537811","3364"
"InteractivAgents\InteractiveAgents2\Assets\Resources\Characters\Textures\Remy_Top_Gloss.png","3B3379275D4D8A2669F2F6C47D09C21EBB334BE74DE28EF1AB3D8C5FB6D2124F","489180"
"InteractivAgents\InteractiveAgents2\Assets\Resources\Characters\Textures\Remy_Top_Gloss.png.meta","D1BFBB14401D8FDC3E21C009B865912B07218E516718F35BB3238422D6D49D11","3364"
"InteractivAgents\InteractiveAgents2\Assets\Resources\Characters\Textures\Remy_Top_Normal.png","8018689F0F38D16D36227EE2B2E7EB188F5F504DC6DCE2C3B1CE9A70EFE09DA4","1199577"
"InteractivAgents\InteractiveAgents2\Assets\Resources\Characters\Textures\Remy_Top_Normal.png.meta","1BA89BA8BFEBAFCB1CD3E8702AA45B63C1AF73EC76EB263745A0758DFFAFCDB7","3364"
"InteractivAgents\InteractiveAgents2\Assets\Resources\Characters\Textures\Remy_Top_Specular.png","F7E8F5C2AA79BB531B59BDB3A1965F93FB465A7DFB95A1D780FE6A226B5130E5","162644"
"InteractivAgents\InteractiveAgents2\Assets\Resources\Characters\Textures\Remy_Top_Specular.png.meta","78CC2F2700546F89AC53AF7B80005C97D713176A8DBB99AD29F0E8FA93472A85","3364"
"InteractivAgents\InteractiveAgents2\Assets\Resources\Characters\Textures\Shoesmat.mat","B5AC3D7351FE1FA2967F88181E197648396D5104466A5CF1423CE0BBE0A40BF3","4023"
"InteractivAgents\InteractiveAgents2\Assets\Resources\Characters\Textures\Shoesmat.mat.meta","73F3BE596250457EE81F1EE98BDEF8DDDC7D14B6C7327635D806BAE06B3AD807","188"
"InteractivAgents\InteractiveAgents2\Assets\Resources\Characters\Textures\Topmat.mat","02BF60A2893617F6DAC3DD180F513BFE0349731D12A193388E85B8D0DDC2A3F1","4020"
"InteractivAgents\InteractiveAgents2\Assets\Resources\Characters\Textures\Topmat.mat.meta","9D47A6269A7A2F6775FF3E5FCC391A6AE50AB9141E9D6AED84A9B82AD859298F","188"
"InteractivAgents\InteractiveAgents2\Assets\Samples.meta","A3039056E374696A42197C09D38352BAB89169C2A22CDE16493889E708A9A0E4","172"
"InteractivAgents\InteractiveAgents2\Assets\Samples\XR Interaction Toolkit.meta","3AD169C292F93473B8C9EB786B46122505C26BC0827B307C5C38C079818CCED0","172"
"InteractivAgents\InteractiveAgents2\Assets\Samples\XR Interaction Toolkit\3.5.0.meta","35BDA1C4916D853E6F74B33542B736CB4913DA5373A1F659FD603F75B9C0AE4F","172"
"InteractivAgents\InteractiveAgents2\Assets\Samples\XR Interaction Toolkit\3.5.0\Starter Assets.meta","125834026495B9975D428E2E01EB4BB93A0A96DECF60AF93816B8C883D227A02","172"
"InteractivAgents\InteractiveAgents2\Assets\Samples\XR Interaction Toolkit\3.5.0\Starter Assets\AffordanceThemes.meta","73D1797A3A3CB1D51AAEA125F1652B1AC5C1686C44873A495FA10472A2AD5010","172"
"InteractivAgents\InteractiveAgents2\Assets\Samples\XR Interaction Toolkit\3.5.0\Starter Assets\AffordanceThemes\ControllerPokeSphereScale.asset","B75C5CFEBCE0FB49AF0B510AE8746ABC63862DD31AD9C43DAFC7605BD7A24BE7","1771"
"InteractivAgents\InteractiveAgents2\Assets\Samples\XR Interaction Toolkit\3.5.0\Starter Assets\AffordanceThemes\ControllerPokeSphereScale.asset.meta","E1A1BB9467E618C7DE2235DC156B96EEAD41E84F59D64D228CB50DBD2C4712D9","189"
"InteractivAgents\InteractiveAgents2\Assets\Samples\XR Interaction Toolkit\3.5.0\Starter Assets\AffordanceThemes\HighlightInteractionColor.asset","0294DB89643CCA83E8E92CA72E71E9A7FF7F1340F12E292DEF8C781BEBAB3E90","2665"
"InteractivAgents\InteractiveAgents2\Assets\Samples\XR Interaction Toolkit\3.5.0\Starter Assets\AffordanceThemes\HighlightInteractionColor.asset.meta","3F1FA321724298759B41842AF641DA5E85BC8A6BEEC964F9F885065B597168F2","189"
"InteractivAgents\InteractiveAgents2\Assets\Samples\XR Interaction Toolkit\3.5.0\Starter Assets\AffordanceThemes\HighlightStrengthInteraction.asset","63943BB242C027856F63F2B96482E7A87192E0B7ED3CBDDC8AC6E5BFD6DD048B","1776"
"InteractivAgents\InteractiveAgents2\Assets\Samples\XR Interaction Toolkit\3.5.0\Starter Assets\AffordanceThemes\HighlightStrengthInteraction.asset.meta","9A315290FD5AF578B90454057F1707241D31890424073E76FBDD8C25E45FA228","189"
"InteractivAgents\InteractiveAgents2\Assets\Samples\XR Interaction Toolkit\3.5.0\Starter Assets\AffordanceThemes\PokeSphereColor.asset","E0B4CE78E7E0C362EC7A6A34274BF34CD6C1E4CACA5C8F4E2CF59C62D3353635","2675"
"InteractivAgents\InteractiveAgents2\Assets\Samples\XR Interaction Toolkit\3.5.0\Starter Assets\AffordanceThemes\PokeSphereColor.asset.meta","7D790DBDB3EEBDEF0CEE2E9CDD14CDAD4F32F93A807F84A1704610A2C025F80E","189"
"InteractivAgents\InteractiveAgents2\Assets\Samples\XR Interaction Toolkit\3.5.0\Starter Assets\AffordanceThemes\PokeSphereInteraction.asset","B0261BB611639CBF7B230DEDBA89EA95279908A2EA2FD19D2F7C260D8D04C368","1779"
"InteractivAgents\InteractiveAgents2\Assets\Samples\XR Interaction Toolkit\3.5.0\Starter Assets\AffordanceThemes\PokeSphereInteraction.asset.meta","C0C67DBE7E94836DFDC1CD155A261BAED36635FC4F4EC437B0ECFFA3CBBB80B3","189"
"InteractivAgents\InteractiveAgents2\Assets\Samples\XR Interaction Toolkit\3.5.0\Starter Assets\Animations.meta","DAF3D22F4006AE48D9E8966136C0EEDA18AEFDB1923F0762FADA53C285EC8C75","172"
"InteractivAgents\InteractiveAgents2\Assets\Samples\XR Interaction Toolkit\3.5.0\Starter Assets\Animations\ArrowBounce.anim","AD70F14C463E4DBF01E6197F7DE4108BF02CD89C83ADA90B6245861845447A16","5340"
"InteractivAgents\InteractiveAgents2\Assets\Samples\XR Interaction Toolkit\3.5.0\Starter Assets\Animations\ArrowBounce.anim.meta","08D3887FEB680E811244640619FC01804556A408144A7DE78A5A833B5C528D58","188"
"InteractivAgents\InteractiveAgents2\Assets\Samples\XR Interaction Toolkit\3.5.0\Starter Assets\Animations\Climb Teleport Arrow.controller","345744D768EA51FA4D10CC01FED56DC4CBF274DFDCE9CC9B1A8B937EE65D37BE","2034"
"InteractivAgents\InteractiveAgents2\Assets\Samples\XR Interaction Toolkit\3.5.0\Starter Assets\Animations\Climb Teleport Arrow.controller.meta","12F54E90F7DA24F8114CD40F32B403209BFA1A023B1993A0C2E46745EFFCFEF2","188"
"InteractivAgents\InteractiveAgents2\Assets\Samples\XR Interaction Toolkit\3.5.0\Starter Assets\DemoAssets.meta","516268F69E4E5879BE7DEA73094FFE5161326A2012C5A5797F8AA618531E1039","172"
"InteractivAgents\InteractiveAgents2\Assets\Samples\XR Interaction Toolkit\3.5.0\Starter Assets\DemoAssets\AffordanceThemes.meta","30B963C0362C26CA23757A658C7EF5C3B7D85519718D903FC1502F39268095DC","172"
"InteractivAgents\InteractiveAgents2\Assets\Samples\XR Interaction Toolkit\3.5.0\Starter Assets\DemoAssets\AffordanceThemes\InteractionColor.asset","F8AEF74E6CFD68C88FF02E41B6C43A668B16FAE2C4D25A02263888F053200295","2650"
"InteractivAgents\InteractiveAgents2\Assets\Samples\XR Interaction Toolkit\3.5.0\Starter Assets\DemoAssets\AffordanceThemes\InteractionColor.asset.meta","82B692BA9CE3FAF304B97EB4DF4592891C3E1A1EE811E96A4D45806553328390","189"
"InteractivAgents\InteractiveAgents2\Assets\Samples\XR Interaction Toolkit\3.5.0\Starter Assets\DemoAssets\Audio.meta","50CF62877690F65F1B067F81A5488F9A062DABB7701104819DCD8F807C5B1D81","172"
"InteractivAgents\InteractiveAgents2\Assets\Samples\XR Interaction Toolkit\3.5.0\Starter Assets\DemoAssets\Audio\Button Pop.wav","4A1B9AA5525B2C782068EF44FB1722D6B3B1F834D1DD350B173967152FB9F0C0","51580"
"InteractivAgents\InteractiveAgents2\Assets\Samples\XR Interaction Toolkit\3.5.0\Starter Assets\DemoAssets\Audio\Button Pop.wav.meta","8A06D3A448F6FBFE198C39221687D0827A4289D0950302362B91D21960F77D14","485"
"InteractivAgents\InteractiveAgents2\Assets\Samples\XR Interaction Toolkit\3.5.0\Starter Assets\DemoAssets\Materials.meta","03A5057393F080801579F9F897FEE0DA96228E15BC4CF20D607C35AE41D8A572","172"
"InteractivAgents\InteractiveAgents2\Assets\Samples\XR Interaction Toolkit\3.5.0\Starter Assets\DemoAssets\Materials\Concrete Dark Blue.mat","20FA77F9C7590EF6F87CB42AAE12EC125C02A07485E7A252DD65980702216F7E","4852"
"InteractivAgents\InteractiveAgents2\Assets\Samples\XR Interaction Toolkit\3.5.0\Starter Assets\DemoAssets\Materials\Concrete Dark Blue.mat.meta","ACA444BDAACDE9E3B358F590ABF5D0ABD817D4508FA7F546EAB99174D483B6FB","188"
"InteractivAgents\InteractiveAgents2\Assets\Samples\XR Interaction Toolkit\3.5.0\Starter Assets\DemoAssets\Materials\Concrete Grey.mat","8F079CA380DADCD8BA22C1B18F8CC9E511028A821AF97FDBE8899D18F608A710","4939"
"InteractivAgents\InteractiveAgents2\Assets\Samples\XR Interaction Toolkit\3.5.0\Starter Assets\DemoAssets\Materials\Concrete Grey.mat.meta","39AFDF7016981477C9BCEFFF220E95615FC9B1C92786C67E39B778270BCBE949","188"
"InteractivAgents\InteractiveAgents2\Assets\Samples\XR Interaction Toolkit\3.5.0\Starter Assets\DemoAssets\Materials\Concrete Light Blue.mat","C34BB4133E54E9CA75C31E5A2FAFC526129445037D52ECB02D337FD2DD5FC7C8","4849"
"InteractivAgents\InteractiveAgents2\Assets\Samples\XR Interaction Toolkit\3.5.0\Starter Assets\DemoAssets\Materials\Concrete Light Blue.mat.meta","F92A9BD6DF0B73406439430F5F902855FC8C2F4E26A7BE607E3EBAAD4758CF88","188"
"InteractivAgents\InteractiveAgents2\Assets\Samples\XR Interaction Toolkit\3.5.0\Starter Assets\DemoAssets\Materials\Lit White.mat","999261665CD09E7CAFABDF46AC09210EA20DEFD4961A8E7ADC807B436F59D59E","4627"
"InteractivAgents\InteractiveAgents2\Assets\Samples\XR Interaction Toolkit\3.5.0\Starter Assets\DemoAssets\Materials\Lit White.mat.meta","297801CDBF387BB8BF891A0D11563EA75D8FE2DB44B6689B7E610098FD7091B5","188"
"InteractivAgents\InteractiveAgents2\Assets\Samples\XR Interaction Toolkit\3.5.0\Starter Assets\DemoAssets\Materials\MaterialPipelineHandler.asset","03E72E53E2F2A0BECEABCEC994F59812A7AA7860F7B1A02D6A00539F7A8FCC60","1787"
"InteractivAgents\InteractiveAgents2\Assets\Samples\XR Interaction Toolkit\3.5.0\Starter Assets\DemoAssets\Materials\MaterialPipelineHandler.asset.meta","2C392B0A59F3A31A6F6F690851255F002CF5F782540FD99DF5B1FF099794CF48","189"
"InteractivAgents\InteractiveAgents2\Assets\Samples\XR Interaction Toolkit\3.5.0\Starter Assets\DemoAssets\Models.meta","9F795F496BE8A07971C81B2D663568E2F35C728358DA2915A50BCFC11213B68C","172"
"InteractivAgents\InteractiveAgents2\Assets\Samples\XR Interaction Toolkit\3.5.0\Starter Assets\DemoAssets\Models\Primitive_Blaster.fbx","A7CC9F5A1CAAA1D76D55DC5791E68CC497084B9880FAFA21B955A3D39B1194E1","102160"
"InteractivAgents\InteractiveAgents2\Assets\Samples\XR Interaction Toolkit\3.5.0\Starter Assets\DemoAssets\Models\Primitive_Blaster.fbx.meta","A239DFF92CCBFCBA5BCD35CB10EF979386A408677FA1B58E6E4F0BC26EC6EC9B","3010"
"InteractivAgents\InteractiveAgents2\Assets\Samples\XR Interaction Toolkit\3.5.0\Starter Assets\DemoAssets\Models\Primitive_Blaster_Long.fbx","1E6CDFDE636489E46CBB1FF7BA717880C4A93B7B4191CA312341CE23AF5036C3","108668"
"InteractivAgents\InteractiveAgents2\Assets\Samples\XR Interaction Toolkit\3.5.0\Starter Assets\DemoAssets\Models\Primitive_Blaster_Long.fbx.meta","25B1690673B9447C6A2C278A1FB0A92BE86D670A5B26A417CD5BB2AA8F0FABC8","3014"
"InteractivAgents\InteractiveAgents2\Assets\Samples\XR Interaction Toolkit\3.5.0\Starter Assets\DemoAssets\Models\Primitive_Cylinder.fbx","5F6C584AF74D4586E280BE697F3B94267717455806E2C5789B6A57E114442847","23232"
"InteractivAgents\InteractiveAgents2\Assets\Samples\XR Interaction Toolkit\3.5.0\Starter Assets\DemoAssets\Models\Primitive_Cylinder.fbx.meta","EE235C48B6F7ED925B4417847AD18813D762F5F79E854904DA5A6610C77573AB","3012"
"InteractivAgents\InteractiveAgents2\Assets\Samples\XR Interaction Toolkit\3.5.0\Starter Assets\DemoAssets\Models\Primitive_Pyramid.fbx","8BBAFBFAD94A491CFE517742AECB6C7DEC21D80C4973A111BE3F69B475B54E6F","21632"
"InteractivAgents\InteractiveAgents2\Assets\Samples\XR Interaction Toolkit\3.5.0\Starter Assets\DemoAssets\Models\Primitive_Pyramid.fbx.meta","F073F9B06D6DE0FD335F330FFAABB3B8713D02D38AF0BED81FD5C48BCE6FB6A8","3010"
"InteractivAgents\InteractiveAgents2\Assets\Samples\XR Interaction Toolkit\3.5.0\Starter Assets\DemoAssets\Models\Primitive_Tapered_Cylinder.fbx","93F231A7C73B0A20F1C6EFAA7F109D2DBA60C57DB5C42508C9C1B3C4FE69FC83","26380"
"InteractivAgents\InteractiveAgents2\Assets\Samples\XR Interaction Toolkit\3.5.0\Starter Assets\DemoAssets\Models\Primitive_Tapered_Cylinder.fbx.meta","952E30E44D3B1B250A2835E9925946046B04FB1FD3CF36F0F9BAA8026D29858B","3012"
"InteractivAgents\InteractiveAgents2\Assets\Samples\XR Interaction Toolkit\3.5.0\Starter Assets\DemoAssets\Models\Primitive_Torus.fbx","48B086A822980EC261F87C76BAA42F0B2440747D3F85D62E9486ABE6280EE2B5","33056"
"InteractivAgents\InteractiveAgents2\Assets\Samples\XR Interaction Toolkit\3.5.0\Starter Assets\DemoAssets\Models\Primitive_Torus.fbx.meta","699A6C1A87B703ED9F71881E50F2DBFF258B7889F8858811D1B6A1AAB83F274B","3010"
"InteractivAgents\InteractiveAgents2\Assets\Samples\XR Interaction Toolkit\3.5.0\Starter Assets\DemoAssets\Models\Primitive_Torus_Cut.fbx","95220E5B4E7F5720DD64E49F68148EF289A8329CD716D65093F7AB28D8A93B28","27856"
"InteractivAgents\InteractiveAgents2\Assets\Samples\XR Interaction Toolkit\3.5.0\Starter Assets\DemoAssets\Models\Primitive_Torus_Cut.fbx.meta","6BF1CCC307B3C213C8D639EBBEEADDB09264BF4B9CE16508F9D61D96AA7C33E9","3010"
"InteractivAgents\InteractiveAgents2\Assets\Samples\XR Interaction Toolkit\3.5.0\Starter Assets\DemoAssets\Models\PushButton.fbx","CB32C83C2657B4B764CE4E1180B4EB3B4B58646215F044C013A5C361484BC1D8","47120"
"InteractivAgents\InteractiveAgents2\Assets\Samples\XR Interaction Toolkit\3.5.0\Starter Assets\DemoAssets\Models\PushButton.fbx.meta","878516837FF1A32D61D17862AEC5518692A147F87217696B6CC8EF5A82DD5040","2830"
"InteractivAgents\InteractiveAgents2\Assets\Samples\XR Interaction Toolkit\3.5.0\Starter Assets\DemoAssets\Prefabs.meta","A177AEE645D123F463BF552FC1CAC517ECB4061C7CDD88B7AD7A10511DE74F72","172"
"InteractivAgents\InteractiveAgents2\Assets\Samples\XR Interaction Toolkit\3.5.0\Starter Assets\DemoAssets\Prefabs\Climb.meta","CA16444C1D0A9370F0757E291A2A363ECB4FCFF770D33C9136EED2B6BB569137","172"
"InteractivAgents\InteractiveAgents2\Assets\Samples\XR Interaction Toolkit\3.5.0\Starter Assets\DemoAssets\Prefabs\Climb\Climb Sample.prefab","508560FA761DFFC2A805F766F00FC6A6A657CBE960AB1FA1B1E21D7C6302C8C1","9757"
"InteractivAgents\InteractiveAgents2\Assets\Samples\XR Interaction Toolkit\3.5.0\Starter Assets\DemoAssets\Prefabs\Climb\Climb Sample.prefab.meta","C558542D4E1CFBFD8D45482D3576914F44859C39D9FCADD53054C41F472238E7","154"
"InteractivAgents\InteractiveAgents2\Assets\Samples\XR Interaction Toolkit\3.5.0\Starter Assets\DemoAssets\Prefabs\Climb\Climbing Wall.prefab","3C8C6283D8702FF308E85F44148ABF359215639BFFF85255F12A69025999404B","259656"
"InteractivAgents\InteractiveAgents2\Assets\Samples\XR Interaction Toolkit\3.5.0\Starter Assets\DemoAssets\Prefabs\Climb\Climbing Wall.prefab.meta","E51B40F289087653AA0B6F68C6FAE7FD15F023EABE977B598D22539B2EFEEC56","154"
"InteractivAgents\InteractiveAgents2\Assets\Samples\XR Interaction Toolkit\3.5.0\Starter Assets\DemoAssets\Prefabs\Climb\ClimbTeleportReticle.prefab","0E3B13E64DA5D04E630ECAD37FDA4C2590A9811684FAC56CE5ECFD24F5929C28","19005"
"InteractivAgents\InteractiveAgents2\Assets\Samples\XR Interaction Toolkit\3.5.0\Starter Assets\DemoAssets\Prefabs\Climb\ClimbTeleportReticle.prefab.meta","FE27CB9DB256FCB0D96986FBF4239CCEFA4DBE029EF5A01325AC5CFDF523673F","154"
"InteractivAgents\InteractiveAgents2\Assets\Samples\XR Interaction Toolkit\3.5.0\Starter Assets\DemoAssets\Prefabs\Climb\Ladder.prefab","C89538C36B72E084513DF5472AED7633230DEDD9198C95DDF625A5C5E4E09860","104595"
"InteractivAgents\InteractiveAgents2\Assets\Samples\XR Interaction Toolkit\3.5.0\Starter Assets\DemoAssets\Prefabs\Climb\Ladder.prefab.meta","451360F2B9DDEB0EB0E8951F39D6D643B7B75FBA77731AD5E05A3386465DF187","154"
"InteractivAgents\InteractiveAgents2\Assets\Samples\XR Interaction Toolkit\3.5.0\Starter Assets\DemoAssets\Prefabs\Climb\Multi Floor Ladder.prefab","9148AE13A90D42B3ED19017C3AED5E5203D187BAAE52B2A6C6A9A614064E4DBC","41142"
"InteractivAgents\InteractiveAgents2\Assets\Samples\XR Interaction Toolkit\3.5.0\Starter Assets\DemoAssets\Prefabs\Climb\Multi Floor Ladder.prefab.meta","EBC4169A200C48F7F27402B24FDA742F4D86DD7AB2D73BBA3722A4DCC901309A","154"
"InteractivAgents\InteractiveAgents2\Assets\Samples\XR Interaction Toolkit\3.5.0\Starter Assets\DemoAssets\Prefabs\Climb\Single Floor Ladder.prefab","087A50D62417A6E0C44CD88C6B9134264E9107D0FB10B7D27DFB8536E3B29D5F","13831"
"InteractivAgents\InteractiveAgents2\Assets\Samples\XR Interaction Toolkit\3.5.0\Starter Assets\DemoAssets\Prefabs\Climb\Single Floor Ladder.prefab.meta","8A7877FF5D5337DF2F252F37731DE5CBF11A6FA4C7ED7EAD41969FDF9C810211","154"
"InteractivAgents\InteractiveAgents2\Assets\Samples\XR Interaction Toolkit\3.5.0\Starter Assets\DemoAssets\Prefabs\Far Grab Samples.prefab","C6AF19CF58078A761A53AD6A957134CF84AB29152FEAC2C547C71383DCD8A5F5","9683"
"InteractivAgents\InteractiveAgents2\Assets\Samples\XR Interaction Toolkit\3.5.0\Starter Assets\DemoAssets\Prefabs\Far Grab Samples.prefab.meta","1745EE09D24EB18EA15BA1C277C633ADD95681126D7205883A3B89EA8AD45A3E","154"
"InteractivAgents\InteractiveAgents2\Assets\Samples\XR Interaction Toolkit\3.5.0\Starter Assets\DemoAssets\Prefabs\Gaze Interactables.prefab","B89187074ED1DFAED11FAE5D9EA0C7A294A72F17A849A73647E0B60F18D07ECE","33298"
"InteractivAgents\InteractiveAgents2\Assets\Samples\XR Interaction Toolkit\3.5.0\Starter Assets\DemoAssets\Prefabs\Gaze Interactables.prefab.meta","CE23AD7FAFFA5ED33121AC21C96597B88CA91C1AF199BF1AAEC6470C4BA3ECE0","154"
"InteractivAgents\InteractiveAgents2\Assets\Samples\XR Interaction Toolkit\3.5.0\Starter Assets\DemoAssets\Prefabs\GazeActivationZone.prefab","967D240E386EAB4D15C488D32E5706712D76A7A2AF0AD7B7BBCFF3C17EC2EA82","2030"
"InteractivAgents\InteractiveAgents2\Assets\Samples\XR Interaction Toolkit\3.5.0\Starter Assets\DemoAssets\Prefabs\GazeActivationZone.prefab.meta","9E17DE1C906449AFD97130ADA23073F8E156F0D8980CCB865E59CD75906CA07A","154"
"InteractivAgents\InteractiveAgents2\Assets\Samples\XR Interaction Toolkit\3.5.0\Starter Assets\DemoAssets\Prefabs\Interactables Sample.prefab","F1813AFE42FFF3F4C4D2F597E814D47B43C03903249B0FDD7D17FF23D11BC059","9611"
"InteractivAgents\InteractiveAgents2\Assets\Samples\XR Interaction Toolkit\3.5.0\Starter Assets\DemoAssets\Prefabs\Interactables Sample.prefab.meta","0624BF721BDB4CDA8B171D6D807E62D505A6C0AF019559C515AA40F49028D8AE","154"
"InteractivAgents\InteractiveAgents2\Assets\Samples\XR Interaction Toolkit\3.5.0\Starter Assets\DemoAssets\Prefabs\Interactables.meta","8795848EB3E8C5E92BB83ADE6A88DE82CF20618174E63FA6C9ED02BC702F7C47","172"
"InteractivAgents\InteractiveAgents2\Assets\Samples\XR Interaction Toolkit\3.5.0\Starter Assets\DemoAssets\Prefabs\Interactables\Blaser.prefab","A45942CCD3B74ED473B92D0038F9795619B730E64FE7DE730A6F02C26C38DEC6","18076"
"InteractivAgents\InteractiveAgents2\Assets\Samples\XR Interaction Toolkit\3.5.0\Starter Assets\DemoAssets\Prefabs\Interactables\Blaser.prefab.meta","F6C79680F847B825F5CF96B7908AD71392EEE021A545393E0430CE692E1AE4F6","154"
"InteractivAgents\InteractiveAgents2\Assets\Samples\XR Interaction Toolkit\3.5.0\Starter Assets\DemoAssets\Prefabs\Interactables\Blaser-Long.prefab","237DACE7A8DB59E185726C02BE502F09B796ABC7FD0932D56D1403729B9AFC6C","19167"
"InteractivAgents\InteractiveAgents2\Assets\Samples\XR Interaction Toolkit\3.5.0\Starter Assets\DemoAssets\Prefabs\Interactables\Blaser-Long.prefab.meta","98546E9951D70D62C5410A50619C80078E6C0C3E2020F861F679AB791618B470","154"
"InteractivAgents\InteractiveAgents2\Assets\Samples\XR Interaction Toolkit\3.5.0\Starter Assets\DemoAssets\Prefabs\Interactables\Confetti.prefab","C5EDBF28FC5B2734565C583168BED30216B4F17AF608B6A79A92DE06F195E91A","118563"
"InteractivAgents\InteractiveAgents2\Assets\Samples\XR Interaction Toolkit\3.5.0\Starter Assets\DemoAssets\Prefabs\Interactables\Confetti.prefab.meta","EBEA75A83A82CE698AA7D3EC1D126B16314FFBF0411AA5CA2F6C7861C6C5C272","154"
"InteractivAgents\InteractiveAgents2\Assets\Samples\XR Interaction Toolkit\3.5.0\Starter Assets\DemoAssets\Prefabs\Interactables\Cube.prefab","B63DAFF0E7DD9A26D75D27F4FD2B6016311EB168F65D1527FB2EF5F76151AED7","9949"
"InteractivAgents\InteractiveAgents2\Assets\Samples\XR Interaction Toolkit\3.5.0\Starter Assets\DemoAssets\Prefabs\Interactables\Cube.prefab.meta","C191BF6EB7991B28C6234BCDE5299777D68712306F8BDAC052625A63334AD7D1","154"
"InteractivAgents\InteractiveAgents2\Assets\Samples\XR Interaction Toolkit\3.5.0\Starter Assets\DemoAssets\Prefabs\Interactables\Cylinder.prefab","B41FA6040BDC76A546444F9BB58FA9A271A7A2FF4DCC698F479E30591290421F","13011"
"InteractivAgents\InteractiveAgents2\Assets\Samples\XR Interaction Toolkit\3.5.0\Starter Assets\DemoAssets\Prefabs\Interactables\Cylinder.prefab.meta","F6E7509D33D2D0597A1BE82988476D81E18A1FF7D840FADC131C003D6A35AB34","154"
"InteractivAgents\InteractiveAgents2\Assets\Samples\XR Interaction Toolkit\3.5.0\Starter Assets\DemoAssets\Prefabs\Interactables\Pot.prefab","21E4F2517E2D1B0EED05EBBDF40DB2E3E49769864CEBD29B746243A668068E9A","12196"
"InteractivAgents\InteractiveAgents2\Assets\Samples\XR Interaction Toolkit\3.5.0\Starter Assets\DemoAssets\Prefabs\Interactables\Pot.prefab.meta","0EE2AF2CD097D9F56EC5CE7F35A77EE25478D45F740E3998880EC4B071B32F0E","154"
"InteractivAgents\InteractiveAgents2\Assets\Samples\XR Interaction Toolkit\3.5.0\Starter Assets\DemoAssets\Prefabs\Interactables\Push Button.prefab","D48583269CECC38DA9584D4433C8F806D327FDCD778BE04FC5E05EA7DD883F1D","15913"
"InteractivAgents\InteractiveAgents2\Assets\Samples\XR Interaction Toolkit\3.5.0\Starter Assets\DemoAssets\Prefabs\Interactables\Push Button.prefab.meta","F6895DDDCDFAAF08CA27252AB6D58AD6C10A5531F56198068BEE6A45D5E8F54A","154"
"InteractivAgents\InteractiveAgents2\Assets\Samples\XR Interaction Toolkit\3.5.0\Starter Assets\DemoAssets\Prefabs\Interactables\Torus.prefab","9014A1AB55045C2E894D4293FD06008235510E2690A8226821C4BA96E369E07A","12940"
"InteractivAgents\InteractiveAgents2\Assets\Samples\XR Interaction Toolkit\3.5.0\Starter Assets\DemoAssets\Prefabs\Interactables\Torus.prefab.meta","4BB6179A31578BA6B982D21BE3F14DF6F1AA1891FA42615CC58D8563D9098A27","154"
"InteractivAgents\InteractiveAgents2\Assets\Samples\XR Interaction Toolkit\3.5.0\Starter Assets\DemoAssets\Prefabs\Interactables\Torus-Cut.prefab","35CE47A23BAD92D18FDB03A41D36346DAA0CC876ED331DABAA5A640F0FB2E4D3","12410"
"InteractivAgents\InteractiveAgents2\Assets\Samples\XR Interaction Toolkit\3.5.0\Starter Assets\DemoAssets\Prefabs\Interactables\Torus-Cut.prefab.meta","DA879A4482207EE9D715B1EAE14C12067D60A5C9E6BD4ED7EC6FDE053AFC1A51","154"
"InteractivAgents\InteractiveAgents2\Assets\Samples\XR Interaction Toolkit\3.5.0\Starter Assets\DemoAssets\Prefabs\InteractionAffordance.prefab","CB640FCB78A7FFA96B5777E50E11867EC179C296BF31895D2E96DAB726A4982F","6211"
"InteractivAgents\InteractiveAgents2\Assets\Samples\XR Interaction Toolkit\3.5.0\Starter Assets\DemoAssets\Prefabs\InteractionAffordance.prefab.meta","08B2FBE3334525682C63E6040180E46769275FE2DD4C30B63A9165FE598B5FAA","154"
"InteractivAgents\InteractiveAgents2\Assets\Samples\XR Interaction Toolkit\3.5.0\Starter Assets\DemoAssets\Prefabs\Poke Interactions Sample.prefab","F177CF3F3509CE852F61C8AC88A7AD1F0AD52EA9C2E1CC103FFCFB9BEAFBDDB0","148597"
"InteractivAgents\InteractiveAgents2\Assets\Samples\XR Interaction Toolkit\3.5.0\Starter Assets\DemoAssets\Prefabs\Poke Interactions Sample.prefab.meta","2199349DE54F55D32A95C634F222EE8962C703DD6F0892680C2E270889503EAB","154"
"InteractivAgents\InteractiveAgents2\Assets\Samples\XR Interaction Toolkit\3.5.0\Starter Assets\DemoAssets\Prefabs\Teleport.meta","64958699497541E143A4CA717417EBFD0FF8A0F3B699C94E5DF8693636AEA4C1","172"
"InteractivAgents\InteractiveAgents2\Assets\Samples\XR Interaction Toolkit\3.5.0\Starter Assets\DemoAssets\Prefabs\Teleport\Snap Teleport Anchor.prefab","AB9A353FD76F276CF7CB635B820398388D2B69A0B3DEA2FDF59C8899C5BE84F2","9431"
"InteractivAgents\InteractiveAgents2\Assets\Samples\XR Interaction Toolkit\3.5.0\Starter Assets\DemoAssets\Prefabs\Teleport\Snap Teleport Anchor.prefab.meta","3DC9CE90B574C278093CEDE995F641BD3E04C572A882E7D725B6E08B0BEC7A4E","154"
"InteractivAgents\InteractiveAgents2\Assets\Samples\XR Interaction Toolkit\3.5.0\Starter Assets\DemoAssets\Prefabs\Teleport\Teleport Anchor.prefab","0203EAC6F85A0953B6AA154D1ECA0B6C07D9013E7CF8E5A36FA76A84F22FF1D9","7072"
"InteractivAgents\InteractiveAgents2\Assets\Samples\XR Interaction Toolkit\3.5.0\Starter Assets\DemoAssets\Prefabs\Teleport\Teleport Anchor.prefab.meta","6F930389F54BC7F4F1C10E7AF7622E695F6F4681443DE383C46E40286FC51E9D","154"
"InteractivAgents\InteractiveAgents2\Assets\Samples\XR Interaction Toolkit\3.5.0\Starter Assets\DemoAssets\Prefabs\Teleport\Teleport Area.prefab","1D54272714D76F30C129B259355605638FFFA81BA64B399AB8D1575263DDAC5E","6041"
"InteractivAgents\InteractiveAgents2\Assets\Samples\XR Interaction Toolkit\3.5.0\Starter Assets\DemoAssets\Prefabs\Teleport\Teleport Area.prefab.meta","8DE86316C7E62AFA47BF17D215C6FDD60F770A8161D5C51E4AFBFC0EFBA5BF7A","154"
"InteractivAgents\InteractiveAgents2\Assets\Samples\XR Interaction Toolkit\3.5.0\Starter Assets\DemoAssets\Prefabs\Teleportation Environment.prefab","D9D5C0082F3D6FF6C812E252FD4412B15C0E01ACB1282A390382D7103EC661D1","18444"
"InteractivAgents\InteractiveAgents2\Assets\Samples\XR Interaction Toolkit\3.5.0\Starter Assets\DemoAssets\Prefabs\Teleportation Environment.prefab.meta","3C48ECBDBB637696C382CFA56E892A3559E88E6F58141FE6EFE1547715CFA20E","154"
"InteractivAgents\InteractiveAgents2\Assets\Samples\XR Interaction Toolkit\3.5.0\Starter Assets\DemoAssets\Prefabs\UI Sample.prefab","D544C9546863E062949D81FDE8CFBA0FBC9DBD7B5C30BFFAC0A1BF4B121224D7","35167"
"InteractivAgents\InteractiveAgents2\Assets\Samples\XR Interaction Toolkit\3.5.0\Starter Assets\DemoAssets\Prefabs\UI Sample.prefab.meta","C39ADB57E5619B3479368CCF78D27FA507304C1657E600D239BC9A0CE5FC559F","154"
"InteractivAgents\InteractiveAgents2\Assets\Samples\XR Interaction Toolkit\3.5.0\Starter Assets\DemoAssets\Prefabs\UI.meta","85B4604544A48FF43612137F8EE4D765FB1F91CA0CFDAA523D11C8E35BBF138F","172"
"InteractivAgents\InteractiveAgents2\Assets\Samples\XR Interaction Toolkit\3.5.0\Starter Assets\DemoAssets\Prefabs\UI\Dropdown.prefab","40A5F0B64CBB5B10EA1B8A3708E7EED46A0CFE0FC3745FFAE72291D15000D0B3","37551"
"InteractivAgents\InteractiveAgents2\Assets\Samples\XR Interaction Toolkit\3.5.0\Starter Assets\DemoAssets\Prefabs\UI\Dropdown.prefab.meta","4ECB65E5A3CF6D22F9DC116EB9CD98E500ECE84990D04DBC6725330AD4CAA77D","154"
"InteractivAgents\InteractiveAgents2\Assets\Samples\XR Interaction Toolkit\3.5.0\Starter Assets\DemoAssets\Prefabs\UI\Icon Button.prefab","DDEAAA42B6F50B49B44B3D158EA734DEE5B0019402F5C4E5AEF03778DB6F3ECC","11559"
"InteractivAgents\InteractiveAgents2\Assets\Samples\XR Interaction Toolkit\3.5.0\Starter Assets\DemoAssets\Prefabs\UI\Icon Button.prefab.meta","8A548226D3A41A2280B335714F84C9239CFA9FB7E47A155A68588100EE17E720","154"
"InteractivAgents\InteractiveAgents2\Assets\Samples\XR Interaction Toolkit\3.5.0\Starter Assets\DemoAssets\Prefabs\UI\Icon Toggle.prefab","CC8CC2ABDD1C207EEA37781E0254816AC15028F2D3B54D08BE6B3285B1A95AD3","10514"
"InteractivAgents\InteractiveAgents2\Assets\Samples\XR Interaction Toolkit\3.5.0\Starter Assets\DemoAssets\Prefabs\UI\Icon Toggle.prefab.meta","1CFC4380BE0DC55DE20410B6EF00738443ED4BBB4510ABC2D4B313B9FFC0DF4B","154"
"InteractivAgents\InteractiveAgents2\Assets\Samples\XR Interaction Toolkit\3.5.0\Starter Assets\DemoAssets\Prefabs\UI\Interactive Controls.prefab","27D569F36E50FEA4B23197812FEC651C963F415743718B40DB24F6F381D5149C","57530"
"InteractivAgents\InteractiveAgents2\Assets\Samples\XR Interaction Toolkit\3.5.0\Starter Assets\DemoAssets\Prefabs\UI\Interactive Controls.prefab.meta","CAD30448DFC86DA9CCCACDFB30985EDBE15B1A170144C0102C705DE5CB368FBC","154"
"InteractivAgents\InteractiveAgents2\Assets\Samples\XR Interaction Toolkit\3.5.0\Starter Assets\DemoAssets\Prefabs\UI\MinMaxSlider.prefab","FEBB9BE9DDAB2C2BFCA71262D554CF8365779392CC05D712B3F1B9A27D959E76","13195"
"InteractivAgents\InteractiveAgents2\Assets\Samples\XR Interaction Toolkit\3.5.0\Starter Assets\DemoAssets\Prefabs\UI\MinMaxSlider.prefab.meta","57D1C0397AC652F62864B3F17847510F8005E784B6D01E921C45D207FA184255","154"
"InteractivAgents\InteractiveAgents2\Assets\Samples\XR Interaction Toolkit\3.5.0\Starter Assets\DemoAssets\Prefabs\UI\ModalSingleButton.prefab","ADB2FDCFF8FBDD93C3EFD3975A1E310393055C52C3BC9ECEC12BAE241E4055B2","17724"
"InteractivAgents\InteractiveAgents2\Assets\Samples\XR Interaction Toolkit\3.5.0\Starter Assets\DemoAssets\Prefabs\UI\ModalSingleButton.prefab.meta","9858DBE9BB0F4AD13CC982DFB356CDD6F392E11F38A9362AE95B91A0CBC3D831","154"
"InteractivAgents\InteractiveAgents2\Assets\Samples\XR Interaction Toolkit\3.5.0\Starter Assets\DemoAssets\Prefabs\UI\Scroll UI Sample.prefab","312567792B90775686E756FA2790D847AF3A50C65DC7B5F23F7A7324DDF7746E","44509"
"InteractivAgents\InteractiveAgents2\Assets\Samples\XR Interaction Toolkit\3.5.0\Starter Assets\DemoAssets\Prefabs\UI\Scroll UI Sample.prefab.meta","51567CFC214F5830656BB1DEDD268E0ABD3670F1768190C55CD4BD6A09BC1EA8","154"
"InteractivAgents\InteractiveAgents2\Assets\Samples\XR Interaction Toolkit\3.5.0\Starter Assets\DemoAssets\Prefabs\UI\Text Toggle.prefab","996645FDDA7E7837C0661B86A450B3D378A778AD781D2CF50E532204D908E5BC","14429"
"InteractivAgents\InteractiveAgents2\Assets\Samples\XR Interaction Toolkit\3.5.0\Starter Assets\DemoAssets\Prefabs\UI\Text Toggle.prefab.meta","AFE0D7DFE9F40C58A4142B7FFC4B6C25C09837831EB70679AD1E2A33E3642A00","154"
"InteractivAgents\InteractiveAgents2\Assets\Samples\XR Interaction Toolkit\3.5.0\Starter Assets\DemoAssets\Prefabs\UI\TextButton.prefab","EB395359093E55E92702014DB81CEFE74E04CBE15E0AF0F079AC461E9965B72B","13764"
"InteractivAgents\InteractiveAgents2\Assets\Samples\XR Interaction Toolkit\3.5.0\Starter Assets\DemoAssets\Prefabs\UI\TextButton.prefab.meta","AA00E5F4A719D0DA60B02DC74407ACDD81BE0E3EEB04F625C8B6F933BECECC43","154"
"InteractivAgents\InteractiveAgents2\Assets\Samples\XR Interaction Toolkit\3.5.0\Starter Assets\DemoAssets\Scripts.meta","69AA8EE4DA4A9FC5DFA04848FEEBF768B720B4D4675155F0B07ED4C2E2591C9D","172"
"InteractivAgents\InteractiveAgents2\Assets\Samples\XR Interaction Toolkit\3.5.0\Starter Assets\DemoAssets\Scripts\IncrementUIText.cs","C365D39E3F5574B8ECD30E49E0E2C34B08C25D264E9CDF349F094735329DDC67","2387"
"InteractivAgents\InteractiveAgents2\Assets\Samples\XR Interaction Toolkit\3.5.0\Starter Assets\DemoAssets\Scripts\IncrementUIText.cs.meta","C175ADCC3D5D647833C2A3E53DD7EC5DB5D208B914C101E78BBD374AF303C140","243"
"InteractivAgents\InteractiveAgents2\Assets\Samples\XR Interaction Toolkit\3.5.0\Starter Assets\DemoAssets\Scripts\MultiAnchorTeleportReticle.cs","767CDF775862112B3E61BA5EB743FA41506CF0DAEE9A65FDB24B3507D22C992B","6581"
"InteractivAgents\InteractiveAgents2\Assets\Samples\XR Interaction Toolkit\3.5.0\Starter Assets\DemoAssets\Scripts\MultiAnchorTeleportReticle.cs.meta","74993502F23E9E246AEE7018BE262C458579B191CFC65E7D0BCAB85A37127662","243"
"InteractivAgents\InteractiveAgents2\Assets\Samples\XR Interaction Toolkit\3.5.0\Starter Assets\DemoAssets\Settings.meta","34C5DF2FF50A1D89202947B811A1C5B130BB39CDB58E7E4CEBB18968E2479919","172"
"InteractivAgents\InteractiveAgents2\Assets\Samples\XR Interaction Toolkit\3.5.0\Starter Assets\DemoAssets\Settings\GazeTeleportAnchorFilter.asset","78420FC4CED962DA97DFC51346EEF2D2064F5F008F4083D95F11741976771B7A","1761"
"InteractivAgents\InteractiveAgents2\Assets\Samples\XR Interaction Toolkit\3.5.0\Starter Assets\DemoAssets\Settings\GazeTeleportAnchorFilter.asset.meta","2EF6814C7F7DC96B4F947D33B09C3EF676B3333CDD2DB6CC3F686AE32857DCA3","189"
"InteractivAgents\InteractiveAgents2\Assets\Samples\XR Interaction Toolkit\3.5.0\Starter Assets\DemoAssets\Settings\TeleportDestinationSettings.asset","2E7C09DF601B17D092DF5F9379AE59CFA7483628E76A7940E22D52725A45CFAA","709"
"InteractivAgents\InteractiveAgents2\Assets\Samples\XR Interaction Toolkit\3.5.0\Starter Assets\DemoAssets\Settings\TeleportDestinationSettings.asset.meta","1388E21DCA2D04B3B8913F1A1C0E7DFCE9B76AEE8DCDBD47108A478947751F78","189"
"InteractivAgents\InteractiveAgents2\Assets\Samples\XR Interaction Toolkit\3.5.0\Starter Assets\DemoAssets\Sprites.meta","5BD6A6DF22A9D2BEE19DC04B5FD1856F4F7F64A4BE9B159F6B80C3621156A307","172"
"InteractivAgents\InteractiveAgents2\Assets\Samples\XR Interaction Toolkit\3.5.0\Starter Assets\DemoAssets\Sprites\Asset.png","9B12C875F2A3CB5E1745E347468E047608560538DC0DFF4F8E81EB10F396C695","1419"
"InteractivAgents\InteractiveAgents2\Assets\Samples\XR Interaction Toolkit\3.5.0\Starter Assets\DemoAssets\Sprites\Asset.png.meta","A5276C088DA2F692759D1A91BC0FA160A94BA7E909D3508043EA5C23F333FFC6","3336"
"InteractivAgents\InteractiveAgents2\Assets\Samples\XR Interaction Toolkit\3.5.0\Starter Assets\DemoAssets\Sprites\Checkmark.png","2B7A63D7530D1DE2239FB11066796D7D0A942C261E5C886F5FC5684E984577D5","690"
"InteractivAgents\InteractiveAgents2\Assets\Samples\XR Interaction Toolkit\3.5.0\Starter Assets\DemoAssets\Sprites\Checkmark.png.meta","2F6350D7661DF1604E005512628B6D60005207E6484373A0DDF9ECF065B322B6","3336"
"InteractivAgents\InteractiveAgents2\Assets\Samples\XR Interaction Toolkit\3.5.0\Starter Assets\DemoAssets\Sprites\Circle_60x60 Outline 4.png","FA439DEBFCB1C046CEB26B467C96E3556816FDB417EE0E6E8F922BDB52502CCF","15217"
"InteractivAgents\InteractiveAgents2\Assets\Samples\XR Interaction Toolkit\3.5.0\Starter Assets\DemoAssets\Sprites\Circle_60x60 Outline 4.png.meta","FD8CA4848CD42542397A93D073AAA1FAFFAFE37E1E4A111974652B3EA9679E8E","3336"
"InteractivAgents\InteractiveAgents2\Assets\Samples\XR Interaction Toolkit\3.5.0\Starter Assets\DemoAssets\Sprites\Circle_60x60_Horizontal.png","D673B70A4273674264F05B9F82D6CB59651A791BFE8A4A9EC63F19CFDB0A1295","9886"
"InteractivAgents\InteractiveAgents2\Assets\Samples\XR Interaction Toolkit\3.5.0\Starter Assets\DemoAssets\Sprites\Circle_60x60_Horizontal.png.meta","62D43DD81A677C8280FAF2B40F0239AAF6F38700A2C70B45D5F513D43D23EE5F","3340"
"InteractivAgents\InteractiveAgents2\Assets\Samples\XR Interaction Toolkit\3.5.0\Starter Assets\DemoAssets\Sprites\Forward.png","1F92A6985149AF65BDF4EC5E829E45D6910E327D5467B716A1348F24F246295C","589"
"InteractivAgents\InteractiveAgents2\Assets\Samples\XR Interaction Toolkit\3.5.0\Starter Assets\DemoAssets\Sprites\Forward.png.meta","45C585393D451CB1CFAC7AA9BFEC711A31877C8580D20C84F1FD48A1C3758BB1","3336"
"InteractivAgents\InteractiveAgents2\Assets\Samples\XR Interaction Toolkit\3.5.0\Starter Assets\DemoAssets\Sprites\LegibilityMask.png","D1BE1BD24E785BCA818B911720F7FA943DD3EB8B4D1C09E41DC6B81E889F06B6","1013389"
"InteractivAgents\InteractiveAgents2\Assets\Samples\XR Interaction Toolkit\3.5.0\Starter Assets\DemoAssets\Sprites\LegibilityMask.png.meta","65B6102629B4ED23558436693468AE634B7E86E4451DC024E1726218BF6E6D81","3344"
"InteractivAgents\InteractiveAgents2\Assets\Samples\XR Interaction Toolkit\3.5.0\Starter Assets\DemoAssets\Sprites\Round Radius 4 Outline.png","F7C6C490A36AA370CFE5A284A7AC4FBA03E5AA6B18141C49DED0E55119222FE5","2729"
"InteractivAgents\InteractiveAgents2\Assets\Samples\XR Interaction Toolkit\3.5.0\Starter Assets\DemoAssets\Sprites\Round Radius 4 Outline.png.meta","04E4CC50F45C57554085409D5BF3BEBBDD8D3BDDBF41CE0DF7380DF459074311","3704"
"InteractivAgents\InteractiveAgents2\Assets\Samples\XR Interaction Toolkit\3.5.0\Starter Assets\DemoAssets\Sprites\Round Radius 4.png","F74B050DEC463CE6E0C725A47520BA792D80011EB3A8BCDB552594211CB22438","1550"
"InteractivAgents\InteractiveAgents2\Assets\Samples\XR Interaction Toolkit\3.5.0\Starter Assets\DemoAssets\Sprites\Round Radius 4.png.meta","C1E149EA1C74F333502D97E532B61062801D1BFC4819FC03CCF355F5AD3CB187","3704"
"InteractivAgents\InteractiveAgents2\Assets\Samples\XR Interaction Toolkit\3.5.0\Starter Assets\DemoAssets\Textures.meta","E22771581ADB801EE4C15E76F00166AA2AFB0DA11FBF9B2EDCEDE3E568DD9402","172"
"InteractivAgents\InteractiveAgents2\Assets\Samples\XR Interaction Toolkit\3.5.0\Starter Assets\DemoAssets\Textures\Concrete_Albedo.tif","7C25FCDA912D58B3F13ACB67EAD55232A2A154C403A170C011795C0433687196","2026492"
"InteractivAgents\InteractiveAgents2\Assets\Samples\XR Interaction Toolkit\3.5.0\Starter Assets\DemoAssets\Textures\Concrete_Albedo.tif.meta","32663DB411F77EEE0C512BC2094C0DEED5EF20A4F4A31B0D85D6EBBCE30217BE","3304"
"InteractivAgents\InteractiveAgents2\Assets\Samples\XR Interaction Toolkit\3.5.0\Starter Assets\DemoAssets\Textures\Concrete_Metallic.tif","C043C0B8B461703949F8A038B2798AB56B0EC1DAC541AD33BD5D0CEF44E544C9","651864"
"InteractivAgents\InteractiveAgents2\Assets\Samples\XR Interaction Toolkit\3.5.0\Starter Assets\DemoAssets\Textures\Concrete_Metallic.tif.meta","221BF1FF13DDEB9CC18589D4F8B997F8B8A84A46A44160836BF2546464BC3DD2","3304"
"InteractivAgents\InteractiveAgents2\Assets\Samples\XR Interaction Toolkit\3.5.0\Starter Assets\DemoAssets\Textures\Concrete_Normal.tif","81DE0D267223F5B7FAD71BEFE175189BEC46DA5530E741BEA0D78D8A0BA9DD2C","1707440"
"InteractivAgents\InteractiveAgents2\Assets\Samples\XR Interaction Toolkit\3.5.0\Starter Assets\DemoAssets\Textures\Concrete_Normal.tif.meta","F4D753771C910177DDA522DDCCDD211FF13F59A5684AA341FF96880A2B2FF56C","3304"
"InteractivAgents\InteractiveAgents2\Assets\Samples\XR Interaction Toolkit\3.5.0\Starter Assets\DemoScene.unity","CA6FDFDDFD1B609A26B7FC4E26216D7E8D90C719AB8836412DF8A07EC0B96DA0","267637"
"InteractivAgents\InteractiveAgents2\Assets\Samples\XR Interaction Toolkit\3.5.0\Starter Assets\DemoScene.unity.meta","03A2ED79FAB6842F54780315A32C391FD3C3652F1AEEFE55E687FA4FAFA16399","155"
"InteractivAgents\InteractiveAgents2\Assets\Samples\XR Interaction Toolkit\3.5.0\Starter Assets\Editor.meta","4C210D27D780C69C957187B7F115C545581003A9314F9242742088D995BE43E5","172"
"InteractivAgents\InteractiveAgents2\Assets\Samples\XR Interaction Toolkit\3.5.0\Starter Assets\Editor\Scripts.meta","BFC4C86AED34A7E5A21C8C23A6DC2CCCEE69E1A0B2E9BA1201E890F9426DF324","172"
"InteractivAgents\InteractiveAgents2\Assets\Samples\XR Interaction Toolkit\3.5.0\Starter Assets\Editor\Scripts\StarterAssetsSampleProjectValidation.cs","6978555424F0A49C1A789B6EF7D6409CD1F81FF6720F05EB4ADB79BF068B92DD","13434"
"InteractivAgents\InteractiveAgents2\Assets\Samples\XR Interaction Toolkit\3.5.0\Starter Assets\Editor\Scripts\StarterAssetsSampleProjectValidation.cs.meta","EC5220031309CFDC4B810F314093BFF4D6AB2A8FEC3EF26D2C422005599B235B","243"
"InteractivAgents\InteractiveAgents2\Assets\Samples\XR Interaction Toolkit\3.5.0\Starter Assets\Editor\StarterAssets.Editor.asmdef","F256BF82B3199D383E37586E04342AA6679D611935A331B0B3F2F1FA4DECA16E","902"
"InteractivAgents\InteractiveAgents2\Assets\Samples\XR Interaction Toolkit\3.5.0\Starter Assets\Editor\StarterAssets.Editor.asmdef.meta","0ECA1DF59DF4AE091A7A12020AB9BE0A7BC9FF5423794BDCF62BE997A00799E9","166"
"InteractivAgents\InteractiveAgents2\Assets\Samples\XR Interaction Toolkit\3.5.0\Starter Assets\Filters.meta","942A3C04B830AD4FF8A48DB438C7D81E24A9CF2E6F3212B66C6F2FC214982159","172"
"InteractivAgents\InteractiveAgents2\Assets\Samples\XR Interaction Toolkit\3.5.0\Starter Assets\Filters\AnyGazedAtTeleportAnchorFilter.asset","D64A030B16AD8DF2BD1B42CD31889771DC2EEA19B29A7E6E5B91E56DA4A1FE1C","1767"
"InteractivAgents\InteractiveAgents2\Assets\Samples\XR Interaction Toolkit\3.5.0\Starter Assets\Filters\AnyGazedAtTeleportAnchorFilter.asset.meta","1942B1F33B5C628B4112859DED8F158D1F544E41D92D39F8B256FF8C27E281B1","189"
"InteractivAgents\InteractiveAgents2\Assets\Samples\XR Interaction Toolkit\3.5.0\Starter Assets\Materials.meta","68B3F04BBF47F1C8919B830FC633C33DA9C2B4B91A03C84D3BD2D042A76F1AD7","172"
"InteractivAgents\InteractiveAgents2\Assets\Samples\XR Interaction Toolkit\3.5.0\Starter Assets\Materials\Controller_Grey.mat","5B9E901CB34997E51805C01BA3DCA20609E50A35B5393E5A3777E6355979BCDA","5352"
"InteractivAgents\InteractiveAgents2\Assets\Samples\XR Interaction Toolkit\3.5.0\Starter Assets\Materials\Controller_Grey.mat.meta","BC9C5EF7E68F7F2377125C1928A2FEC6A76CF0FD2646926274721903AC5E53EF","188"
"InteractivAgents\InteractiveAgents2\Assets\Samples\XR Interaction Toolkit\3.5.0\Starter Assets\Materials\Controller_White.mat","0A71A4927416ECDA9EC3B73AA1643E0131F095AF7CD63F9E4C4E661009798E05","4865"
"InteractivAgents\InteractiveAgents2\Assets\Samples\XR Interaction Toolkit\3.5.0\Starter Assets\Materials\Controller_White.mat.meta","2CA762BB483BCB77FB105950B68FA67D19EFEA954FE81D089FE907721FE53B09","188"
"InteractivAgents\InteractiveAgents2\Assets\Samples\XR Interaction Toolkit\3.5.0\Starter Assets\Materials\Flat Blue.mat","68BCA0945272B51C739A52E9949F0BB700E2095DD05EF73AA58B29312C69AD6B","2210"
"InteractivAgents\InteractiveAgents2\Assets\Samples\XR Interaction Toolkit\3.5.0\Starter Assets\Materials\Flat Blue.mat.meta","AE5A6FBB72A993364DA3D4AEF8F6A119618F283CA352768F004038A86E367628","188"
"InteractivAgents\InteractiveAgents2\Assets\Samples\XR Interaction Toolkit\3.5.0\Starter Assets\Materials\FresnelHighlight.mat","E2D5DB4A34C45C52EA5424ABCD46C6142D2BA0D3313F2D51131606AAC0E9CC11","4947"
"InteractivAgents\InteractiveAgents2\Assets\Samples\XR Interaction Toolkit\3.5.0\Starter Assets\Materials\FresnelHighlight.mat.meta","0D1D6FA51941D8F291FA0DBE36A97630F6CA40FF5FCDEAA7F2EC794818C5BCFF","188"
"InteractivAgents\InteractiveAgents2\Assets\Samples\XR Interaction Toolkit\3.5.0\Starter Assets\Materials\Interactable.mat","9C2F2FBAC557FB6B6E4F73AED25E30DE2BE8F52B1ADB5A54BBAD145C27FDDEE9","5332"
"InteractivAgents\InteractiveAgents2\Assets\Samples\XR Interaction Toolkit\3.5.0\Starter Assets\Materials\Interactable.mat.meta","B0018FBD2C1C6F70948706CD13C64E15FF3FEF0BF717B81361701394949C2D5A","188"
"InteractivAgents\InteractiveAgents2\Assets\Samples\XR Interaction Toolkit\3.5.0\Starter Assets\Materials\MaterialPipelineHandler.asset","66FE21E9949CF9BA59DD31AB1BE22E94B2001CB9EE6500BD5B9DDED869B72DE7","2837"
"InteractivAgents\InteractiveAgents2\Assets\Samples\XR Interaction Toolkit\3.5.0\Starter Assets\Materials\MaterialPipelineHandler.asset.meta","19BDAF1DA246167CD4D175F41A234AB14B29404CCE230F3FC76846A544ED2B4B","189"
"InteractivAgents\InteractiveAgents2\Assets\Samples\XR Interaction Toolkit\3.5.0\Starter Assets\Materials\Telport Anchor.mat","3DAB6DA6128367CC1FCCFE602FA4D440144FBC7A1D939D532E4122FFC1A78131","4716"
"InteractivAgents\InteractiveAgents2\Assets\Samples\XR Interaction Toolkit\3.5.0\Starter Assets\Materials\Telport Anchor.mat.meta","94AFEFB8353C25D429BF34DDF161E01BEBDD8FFC522857B421D94DF25795EDDE","188"
"InteractivAgents\InteractiveAgents2\Assets\Samples\XR Interaction Toolkit\3.5.0\Starter Assets\Materials\Telport Area.mat","5D16F6D475AE3094C7101C5BDD0A39909B207825F59F5F52843C83ECCA20EF21","4714"
"InteractivAgents\InteractiveAgents2\Assets\Samples\XR Interaction Toolkit\3.5.0\Starter Assets\Materials\Telport Area.mat.meta","386A65B8AE5135CFA8E9DBAB995752AFBEC2AE711CAB898CEC55C30EFFF9E5CC","188"
"InteractivAgents\InteractiveAgents2\Assets\Samples\XR Interaction Toolkit\3.5.0\Starter Assets\Materials\UI-NoZTest.mat","257A711B59C664223C40966F39315A952143978195A521B53BA8B74689ED0934","2352"
"InteractivAgents\InteractiveAgents2\Assets\Samples\XR Interaction Toolkit\3.5.0\Starter Assets\Materials\UI-NoZTest.mat.meta","2C11DB87EBB554BB39A8578080BBF18586E8C58E0D4A0246093B2D2CA3E8A01C","188"
"InteractivAgents\InteractiveAgents2\Assets\Samples\XR Interaction Toolkit\3.5.0\Starter Assets\Models.meta","158C10C9467F24898E25CC944B7F99D0EA20331AA6BC1F9CC8A54474F7E49636","172"
"InteractivAgents\InteractiveAgents2\Assets\Samples\XR Interaction Toolkit\3.5.0\Starter Assets\Models\BlinkVisual.fbx","6EF0D1BFF5AC57E9E07FD06A17F427004F0A0FA637DCD1EB1294E1047FBBFADA","34416"
"InteractivAgents\InteractiveAgents2\Assets\Samples\XR Interaction Toolkit\3.5.0\Starter Assets\Models\BlinkVisual.fbx.meta","EE2A16EA8B5B0E76626900E52FF00E82BEA50D1AD3DF0F64C582FC57A7CB6243","3021"
"InteractivAgents\InteractiveAgents2\Assets\Samples\XR Interaction Toolkit\3.5.0\Starter Assets\Models\Pinch_Pointer_LOD0.fbx","0901B06D0D7C847ADCEC991922BA1BDCF124656C4D39EB678224D43367CEF4C8","36156"
"InteractivAgents\InteractiveAgents2\Assets\Samples\XR Interaction Toolkit\3.5.0\Starter Assets\Models\Pinch_Pointer_LOD0.fbx.meta","53299F7F1FE9DFE09BB1A8D8622163BA01A076E7DEB1F4C3651697B826BC3033","2830"
"InteractivAgents\InteractiveAgents2\Assets\Samples\XR Interaction Toolkit\3.5.0\Starter Assets\Models\Primitive_Cylinder.fbx","20915D8A19B7A3449BC67D0A013E7AC745FD0AEB4A0C8D602CDFA9389853E33A","24656"
"InteractivAgents\InteractiveAgents2\Assets\Samples\XR Interaction Toolkit\3.5.0\Starter Assets\Models\Primitive_Cylinder.fbx.meta","FB334789C6BFEE57D3D122F80B3932A597091E0D08DF07784A05F41450A0B10C","3010"
"InteractivAgents\InteractiveAgents2\Assets\Samples\XR Interaction Toolkit\3.5.0\Starter Assets\Models\Primitive_Wedge.fbx","524EA23F5C92790B604B0CACD1AE4BFFABF2711ED69C9ACCEDD52D619E87DAC2","21728"
"InteractivAgents\InteractiveAgents2\Assets\Samples\XR Interaction Toolkit\3.5.0\Starter Assets\Models\Primitive_Wedge.fbx.meta","8A8898FE7D6E288DEB27AABD22FD713113969E5D225A2E56EA35C8A3ED94DE0E","3010"
"InteractivAgents\InteractiveAgents2\Assets\Samples\XR Interaction Toolkit\3.5.0\Starter Assets\Models\Reticle_Torus.fbx","48B086A822980EC261F87C76BAA42F0B2440747D3F85D62E9486ABE6280EE2B5","33056"
"InteractivAgents\InteractiveAgents2\Assets\Samples\XR Interaction Toolkit\3.5.0\Starter Assets\Models\Reticle_Torus.fbx.meta","E96F238D28724B5AFEED995EFD8B7797F29A429DE391611E058E8F7D16B2902D","3010"
"InteractivAgents\InteractiveAgents2\Assets\Samples\XR Interaction Toolkit\3.5.0\Starter Assets\Models\UniversalController.fbx","348E210FDA42DF410DB93A66EE4C0602706BA3D3EA01DF78E393171BB1567BEB","317024"
"InteractivAgents\InteractiveAgents2\Assets\Samples\XR Interaction Toolkit\3.5.0\Starter Assets\Models\UniversalController.fbx.meta","EFBDDFD2F904D9A8852EDF823F9A91A30FD5FD365D692B11EA8A8B397A5D063A","3210"
"InteractivAgents\InteractiveAgents2\Assets\Samples\XR Interaction Toolkit\3.5.0\Starter Assets\Prefabs.meta","AF2324759C910F85A2969CF2D9F27EBB7A89D8F6E510AC65467B12CE64233ECA","172"
"InteractivAgents\InteractiveAgents2\Assets\Samples\XR Interaction Toolkit\3.5.0\Starter Assets\Prefabs\Affordances.meta","5E975D138A953A56D10214F9A4E97AC48A07C02374C797308D9EE23B830B8B0D","172"
"InteractivAgents\InteractiveAgents2\Assets\Samples\XR Interaction Toolkit\3.5.0\Starter Assets\Prefabs\Affordances\HighlightInteractionAffordance.prefab","CDD6B085340C7E501D70C4B32488E287BF04FBE2A3416FDBB9892831E80FE5BA","8461"
"InteractivAgents\InteractiveAgents2\Assets\Samples\XR Interaction Toolkit\3.5.0\Starter Assets\Prefabs\Affordances\HighlightInteractionAffordance.prefab.meta","607F305E9051539887CAC2F9445C7E0F2ED6BA8BF2FB03C1FE66AA163A6D6D74","154"
"InteractivAgents\InteractiveAgents2\Assets\Samples\XR Interaction Toolkit\3.5.0\Starter Assets\Prefabs\Affordances\PokePointerAffordance.prefab","043759D7F0D353E9EDF1477199AA4B6E60F112FDD6DFFC8C0BA8BAFD69B789C5","11543"
"InteractivAgents\InteractiveAgents2\Assets\Samples\XR Interaction Toolkit\3.5.0\Starter Assets\Prefabs\Affordances\PokePointerAffordance.prefab.meta","0A6C3DF1D93263EE936AFD134DCE48B80294B0B6863E562DC2131F8A828C5CF7","154"
"InteractivAgents\InteractiveAgents2\Assets\Samples\XR Interaction Toolkit\3.5.0\Starter Assets\Prefabs\Controllers.meta","962E7B13DB99F1903FD97BF465FEF2ED37D92E77207B4DB88A7B76E8DCCFA758","172"
"InteractivAgents\InteractiveAgents2\Assets\Samples\XR Interaction Toolkit\3.5.0\Starter Assets\Prefabs\Controllers\XR Controller Left.prefab","E8D4CB90D8BB5C33C8C0EC552876262FEFE372FBF2F1D8B8A813D1B6C0E4B0E6","27332"
"InteractivAgents\InteractiveAgents2\Assets\Samples\XR Interaction Toolkit\3.5.0\Starter Assets\Prefabs\Controllers\XR Controller Left.prefab.meta","C6608C716B87CA57D30D49B970C1B6F5D6BC3D327F5A214C834E46FCBB9ACB68","154"
"InteractivAgents\InteractiveAgents2\Assets\Samples\XR Interaction Toolkit\3.5.0\Starter Assets\Prefabs\Controllers\XR Controller Right.prefab","BDD8EAAB0F8DFDF6C26B7ECB5C731EE599D5C6DC94093C4F7AD42390CA44824F","27311"
"InteractivAgents\InteractiveAgents2\Assets\Samples\XR Interaction Toolkit\3.5.0\Starter Assets\Prefabs\Controllers\XR Controller Right.prefab.meta","CB3A51045AAA6543CFCEF285D0A2731ADDD20E05E868A4C61679983C9B15406A","154"
"InteractivAgents\InteractiveAgents2\Assets\Samples\XR Interaction Toolkit\3.5.0\Starter Assets\Prefabs\Interactors.meta","4CB2E07F7F8951EBC0A0A3BB21264C95D17966FD7DA8A52F4299EEC9808FD02B","172"
"InteractivAgents\InteractiveAgents2\Assets\Samples\XR Interaction Toolkit\3.5.0\Starter Assets\Prefabs\Interactors\Direct Interactor.prefab","E92874C600118B7FC0A45AC7D676585AC956A60414EC9F9E93F3DF14FE7C527E","6959"
"InteractivAgents\InteractiveAgents2\Assets\Samples\XR Interaction Toolkit\3.5.0\Starter Assets\Prefabs\Interactors\Direct Interactor.prefab.meta","8CFD6A75D07F1ED3EAA0D75ED60F1F06EAD7BC21817815319F0671FC0E6E0F37","154"
"InteractivAgents\InteractiveAgents2\Assets\Samples\XR Interaction Toolkit\3.5.0\Starter Assets\Prefabs\Interactors\Gaze Interactor.prefab","61000C8AAB9F0A626343C7E40D149966D09B7E983615B917AC2C80C96A9EEC2A","13374"
"InteractivAgents\InteractiveAgents2\Assets\Samples\XR Interaction Toolkit\3.5.0\Starter Assets\Prefabs\Interactors\Gaze Interactor.prefab.meta","F3405D9FDA3D344376867252EDCBB9D264A3BEA9849D85E58176EE9E6E856D4A","154"
"InteractivAgents\InteractiveAgents2\Assets\Samples\XR Interaction Toolkit\3.5.0\Starter Assets\Prefabs\Interactors\Left_NearFarInteractor.prefab","52D76BD7A8C1F7C7E44B5AAE77C194059127BF2D51AA6B068C023EF022E6C0CE","21875"
"InteractivAgents\InteractiveAgents2\Assets\Samples\XR Interaction Toolkit\3.5.0\Starter Assets\Prefabs\Interactors\Left_NearFarInteractor.prefab.meta","4390C78B78E13ABB92DEFD737CD0D003A5B9C89F93CAC5D0A4657158AE4828FA","154"
"InteractivAgents\InteractiveAgents2\Assets\Samples\XR Interaction Toolkit\3.5.0\Starter Assets\Prefabs\Interactors\Poke Interactor.prefab","53C08633BC7B2A74603C53F0D616B76B63EB7911A4C792682F666AFBA8BE75F0","9292"
"InteractivAgents\InteractiveAgents2\Assets\Samples\XR Interaction Toolkit\3.5.0\Starter Assets\Prefabs\Interactors\Poke Interactor.prefab.meta","93F881A0BAE89C353E548BF24C9C48CED3BD72142DFC6DB7BA743A5366FB63FD","154"
"InteractivAgents\InteractiveAgents2\Assets\Samples\XR Interaction Toolkit\3.5.0\Starter Assets\Prefabs\Interactors\Ray Interactor.prefab","04FE89DA446F402D6E8E85FBA2BEDE4F2D1625CC77F943FF9E69A3759377901C","18394"
"InteractivAgents\InteractiveAgents2\Assets\Samples\XR Interaction Toolkit\3.5.0\Starter Assets\Prefabs\Interactors\Ray Interactor.prefab.meta","7E7E54C8B76D2663E6D7CF468448524FADD702C3CF18C512D3DFEF98BC03616B","154"
"InteractivAgents\InteractiveAgents2\Assets\Samples\XR Interaction Toolkit\3.5.0\Starter Assets\Prefabs\Interactors\Right_NearFarInteractor.prefab","818AAD8F1878A12666EBD12F2FFEC21F540FAAE0898221CCE4120DCDA0374B10","4990"
"InteractivAgents\InteractiveAgents2\Assets\Samples\XR Interaction Toolkit\3.5.0\Starter Assets\Prefabs\Interactors\Right_NearFarInteractor.prefab.meta","8B6AE95E319BD56EB55BCE6DEC5290279D608CA3C5949C69884E4E9C6080A5F5","154"
"InteractivAgents\InteractiveAgents2\Assets\Samples\XR Interaction Toolkit\3.5.0\Starter Assets\Prefabs\Interactors\Teleport Interactor.prefab","426D09C25911CA88BAEB0704833ADF2F4BE71C91A8A1486BB69273A75FC56A15","18616"
"InteractivAgents\InteractiveAgents2\Assets\Samples\XR Interaction Toolkit\3.5.0\Starter Assets\Prefabs\Interactors\Teleport Interactor.prefab.meta","B51487ADBE5E4831ABEDE2F47A2B5E59D63B4201E5FC6A9B2689B60324FD016C","154"
"InteractivAgents\InteractiveAgents2\Assets\Samples\XR Interaction Toolkit\3.5.0\Starter Assets\Prefabs\Permissions Manager.prefab","35456DBF38BE327D42E2DE5142A3E837381E1641B55F0FD3BCCC6282529FCB40","1713"
"InteractivAgents\InteractiveAgents2\Assets\Samples\XR Interaction Toolkit\3.5.0\Starter Assets\Prefabs\Permissions Manager.prefab.meta","2853C4C7502075C76A9CFA717486A7671187C5C5F4C9824EE0A31D8E712B5850","154"
"InteractivAgents\InteractiveAgents2\Assets\Samples\XR Interaction Toolkit\3.5.0\Starter Assets\Prefabs\Teleport.meta","03B0983A6A48B59075738F57D97ADDFA319DD077DDD41B7FF551CB633030B3E5","172"
"InteractivAgents\InteractiveAgents2\Assets\Samples\XR Interaction Toolkit\3.5.0\Starter Assets\Prefabs\Teleport\Blocking Teleport Reticle.prefab","07466B856BACE6A7D395120C4EBB75D38A335D04A78F720DDD052FAF28DAC5B9","8308"
"InteractivAgents\InteractiveAgents2\Assets\Samples\XR Interaction Toolkit\3.5.0\Starter Assets\Prefabs\Teleport\Blocking Teleport Reticle.prefab.meta","658D28CED158EABCD6617C9AE9A3C76EA9474ED255BA86430FA5A15A9AB3D505","154"
"InteractivAgents\InteractiveAgents2\Assets\Samples\XR Interaction Toolkit\3.5.0\Starter Assets\Prefabs\Teleport\Climb Teleport Arrow.prefab","37F7718023FAD4118227FB6F2279A11D8F22466DA39A1537805F4418FF4E23B4","10082"
"InteractivAgents\InteractiveAgents2\Assets\Samples\XR Interaction Toolkit\3.5.0\Starter Assets\Prefabs\Teleport\Climb Teleport Arrow.prefab.meta","EF84F42C6AB9DC1CBDFDFA378AB9934FE3DCD7551921B6018D3F05FAFC025A44","154"
"InteractivAgents\InteractiveAgents2\Assets\Samples\XR Interaction Toolkit\3.5.0\Starter Assets\Prefabs\Teleport\Directional Teleport Reticle.prefab","C69C4BDCADBEA645311842B869713EF0EAB0B247E183278BCF3F2A59AACF3617","6483"
"InteractivAgents\InteractiveAgents2\Assets\Samples\XR Interaction Toolkit\3.5.0\Starter Assets\Prefabs\Teleport\Directional Teleport Reticle.prefab.meta","5AB303680E690316A502621607FA19D3D981425A1EF75F7FA2A01DACF93939F9","154"
"InteractivAgents\InteractiveAgents2\Assets\Samples\XR Interaction Toolkit\3.5.0\Starter Assets\Prefabs\XR Origin (XR Rig).prefab","BD2551670790FF14B6465895CA6A96EB3292645E14B65D6119799CFEDFAB0E0A","101914"
"InteractivAgents\InteractiveAgents2\Assets\Samples\XR Interaction Toolkit\3.5.0\Starter Assets\Prefabs\XR Origin (XR Rig).prefab.meta","ADF2BAD051D391D0BDA2CAEEB30180A220AE10E60074AED104017C5053004C9F","154"
"InteractivAgents\InteractiveAgents2\Assets\Samples\XR Interaction Toolkit\3.5.0\Starter Assets\Presets.meta","AE9AD2AF2122E0CE6F92983293CCD574741BC8ACC963E4442CB2ABECD0B97840","172"
"InteractivAgents\InteractiveAgents2\Assets\Samples\XR Interaction Toolkit\3.5.0\Starter Assets\Presets\XRI Default Continuous Move.preset","630199204E5562A49E4C7457267994DE05B6A33ECBC2C8E301AFA95ECD75B978","5305"
"InteractivAgents\InteractiveAgents2\Assets\Samples\XR Interaction Toolkit\3.5.0\Starter Assets\Presets\XRI Default Continuous Move.preset.meta","6896A09A64BE062619F313229B50E065AB600CC321190B60B0DC392FA3044388","200"
"InteractivAgents\InteractiveAgents2\Assets\Samples\XR Interaction Toolkit\3.5.0\Starter Assets\Presets\XRI Default Continuous Turn.preset","8A0C5842D40F7D106108D209AB85A8D50328C95E5C6CEBA5085A6573EC23F15A","5001"
"InteractivAgents\InteractiveAgents2\Assets\Samples\XR Interaction Toolkit\3.5.0\Starter Assets\Presets\XRI Default Continuous Turn.preset.meta","11F729F1C5107756F606180D9810EAA558A15F67DEA70AF8F3D2E07277044E8E","200"
"InteractivAgents\InteractiveAgents2\Assets\Samples\XR Interaction Toolkit\3.5.0\Starter Assets\Presets\XRI Default Dynamic Move.preset","B59AE2164B7B6C381E99689BD4BCC848BCBEDF451E6F20C09DFDA0AC0FD91EE7","5865"
"InteractivAgents\InteractiveAgents2\Assets\Samples\XR Interaction Toolkit\3.5.0\Starter Assets\Presets\XRI Default Dynamic Move.preset.meta","0D1E4BB90CEB0B48C86FA05B908C1F9835329D482C941052C5BA6C2106216FC2","200"
"InteractivAgents\InteractiveAgents2\Assets\Samples\XR Interaction Toolkit\3.5.0\Starter Assets\Presets\XRI Default Left Controller InputActionManager.preset","91C990313CF0EC0DD68F2DE2FBE112E97FF23088003E290E0283FEB1A91E4D6A","2710"
"InteractivAgents\InteractiveAgents2\Assets\Samples\XR Interaction Toolkit\3.5.0\Starter Assets\Presets\XRI Default Left Controller InputActionManager.preset.meta","2D7F4499BCFFE6CEF391A13346F575291C7D21BAE4BE5033F81CBB2B39F6AC46","200"
"InteractivAgents\InteractiveAgents2\Assets\Samples\XR Interaction Toolkit\3.5.0\Starter Assets\Presets\XRI Default Left Grab Move.preset","4A2E745291EA84DA6F1F96DDB6409FC34490C612018369EEF349DD0758802A59","7016"
"InteractivAgents\InteractiveAgents2\Assets\Samples\XR Interaction Toolkit\3.5.0\Starter Assets\Presets\XRI Default Left Grab Move.preset.meta","04554F1C866F5878DB99EC020CF3D7861CFC27602F3F9F2E7A682AD24A5DFD84","200"
"InteractivAgents\InteractiveAgents2\Assets\Samples\XR Interaction Toolkit\3.5.0\Starter Assets\Presets\XRI Default Right Controller InputActionManager.preset","9B3268973472B98A440268FD69EDB9991E3020387D64A1D821ED5E344086B9DD","2716"
"InteractivAgents\InteractiveAgents2\Assets\Samples\XR Interaction Toolkit\3.5.0\Starter Assets\Presets\XRI Default Right Controller InputActionManager.preset.meta","DF4225FAA23349C92831097F5BF4C1448A1422791B71A2DF23BD9074B87E2F9D","200"
"InteractivAgents\InteractiveAgents2\Assets\Samples\XR Interaction Toolkit\3.5.0\Starter Assets\Presets\XRI Default Right Grab Move.preset","F38F51550EA34F7531BD18702BAE630EBD4A7008C9143B5D303D12A47B2F0804","7011"
"InteractivAgents\InteractiveAgents2\Assets\Samples\XR Interaction Toolkit\3.5.0\Starter Assets\Presets\XRI Default Right Grab Move.preset.meta","09B6B225ACB61F3F781CD14BC14C3385CA7387D2303EB2C59BECFD48911AFFCF","200"
"InteractivAgents\InteractiveAgents2\Assets\Samples\XR Interaction Toolkit\3.5.0\Starter Assets\Presets\XRI Default Snap Turn.preset","D922DCE3890B9197B31E50C25A0EBA3408AA865E44572FB96104AF3CDDA3C27F","5212"
"InteractivAgents\InteractiveAgents2\Assets\Samples\XR Interaction Toolkit\3.5.0\Starter Assets\Presets\XRI Default Snap Turn.preset.meta","8D6F4FBAAB10EB3E4A84C2908E8E663833AFADB782CB7A26E11681E94B19E20D","200"
"InteractivAgents\InteractiveAgents2\Assets\Samples\XR Interaction Toolkit\3.5.0\Starter Assets\Presets\XRI Default XR UI Input Module.preset","6B7FCE34BB4E4E6BB9DFB594F6064F74FBB06C5846A07316D759F060E909E954","4475"
"InteractivAgents\InteractiveAgents2\Assets\Samples\XR Interaction Toolkit\3.5.0\Starter Assets\Presets\XRI Default XR UI Input Module.preset.meta","05E3CA9E2AD359260930E5FE6C44C0217C7D206DB41A2BBFC5AD22F9BA6D99D8","200"
"InteractivAgents\InteractiveAgents2\Assets\Samples\XR Interaction Toolkit\3.5.0\Starter Assets\Scripts.meta","D80D9EEF7513F1D5D9214078FB97AEECEC626834585516162992E16D6BF1EA36","172"
"InteractivAgents\InteractiveAgents2\Assets\Samples\XR Interaction Toolkit\3.5.0\Starter Assets\Scripts\ClimbTeleportDestinationIndicator.cs","3EAF311FC21976A8CA9260F46264DDDDFCF8EA05EDF120151378C63DB0E18F47","5863"
"InteractivAgents\InteractiveAgents2\Assets\Samples\XR Interaction Toolkit\3.5.0\Starter Assets\Scripts\ClimbTeleportDestinationIndicator.cs.meta","59792AA7B0130C119559B5505A21B0F7826E247F4DE67B603242070990619E3E","243"
"InteractivAgents\InteractiveAgents2\Assets\Samples\XR Interaction Toolkit\3.5.0\Starter Assets\Scripts\ControllerAnimator.cs","BF2B8A7DFED1EB9F739197C79CEF55FEB3686671F9630E1698617782A9BB2CB3","2969"
"InteractivAgents\InteractiveAgents2\Assets\Samples\XR Interaction Toolkit\3.5.0\Starter Assets\Scripts\ControllerAnimator.cs.meta","B8FB212F3D204650C679C0EFA77592A618CA7C9E9BEBF847C801638EDE4840C2","243"
"InteractivAgents\InteractiveAgents2\Assets\Samples\XR Interaction Toolkit\3.5.0\Starter Assets\Scripts\ControllerInputActionManager.cs","90AA69C90822C0DB4A612A1A3393206BC34534E945DF2D941BCC2BC5A2AF5583","20327"
"InteractivAgents\InteractiveAgents2\Assets\Samples\XR Interaction Toolkit\3.5.0\Starter Assets\Scripts\ControllerInputActionManager.cs.meta","BC620C63636B0004B01B7DFA6F925E007F15C0B1ECE59511682EFCB60A8386C3","243"
"InteractivAgents\InteractiveAgents2\Assets\Samples\XR Interaction Toolkit\3.5.0\Starter Assets\Scripts\DestroySelf.cs","733F6ED89C72E800C7C1400E370E4E6D3D28A9D1782E5258C9652CE86FFC9340","856"
"InteractivAgents\InteractiveAgents2\Assets\Samples\XR Interaction Toolkit\3.5.0\Starter Assets\Scripts\DestroySelf.cs.meta","8172CBAC7D9789EE1E76928CC84F686F976730866DD14E26B628202E854384D0","243"
"InteractivAgents\InteractiveAgents2\Assets\Samples\XR Interaction Toolkit\3.5.0\Starter Assets\Scripts\DynamicMoveProvider.cs","E9F98890BD8DD00389DCCAE9C0E57F04537B4E166D48D24F834112F7ECFDD9D6","7814"
"InteractivAgents\InteractiveAgents2\Assets\Samples\XR Interaction Toolkit\3.5.0\Starter Assets\Scripts\DynamicMoveProvider.cs.meta","1360FDDC5292DCAE9FFEF1CAF6D3EAD6BDAA0614BDD5F2EF1FEBEA2338B47A1A","243"
"InteractivAgents\InteractiveAgents2\Assets\Samples\XR Interaction Toolkit\3.5.0\Starter Assets\Scripts\GazeInputManager.cs","364ECC2B67B1CF0C97B2924E620D7C0C0D3E5A6C61A8A811D53E25E71BF63C57","3459"
"InteractivAgents\InteractiveAgents2\Assets\Samples\XR Interaction Toolkit\3.5.0\Starter Assets\Scripts\GazeInputManager.cs.meta","55AF20A214083184215C434CD4DC7313DAE9476DC03822CA2BF9B2AA56D17D27","243"
"InteractivAgents\InteractiveAgents2\Assets\Samples\XR Interaction Toolkit\3.5.0\Starter Assets\Scripts\MaterialPipelineHandler.cs","609D9E5E71D2D0B95E65784C023130ACB3234ADA3610B334F740FC09AAFA0359","11958"
"InteractivAgents\InteractiveAgents2\Assets\Samples\XR Interaction Toolkit\3.5.0\Starter Assets\Scripts\MaterialPipelineHandler.cs.meta","2905485D4465C8E60A33269023E5DE71E3928081B120ABD56E14083B102EE6AA","243"
"InteractivAgents\InteractiveAgents2\Assets\Samples\XR Interaction Toolkit\3.5.0\Starter Assets\Scripts\ObjectSpawner.cs","FF963ACD3E6902743CBE4F2367FBA72D778B5E58678C7F3F3AEAF9E0B3C057C8","11455"
"InteractivAgents\InteractiveAgents2\Assets\Samples\XR Interaction Toolkit\3.5.0\Starter Assets\Scripts\ObjectSpawner.cs.meta","569761C8D0F546617A9DEA509AF47403DFF790F390C30F19C3443EA76E123510","243"
"InteractivAgents\InteractiveAgents2\Assets\Samples\XR Interaction Toolkit\3.5.0\Starter Assets\Scripts\PermissionsManager.cs","04789DE44272260D3068D8211538412128B683AF883503802FDB3EFC573BB19F","6470"
"InteractivAgents\InteractiveAgents2\Assets\Samples\XR Interaction Toolkit\3.5.0\Starter Assets\Scripts\PermissionsManager.cs.meta","F57C67216FE1BF9DE56DFD193CEC0B92201F4B1E9D784FA150C3C74A1E92AF0D","243"
"InteractivAgents\InteractiveAgents2\Assets\Samples\XR Interaction Toolkit\3.5.0\Starter Assets\Scripts\PlatformUnderstanding.cs","D467A83D49FEC798D565ED8E93F0ED9E1EC6BCA3DA4FB009A386F9A12C4DD239","3776"
"InteractivAgents\InteractiveAgents2\Assets\Samples\XR Interaction Toolkit\3.5.0\Starter Assets\Scripts\PlatformUnderstanding.cs.meta","ADAE13F32F8770B085E9E2FF113BD4BF7630C77F8E6EC78A978EAC51079E76BD","243"
"InteractivAgents\InteractiveAgents2\Assets\Samples\XR Interaction Toolkit\3.5.0\Starter Assets\Scripts\RotationAxisLockGrabTransformer.cs","FE1AF1EAC4F8F2B11FA99960FC28CA1E8DFFCFAEFF90BA1E552D22246B44997F","2109"
"InteractivAgents\InteractiveAgents2\Assets\Samples\XR Interaction Toolkit\3.5.0\Starter Assets\Scripts\RotationAxisLockGrabTransformer.cs.meta","A5F7B18BF09A3FDA9007151A3AC3C9E8CC60E691FEC6D86FDF5D85DC388F56AD","243"
"InteractivAgents\InteractiveAgents2\Assets\Samples\XR Interaction Toolkit\3.5.0\Starter Assets\Scripts\TeleportVolumeAnchorAffordanceStateLink.cs","1D92C943B82B620D53231DE68768B9B0FE4DDDD5366A559B463B98379B4EA373","4227"
"InteractivAgents\InteractiveAgents2\Assets\Samples\XR Interaction Toolkit\3.5.0\Starter Assets\Scripts\TeleportVolumeAnchorAffordanceStateLink.cs.meta","B9E98EEAFCC26F7328DD4DCAABD1E6E098E073B4CB01042850CB3610A0128428","243"
"InteractivAgents\InteractiveAgents2\Assets\Samples\XR Interaction Toolkit\3.5.0\Starter Assets\Scripts\ToggleColorToggler.cs","5D17DB960E478140289A3DE6C24A8212BDCFD4440189FD971B87B7CB516BD840","1969"
"InteractivAgents\InteractiveAgents2\Assets\Samples\XR Interaction Toolkit\3.5.0\Starter Assets\Scripts\ToggleColorToggler.cs.meta","ACA33031495EE5E0664D18EF0D61477DD09A5DDCEECE2C9C81FBB4CFFA48AB28","243"
"InteractivAgents\InteractiveAgents2\Assets\Samples\XR Interaction Toolkit\3.5.0\Starter Assets\Scripts\ToggleComponentZone.cs","40BA03271D91F7A4937AA6E105CD498756AB128C9D05D1904437CC46A67C2967","7447"
"InteractivAgents\InteractiveAgents2\Assets\Samples\XR Interaction Toolkit\3.5.0\Starter Assets\Scripts\ToggleComponentZone.cs.meta","5AF8D87A5FB470F4A12DC68653F9634CC81877C58B42E6A438858881F56BEB8B","243"
"InteractivAgents\InteractiveAgents2\Assets\Samples\XR Interaction Toolkit\3.5.0\Starter Assets\Scripts\XRPokeFollowAffordance.cs","4B7B5DCFE495AF799737082644181BA252122226E1E2AC3D89D826145CD34F85","11390"
"InteractivAgents\InteractiveAgents2\Assets\Samples\XR Interaction Toolkit\3.5.0\Starter Assets\Scripts\XRPokeFollowAffordance.cs.meta","F5CAA31E351D56C305B3C916731BE52E92664D7FD060069B721E35B28EF21AB1","243"
"InteractivAgents\InteractiveAgents2\Assets\Samples\XR Interaction Toolkit\3.5.0\Starter Assets\Shaders.meta","F04032800FFFB7F2DEED4745D30C307F095CE04EA4E565BB3F22FE74AA46044E","172"
"InteractivAgents\InteractiveAgents2\Assets\Samples\XR Interaction Toolkit\3.5.0\Starter Assets\Shaders\BiRP_Fresnel.shader","7ABD2B00DFF64C4B276A3F9D19243BF79D53A0F3D609E0AACA523F305FC8645D","2853"
"InteractivAgents\InteractiveAgents2\Assets\Samples\XR Interaction Toolkit\3.5.0\Starter Assets\Shaders\BiRP_Fresnel.shader.meta","1AF11D0E2B0A3D9C7478E40995F651E3D78A02BA45C23646EBD924325E7A81F8","204"
"InteractivAgents\InteractiveAgents2\Assets\Samples\XR Interaction Toolkit\3.5.0\Starter Assets\Shaders\Interactable.shadergraph","CB00D23609DA7B8E55EEA5BE28458AEB9FDD124B1C8196C18CF519013604265A","97587"
"InteractivAgents\InteractiveAgents2\Assets\Samples\XR Interaction Toolkit\3.5.0\Starter Assets\Shaders\Interactable.shadergraph.meta","4409F95BB3918E13218937FFFE1C4EE15C07F166F8022AAA7859344D98EC26DC","285"
"InteractivAgents\InteractiveAgents2\Assets\Samples\XR Interaction Toolkit\3.5.0\Starter Assets\Shaders\UI-NoZTest.shader","5430F7DB10570708CB12A4F4604F4E112A062F9E8B1869343E976C119363BB93","2571"
"InteractivAgents\InteractiveAgents2\Assets\Samples\XR Interaction Toolkit\3.5.0\Starter Assets\Shaders\UI-NoZTest.shader.meta","BCC213E4E5F37F99BB2166EEEF894E3702508E44AC356782888F76A67049B9BA","204"
"InteractivAgents\InteractiveAgents2\Assets\Samples\XR Interaction Toolkit\3.5.0\Starter Assets\Shaders\Unlit_Fresnel.shadergraph","FBEF92B954BD9D7CD0B6C59177ADB292774341F99A14F9AE8BC9D52F14ABAACD","50864"
"InteractivAgents\InteractiveAgents2\Assets\Samples\XR Interaction Toolkit\3.5.0\Starter Assets\Shaders\Unlit_Fresnel.shadergraph.meta","78D9DE20B1A206D50B2ADA73BD82C5B2C10E3048C76D3AA9377ED9834347E174","285"
"InteractivAgents\InteractiveAgents2\Assets\Samples\XR Interaction Toolkit\3.5.0\Starter Assets\Shaders\Unlit_ShaderGraph.shadergraph","C8BEB311D0BCA9406415B6F3CD8BB776B69A3C0D74E9C5974D38E3FF99F09CA4","17696"
"InteractivAgents\InteractiveAgents2\Assets\Samples\XR Interaction Toolkit\3.5.0\Starter Assets\Shaders\Unlit_ShaderGraph.shadergraph.meta","E043A59B4DA63AFD5ED2E3064EFD1EE97677A8F9D5F9513EF69E26C9830A2C4E","285"
"InteractivAgents\InteractiveAgents2\Assets\Samples\XR Interaction Toolkit\3.5.0\Starter Assets\StarterAssets.asmdef","42212AC913A7CFD607367C466369D2C05ECF8C58DA9017E3EFA8FEBC91D7DA36","988"
"InteractivAgents\InteractiveAgents2\Assets\Samples\XR Interaction Toolkit\3.5.0\Starter Assets\StarterAssets.asmdef.meta","9EA63DA7446DEEDFD2315210F6A424803753DCE8F516F7B97907D52AF1B24B86","166"
"InteractivAgents\InteractiveAgents2\Assets\Samples\XR Interaction Toolkit\3.5.0\Starter Assets\Textures.meta","9C79E1B046ABE76432416CC0CAA62A4D5C57B99B92037070C7C8D073BF440DE5","172"
"InteractivAgents\InteractiveAgents2\Assets\Samples\XR Interaction Toolkit\3.5.0\Starter Assets\Textures\DefaultMaterial_AO.png","B2339B3E506470EF40D4C3D6A617BC4F1D3BE0CC6910A2C9EECBFB8088B94824","891404"
"InteractivAgents\InteractiveAgents2\Assets\Samples\XR Interaction Toolkit\3.5.0\Starter Assets\Textures\DefaultMaterial_AO.png.meta","1DEC3556439BED66A0D8D54E924AB40DB92E0255D35A85E069DBAB0D2784179E","3304"
"InteractivAgents\InteractiveAgents2\Assets\Samples\XR Interaction Toolkit\3.5.0\Starter Assets\TunnelingVignette.meta","90C9369951D282B070F4C16A4F15429261C5D22A325FB13D7FB3F3614FF37BC2","172"
"InteractivAgents\InteractiveAgents2\Assets\Samples\XR Interaction Toolkit\3.5.0\Starter Assets\TunnelingVignette\TunnelingVignette.mat","56F3B2150C9A15368245173E1A56739D47422C273E157B067E2FEA344065417B","4880"
"InteractivAgents\InteractiveAgents2\Assets\Samples\XR Interaction Toolkit\3.5.0\Starter Assets\TunnelingVignette\TunnelingVignette.mat.meta","1019EC6FE3DE04441079CFBFFC6DAAC75F0B3FDDD4C981F98AEF75B1B96FA0BE","182"
"InteractivAgents\InteractiveAgents2\Assets\Samples\XR Interaction Toolkit\3.5.0\Starter Assets\TunnelingVignette\TunnelingVignette.prefab","8209C78C867E1F92C61C32E7D304FB5CD4974BE22EB237E23C9965636D6A54AD","3867"
"InteractivAgents\InteractiveAgents2\Assets\Samples\XR Interaction Toolkit\3.5.0\Starter Assets\TunnelingVignette\TunnelingVignette.prefab.meta","E124B8BE1727C9B2740F54AAB63C122AFDAEBFA54C85F5AA75DE442568A427D3","154"
"InteractivAgents\InteractiveAgents2\Assets\Samples\XR Interaction Toolkit\3.5.0\Starter Assets\TunnelingVignette\TunnelingVignette.shader","82BCC1A38058A50C0FBBF72E7D951F4E00984DA567E80629AEB798D5E373F03C","2185"
"InteractivAgents\InteractiveAgents2\Assets\Samples\XR Interaction Toolkit\3.5.0\Starter Assets\TunnelingVignette\TunnelingVignette.shader.meta","DE3D1DF7D54CFBEC19E5A0B56E722912704EDE4A3CD00D0E1F1F93EE2A7330AB","204"
"InteractivAgents\InteractiveAgents2\Assets\Samples\XR Interaction Toolkit\3.5.0\Starter Assets\TunnelingVignette\TunnelingVignetteHemisphere.fbx","2B309D5A6D6887A72F1C3AB555B89C71CF32812A36FB99D5C21AF128939B2445","55932"
"InteractivAgents\InteractiveAgents2\Assets\Samples\XR Interaction Toolkit\3.5.0\Starter Assets\TunnelingVignette\TunnelingVignetteHemisphere.fbx.meta","3AD9BA02ED26BA237250889E86277623C8D34BF03F85B7CD337510B46D6A24F3","2830"
"InteractivAgents\InteractiveAgents2\Assets\Samples\XR Interaction Toolkit\3.5.0\Starter Assets\TunnelingVignette\TunnelingVignetteSG.shadergraph","1AB5E86A571D57DF19293F4765330832B2F55CADA5C6644386F40C2870A40E1B","75644"
"InteractivAgents\InteractiveAgents2\Assets\Samples\XR Interaction Toolkit\3.5.0\Starter Assets\TunnelingVignette\TunnelingVignetteSG.shadergraph.meta","5799B3A20C0A73C4DC15E20457DAE78C0D990C57FE00F3FB7C93C4A5CADEB5F4","285"
"InteractivAgents\InteractiveAgents2\Assets\Samples\XR Interaction Toolkit\3.5.0\Starter Assets\XRI Default Input Actions.inputactions","DCEB0E075F3803B0358D658D129A87E0C64B4EEA08785E5FCE0572C451BE85CA","157127"
"InteractivAgents\InteractiveAgents2\Assets\Samples\XR Interaction Toolkit\3.5.0\Starter Assets\XRI Default Input Actions.inputactions.meta","71FEC8F9D8B142CF8090B37E8E163D3D6A7D347160ED85A7F85301AAA5DF9258","376"
"InteractivAgents\InteractiveAgents2\Assets\Scenes.meta","96D383ABFDFC171F9C85596A1FF229C44C87A85C3F7E9CA49B3353CC0FC2B4F0","172"
"InteractivAgents\InteractiveAgents2\Assets\Scenes\MolkereiChampignion.unity","BE99C021FF2B4C53EB34CFB8F8E558837C5847F5DE2F88AFABD748F4D88E06FB","383260"
"InteractivAgents\InteractiveAgents2\Assets\Scenes\MolkereiChampignion.unity.meta","635FB1BD77469B3A49C9CC0B2395A1FEFACC2701B9341F2A12E7A36A64BDAD0E","155"
"InteractivAgents\InteractiveAgents2\Assets\Scenes\SampleScene 2.unity","05C5FCEA0BC7948F803B8B5E8FCB0A14144001B5CAC9D218CC429A1E2553AB11","441870"
"InteractivAgents\InteractiveAgents2\Assets\Scenes\SampleScene 2.unity.meta","E67C6D4FA781DF1AC149D12E7C8057EA8DFB0C04C311B5BDDD18F72F1752BB75","155"
"InteractivAgents\InteractiveAgents2\Assets\Scenes\SampleScene.unity","2D4E60BA39B6EA32BBF8D64676BB08877B6959D22E7AB4562BDEBB252700477E","13628"
"InteractivAgents\InteractiveAgents2\Assets\Scenes\SampleScene.unity.meta","B5815A6B12AFAF810577BC89041C4CE46516C7CD6609693F8DB616F8E5584D80","155"
"InteractivAgents\InteractiveAgents2\Assets\Scripting.meta","E6B929AAAAF6B3F9734DAA4944A57F3AC5FCD7CFA5A3CE6CA3C142D4FC0F6963","172"
"InteractivAgents\InteractiveAgents2\Assets\Scripting\ArrowProjectWizard.cs","62C8D7BA45206CE51195C50C47CA9358F2C3B95F50F66767767C83BA1C78A1DC","57199"
"InteractivAgents\InteractiveAgents2\Assets\Scripting\ArrowProjectWizard.cs.meta","342BB44DFE44DEDB92AA7265BCB2046671D2A16FBC152133176E5AFA268B607C","59"
"InteractivAgents\InteractiveAgents2\Assets\Scripting\BestfitMLDS.json","B749A695FA7CC7307DB08217F88FDC587780D14E5096E7E06A43F0D3A4F0ECE3","15770"
"InteractivAgents\InteractiveAgents2\Assets\Scripting\BestfitMLDS.json.meta","FDFD3310CF46A0260D0AAA222655DAA3231C8CA70FCCBCBDA1F5500523B5FED3","158"
"InteractivAgents\InteractiveAgents2\Assets\Scripting\KlassenraumMLDS.json","A5327D5D506A691FE1EC8A9E0B88BEA791F8CBC8244219033B7F5031D9606761","17538"
"InteractivAgents\InteractiveAgents2\Assets\Scripting\KlassenraumMLDS.json.meta","4361118837611CACF7893BA4F9A104F8F81681D0143D9DFE67075B8C2A779C32","158"
"InteractivAgents\InteractiveAgents2\Assets\Scripting\MLDSSteinpilz.json","BE5F3A875EEA8557012ABAEBA060A9DAD6496884E7E1E1D1B52CE20195F22E78","16570"
"InteractivAgents\InteractiveAgents2\Assets\Scripting\MLDSSteinpilz.json.meta","CFD75A425EEF535D3CD68ED251ECCF5E9193C402782EDAF189530BF5059F8FDA","158"
"InteractivAgents\InteractiveAgents2\Assets\Scripting\ProjectManagerUI.cs","ECE9A6A0D49E64D4E6BF789A19313E323CD9C1F1B8AB89C72F7D124B30015B89","36336"
"InteractivAgents\InteractiveAgents2\Assets\Scripting\ProjectManagerUI.cs.meta","D69A3BE4B568BA10DA56E36326676230583FF0F2A7BE49E8D73F7E474518D648","59"
"InteractivAgents\InteractiveAgents2\Assets\Scripting\QuickAgentManager.cs","F9801ADB9C5AD961E96FAD28C55AFE85CFC03CAE9BF29755B1960D2C8531722B","139011"
"InteractivAgents\InteractiveAgents2\Assets\Scripting\QuickAgentManager.cs.meta","57D62F0C3ACB6858930A5D43DC351004F106B9236B01790CE20B971108F306E0","59"
"InteractivAgents\InteractiveAgents2\Assets\Settings.meta","73C8E19843240273FACB0AF6BDBF430D719E397ADED705629594060CE25CE7AD","172"
"InteractivAgents\InteractiveAgents2\Assets\Settings\DefaultVolumeProfile.asset","463776C51AE49D4FEF980E8FD268081B2F505610D79315003FAAE1ACFF8F4115","24035"
"InteractivAgents\InteractiveAgents2\Assets\Settings\DefaultVolumeProfile.asset.meta","EFBCB026CEE6B8E32FDF27018C06B0515296A6CCBB43969E792FEA270310700A","189"
"InteractivAgents\InteractiveAgents2\Assets\Settings\Mobile_Renderer.asset","AA93274C9521FA941170BECEC9E87C5FA36B8587EEFD5EEB5C0EED0D1D4B1DBE","1713"
"InteractivAgents\InteractiveAgents2\Assets\Settings\Mobile_Renderer.asset.meta","A148EE2B4987B05B8FF7AE5F9BF84916184F77AEFDDC821DCEB551F5A69F8179","189"
"InteractivAgents\InteractiveAgents2\Assets\Settings\Mobile_RPAsset.asset","9187DD282F044A54BC597C6A8473DB4A293787C52F3FB899A748973571001F04","4650"
"InteractivAgents\InteractiveAgents2\Assets\Settings\Mobile_RPAsset.asset.meta","53EA46647712C615FD1A3F2E0DDDFA8559EEEDC649E9A1DBF93FF913DE28544C","189"
"InteractivAgents\InteractiveAgents2\Assets\Settings\PC_Renderer.asset","3D0B01D8DED3327263B6690BE128A3DE58D17C514943AE42FE743A3E084A9C79","3439"
"InteractivAgents\InteractiveAgents2\Assets\Settings\PC_Renderer.asset.meta","B5DF8DDB2708C6ED4C133A5FF9EE95A75CC20E4EE3ED6181366A61AEDBAF31EC","189"
"InteractivAgents\InteractiveAgents2\Assets\Settings\PC_RPAsset.asset","85E4B95F69A7E7763B1DA93F94D3049AB143C559FB39759761A82C515F21E523","4669"
"InteractivAgents\InteractiveAgents2\Assets\Settings\PC_RPAsset.asset.meta","BB469B9B6F318E9E9BED29C3B2E73E79371C04743C6F95DD6603941F1CD3E53E","189"
"InteractivAgents\InteractiveAgents2\Assets\Settings\SampleSceneProfile.asset","A8677D4BAC051D24CAA11CD622E39F968155EE277BFCE132274F1DE225692FE9","3703"
"InteractivAgents\InteractiveAgents2\Assets\Settings\SampleSceneProfile.asset.meta","2E23ABC214069F0ADBF2B2207F1DB54BE7876629EC2A3681D0F4AA5B61622EF0","182"
"InteractivAgents\InteractiveAgents2\Assets\Settings\UniversalRenderPipelineGlobalSettings.asset","81635631CEDBFDB823E67A97EFEDBE8752C969061F764FC6C102795950647304","26893"
"InteractivAgents\InteractiveAgents2\Assets\Settings\UniversalRenderPipelineGlobalSettings.asset.meta","F61661D8BC8DBE531DAF09F6211EF978C7BA145C9207C8E76524396AE0722D7C","189"
"InteractivAgents\InteractiveAgents2\Assets\TextMesh Pro.meta","8529D84D190A68AEB1A16E0A90308081BD30A738DBCC63C63B2A93C53B9A11B3","172"
"InteractivAgents\InteractiveAgents2\Assets\TextMesh Pro\Fonts.meta","11E80153FA39B86EFADB8917ECDE12A0402FE0729F2C88F6F8D1999F3FB04748","172"
"InteractivAgents\InteractiveAgents2\Assets\TextMesh Pro\Fonts\LiberationSans - OFL.txt","37F8552E9A874EC10710DC0EDE6A9ADF168E6609FBD02A507F35629373B85A48","4469"
"InteractivAgents\InteractiveAgents2\Assets\TextMesh Pro\Fonts\LiberationSans - OFL.txt.meta","5DBEC32C014C17D94674AF5F1494D49B42BA00EDD50397F895F088C868CCBF86","177"
"InteractivAgents\InteractiveAgents2\Assets\TextMesh Pro\Fonts\LiberationSans.ttf","E5B0AF421EA2BFBC1AC8D251D647268087AE82786234C57F757D1F0B90FA8B49","350200"
"InteractivAgents\InteractiveAgents2\Assets\TextMesh Pro\Fonts\LiberationSans.ttf.meta","E2E35A015703584FB119355FA02631764D111C3E112D32519801D46BD697B596","414"
"InteractivAgents\InteractiveAgents2\Assets\TextMesh Pro\Resources.meta","167448559DB07C9857B206A0F5A0AEDCD6A6DAD900D618B35B0702D636573805","172"
"InteractivAgents\InteractiveAgents2\Assets\TextMesh Pro\Resources\Fonts & Materials.meta","8917470A9265BEB1EF55A28C6A3718EB12EC8004554499998CC345056247995F","191"
"InteractivAgents\InteractiveAgents2\Assets\TextMesh Pro\Resources\Fonts & Materials\LiberationSans SDF - Drop Shadow.mat","B6B65C34E4907DD3006C2217FC8A4CEF81B6DA24DF0A3DE8E2288199EB6C5A9D","2975"
"InteractivAgents\InteractiveAgents2\Assets\TextMesh Pro\Resources\Fonts & Materials\LiberationSans SDF - Drop Shadow.mat.meta","EF2EEE63B288D47823DA38109E3E8C879F4717A82DC662AC2D5E2460DACDE698","179"
"InteractivAgents\InteractiveAgents2\Assets\TextMesh Pro\Resources\Fonts & Materials\LiberationSans SDF - Fallback.asset","E2D77876F2B90D98BA2424F6FC32B1403EA701DE8FD24A8FE8E571ECC3CDC10A","9365"
"InteractivAgents\InteractiveAgents2\Assets\TextMesh Pro\Resources\Fonts & Materials\LiberationSans SDF - Fallback.asset.meta","D6D86504040CF6E736767FDA9BDEF494AFB06D5304384243E2DD703EBA3A4A3D","179"
"InteractivAgents\InteractiveAgents2\Assets\TextMesh Pro\Resources\Fonts & Materials\LiberationSans SDF - Outline.mat","25874340976D40E9F9E8ABF731B7F32E5A478541DEAD9288140BD60C7A3287D9","2889"
"InteractivAgents\InteractiveAgents2\Assets\TextMesh Pro\Resources\Fonts & Materials\LiberationSans SDF - Outline.mat.meta","A8CF0EE9888A163E892368B4660B9C62A7375E7F8AFDB8EE02E5C91CA1CDB355","179"
"InteractivAgents\InteractiveAgents2\Assets\TextMesh Pro\Resources\Fonts & Materials\LiberationSans SDF.asset","C3FF50E3133D989180B187748FFC67903F1FEDE099A5B85B4FCBD8CB6E8BE958","2256862"
"InteractivAgents\InteractiveAgents2\Assets\TextMesh Pro\Resources\Fonts & Materials\LiberationSans SDF.asset.meta","37233890984555987CB585551BC885069F2849A9B0D1C2191AF073B9376AA10F","179"
"InteractivAgents\InteractiveAgents2\Assets\TextMesh Pro\Resources\LineBreaking Following Characters.txt","3A73E5FFE2510756DD3C2E982FDC1218B4BE82C6E21ABDE88070D6860E1BC8E6","269"
"InteractivAgents\InteractiveAgents2\Assets\TextMesh Pro\Resources\LineBreaking Following Characters.txt.meta","D5A86D8B7DB6AA3CA6F4A63750EB94E0C42A64909B47D8C6C6F2565845534490","179"
"InteractivAgents\InteractiveAgents2\Assets\TextMesh Pro\Resources\LineBreaking Leading Characters.txt","62D3F4D5F64AAF885692D2D13A8313F6918E6E4C5AEB3990A43F614652BFD89C","95"
"InteractivAgents\InteractiveAgents2\Assets\TextMesh Pro\Resources\LineBreaking Leading Characters.txt.meta","6A925814D5E251A0CED6DE210DB2BACF2DE29B4F0DC2991E85C908632E9565E4","179"
"InteractivAgents\InteractiveAgents2\Assets\TextMesh Pro\Resources\Style Sheets.meta","1FDF0423552F46284FB97894F36ADCD34D32E595AAF5C7CF1CE38A2349FAAF89","191"
"InteractivAgents\InteractiveAgents2\Assets\TextMesh Pro\Resources\Style Sheets\Default Style Sheet.asset","93E073CDB91B7E3D2FA31E2DD13626D7B9D2F327904BA8C3C2B97A3EECFBABAC","5539"
"InteractivAgents\InteractiveAgents2\Assets\TextMesh Pro\Resources\Style Sheets\Default Style Sheet.asset.meta","B832663CA09EC7AF8C8E816FD91A718B2AF6C21AB4F126FA818871AD53BCE763","181"
"InteractivAgents\InteractiveAgents2\Assets\TextMesh Pro\Resources\TMP Settings.asset","7BE438062CDC296835A1258B68BCBEB8E9FDC4B01EA27C05A24A1074260F7424","1852"
"InteractivAgents\InteractiveAgents2\Assets\TextMesh Pro\Resources\TMP Settings.asset.meta","A65193B095EC3606789A3191751A837704CF52D4F461993AE7903024C6D43F45","179"
"InteractivAgents\InteractiveAgents2\Assets\TextMesh Pro\Shaders.meta","C109EB7E331AFFEDB377F7051DF3D4881F8529B65F9593234585713E6E94ED30","172"
"InteractivAgents\InteractiveAgents2\Assets\TextMesh Pro\Shaders\SDFFunctions.hlsl","88CF0F62E4000B71750C059D0886B19504CD1CF10F39BB61DDC11B77A882D417","6021"
"InteractivAgents\InteractiveAgents2\Assets\TextMesh Pro\Shaders\SDFFunctions.hlsl.meta","E1D0C5347B3C55930759F5BC0985E11611A4B2FF22EEF24523EB108687BD1642","230"
"InteractivAgents\InteractiveAgents2\Assets\TextMesh Pro\Shaders\TMP_Bitmap.shader","1D32F34C71276C1321AA0540A2410E15808743A38B2026923045A4DEC4A79B58","3839"
"InteractivAgents\InteractiveAgents2\Assets\TextMesh Pro\Shaders\TMP_Bitmap.shader.meta","3D462E6F8BA57F45DC5E6000020DB066C36ED5A1A24F74F749727812373C2325","204"
"InteractivAgents\InteractiveAgents2\Assets\TextMesh Pro\Shaders\TMP_Bitmap-Custom-Atlas.shader","42892A52F22BDDE6D482CF2DA5F35E4B813063FC6FE42189EEE5562080079494","3836"
"InteractivAgents\InteractiveAgents2\Assets\TextMesh Pro\Shaders\TMP_Bitmap-Custom-Atlas.shader.meta","91BE1D5618A7DA33C878E20CF2BE3E13B897D4976C70BDE0CDA7A67DBD502CD2","204"
"InteractivAgents\InteractiveAgents2\Assets\TextMesh Pro\Shaders\TMP_Bitmap-Mobile.shader","B50AFC7EDC8A710F8B4159149B2391E7238B5E4076CC0EA2119090ED29E13B4A","4071"
"InteractivAgents\InteractiveAgents2\Assets\TextMesh Pro\Shaders\TMP_Bitmap-Mobile.shader.meta","7430F3E97AE1B46F34E1CA75508705BB7B944307C41DC568EA728011F327086D","204"
"InteractivAgents\InteractiveAgents2\Assets\TextMesh Pro\Shaders\TMP_SDF Overlay.shader","A0D318756CBA0F95A7052C387E629D0ADD3E9A4125C8333F1D1ED591AF5F17CB","11054"
"InteractivAgents\InteractiveAgents2\Assets\TextMesh Pro\Shaders\TMP_SDF Overlay.shader.meta","FB8FC84B612E19C169CDF3596195B416E68D227A8987A0EAA90D8C137FB69797","204"
"InteractivAgents\InteractiveAgents2\Assets\TextMesh Pro\Shaders\TMP_SDF SSD.shader","2A991951B00B0C052363A1025F655450054325437B3D13C2623A987C8EC77C30","12438"
"InteractivAgents\InteractiveAgents2\Assets\TextMesh Pro\Shaders\TMP_SDF SSD.shader.meta","BEA74D576F181A8BB04B8CF02EEDD0136540325ECB2824928A3AA52C75ADCB13","204"
"InteractivAgents\InteractiveAgents2\Assets\TextMesh Pro\Shaders\TMP_SDF.shader","10EFE6D4728474A09970B857FAF37913793E168DC13DBD4D7316B54B37615D97","11027"
"InteractivAgents\InteractiveAgents2\Assets\TextMesh Pro\Shaders\TMP_SDF.shader.meta","0897FB06D170043FFFA2D28783B347BBAEE87A3F09F08374CA44B2C3848697D6","204"
"InteractivAgents\InteractiveAgents2\Assets\TextMesh Pro\Shaders\TMP_SDF-HDRP LIT.shadergraph","BF68062F68B38B588ABD1C354F64E905F824D9A2C47F92EBDD70A32989EB2097","287427"
"InteractivAgents\InteractiveAgents2\Assets\TextMesh Pro\Shaders\TMP_SDF-HDRP LIT.shadergraph.meta","D1B70558E8B974D918E13C010DB6D375FEF815BA530BC2421AB031AA3A784EE8","285"
"InteractivAgents\InteractiveAgents2\Assets\TextMesh Pro\Shaders\TMP_SDF-HDRP UNLIT.shadergraph","8A969C2D775079CCE4E1C45D5EB6D3964B27D44DC884178363050C74FD5E9742","279909"
"InteractivAgents\InteractiveAgents2\Assets\TextMesh Pro\Shaders\TMP_SDF-HDRP UNLIT.shadergraph.meta","8CD498CE8F6ED2E7C0560D605EB912455CD6FDAF09A4D545D9743F63B3426BD0","285"
"InteractivAgents\InteractiveAgents2\Assets\TextMesh Pro\Shaders\TMP_SDF-Mobile Masking.shader","41CFF58473557BF760D03513A8C098F43A24E4EEB4C8CCD7D828C045A338A9ED","8273"
"InteractivAgents\InteractiveAgents2\Assets\TextMesh Pro\Shaders\TMP_SDF-Mobile Masking.shader.meta","3744D078F9A8B6D3C5D9BCA51E43F9223544FCAFAF9396E121F49EA84A0609D3","204"
"InteractivAgents\InteractiveAgents2\Assets\TextMesh Pro\Shaders\TMP_SDF-Mobile Overlay.shader","FB286386D0592CE6D63EB736F180B4B0F638EC538B0855AA54767A438EBD1173","8081"
"InteractivAgents\InteractiveAgents2\Assets\TextMesh Pro\Shaders\TMP_SDF-Mobile Overlay.shader.meta","1EECA1536C7506F79D4D877B866A5FB88DB8F402634E091B6D78AA9D21C9D18B","204"
"InteractivAgents\InteractiveAgents2\Assets\TextMesh Pro\Shaders\TMP_SDF-Mobile SSD.shader","8B30C140F6AF9134392FE6ECF4C0676DB73F873489AC52ADFB47BBD288CB51B8","3064"
"InteractivAgents\InteractiveAgents2\Assets\TextMesh Pro\Shaders\TMP_SDF-Mobile SSD.shader.meta","E3412891B9306B017E60CBA4AE4F6D258EE8B161D986DCDE9CEFB3D60345514D","204"
"InteractivAgents\InteractiveAgents2\Assets\TextMesh Pro\Shaders\TMP_SDF-Mobile.shader","44C39AABC7E88E7E1FEFFC1880DF754F4ADF86B62E9512AA89E9D2D65171AFF4","8074"
"InteractivAgents\InteractiveAgents2\Assets\TextMesh Pro\Shaders\TMP_SDF-Mobile.shader.meta","F2112F50C72762D4E6731391495EA11F76975D677B698E9BCFDD38275EA18F9D","204"
"InteractivAgents\InteractiveAgents2\Assets\TextMesh Pro\Shaders\TMP_SDF-Mobile-2-Pass.shader","4BC2DB64BEFBD0E37E23539F21096AD2FCD9D61B36D2174D208A7D831A0883F7","11795"
"InteractivAgents\InteractiveAgents2\Assets\TextMesh Pro\Shaders\TMP_SDF-Mobile-2-Pass.shader.meta","65ECBCE6F1621F2D7DDC5E6004DDA5E55E1F58EC6E01178F3691E1E81E01DE55","204"
"InteractivAgents\InteractiveAgents2\Assets\TextMesh Pro\Shaders\TMP_SDF-Surface.shader","5DADB68B56429547918B392626E9AF8FD5173936D20BB43CFCA58DFA00947257","4353"
"InteractivAgents\InteractiveAgents2\Assets\TextMesh Pro\Shaders\TMP_SDF-Surface.shader.meta","42439F5AC7491998F562E8EDE73D64C3512953EB99FB1B49E833F5D9999A7660","204"
"InteractivAgents\InteractiveAgents2\Assets\TextMesh Pro\Shaders\TMP_SDF-Surface-Mobile.shader","F9FAE5906DD37D89298338953294459975DE58A5421E68DD9E82A79794B95509","3523"
"InteractivAgents\InteractiveAgents2\Assets\TextMesh Pro\Shaders\TMP_SDF-Surface-Mobile.shader.meta","95AA060F371EE503A22C0A0B018E029C0328BD82B9317FEAA784432B0A787343","204"
"InteractivAgents\InteractiveAgents2\Assets\TextMesh Pro\Shaders\TMP_SDF-URP Lit.shadergraph","E0148CE8E5904232A4E711376A45B7AF2A007FB9690C5A69C1CB4952A696CDBF","283866"
"InteractivAgents\InteractiveAgents2\Assets\TextMesh Pro\Shaders\TMP_SDF-URP Lit.shadergraph.meta","4C36ABF5F2611C9D2CB04E7DA8C30E42077503A17CB218020E171B6D3FF664F7","285"
"InteractivAgents\InteractiveAgents2\Assets\TextMesh Pro\Shaders\TMP_SDF-URP Unlit.shadergraph","DC15B6819AD87A4B34ED888AE2C274624EFC0ADA902D1A9E7752D87922414DCC","277012"
"InteractivAgents\InteractiveAgents2\Assets\TextMesh Pro\Shaders\TMP_SDF-URP Unlit.shadergraph.meta","F1EF815E2672FD770F47EE424C64F7ECDBDC642B7475828C29DB032586AA10B6","285"
"InteractivAgents\InteractiveAgents2\Assets\TextMesh Pro\Shaders\TMP_Sprite.shader","AF669BB9AE136C8099F8E0A94A6933FD2F1E1FB0A6842129939A319FAB4B8DBB","3446"
"InteractivAgents\InteractiveAgents2\Assets\TextMesh Pro\Shaders\TMP_Sprite.shader.meta","9609584C5249687F3765F0018A93DFD6445C7E35D5AEE4E87556F111C8852819","204"
"InteractivAgents\InteractiveAgents2\Assets\TextMesh Pro\Shaders\TMPro.cginc","14EDB7D7B88CAF2B82CAE68200ABE895E5B5B3474C3FFFBF0E9B4B09A4E2467E","2277"
"InteractivAgents\InteractiveAgents2\Assets\TextMesh Pro\Shaders\TMPro.cginc.meta","A9CF9D5431B809E36B8FFFF4377B5EBDA7D386A36D48838CD134BC09F3CAEC6C","215"
"InteractivAgents\InteractiveAgents2\Assets\TextMesh Pro\Shaders\TMPro_Mobile.cginc","D9D43DDD9810476162F21B42477D9CE2CDC4E6CC7571D354C3253AAFC6673EAD","5453"
"InteractivAgents\InteractiveAgents2\Assets\TextMesh Pro\Shaders\TMPro_Mobile.cginc.meta","2E16FA15EF884A60A402D8B696F8B09E5315CBB468BA223D256030C7FE2B0667","204"
"InteractivAgents\InteractiveAgents2\Assets\TextMesh Pro\Shaders\TMPro_Properties.cginc","66DB1F03E8D7A413EBA79BCB6602FDB2DE710B586F34A6F2584ED6F68F028E90","2707"
"InteractivAgents\InteractiveAgents2\Assets\TextMesh Pro\Shaders\TMPro_Properties.cginc.meta","EDACE33591894D86D9A4144466FB3606E538D3341030FE22F908551755120EA5","204"
"InteractivAgents\InteractiveAgents2\Assets\TextMesh Pro\Shaders\TMPro_Surface.cginc","244B442520282A66363D121C8D2AEEB30BB1E72CBBADBF41CE68D9100322ADE5","3515"
"InteractivAgents\InteractiveAgents2\Assets\TextMesh Pro\Shaders\TMPro_Surface.cginc.meta","247746F3A4E39DD24D1AD99E4FAE03AE8976586307948B2846529A876DCB0A63","204"
"InteractivAgents\InteractiveAgents2\Assets\TutorialInfo.meta","07F022E5932C833D026E020B27D73452EBD781993B616D76003494AF1E140946","172"
"InteractivAgents\InteractiveAgents2\Assets\TutorialInfo\Icons.meta","546E7D7AF6B4D5E17D284C8F1188D05472E681911B8359905EE9B9E20769A106","193"
"InteractivAgents\InteractiveAgents2\Assets\TutorialInfo\Icons\URP.png","1D17A9FF3537859ABE2C008603D29D90CF43191AE77AA386167CC65E53BA03D9","24069"
"InteractivAgents\InteractiveAgents2\Assets\TutorialInfo\Icons\URP.png.meta","B330F1FCFC4E6CECCC95FC34A38434141603469B135633E1C4E8A03C19F9FDBC","3156"
"InteractivAgents\InteractiveAgents2\Assets\TutorialInfo\Layout.wlt","0A18BF035AA7CE914F19F7CE6B60A5A2D33E2371AF6F492A8EA7A1BC78755B8B","15479"
"InteractivAgents\InteractiveAgents2\Assets\TutorialInfo\Layout.wlt.meta","B8745A251DF078FFA75DBAAC0C4C6DEBECB61AB306B5B119A490CE6C635A11D8","176"
"InteractivAgents\InteractiveAgents2\Assets\TutorialInfo\Scripts.meta","930D0C8276CEA1559A3E315F8500EA6CA8B58D980EEE3B44AAA1D461742C47E0","193"
"InteractivAgents\InteractiveAgents2\Assets\TutorialInfo\Scripts\Editor.meta","7036BDBC8AF05799B5FD508484343B35C28A68B390198DA4673D34357D7D667F","193"
"InteractivAgents\InteractiveAgents2\Assets\TutorialInfo\Scripts\Editor\ReadmeEditor.cs","D2023934BC2BE23AF69CD930ADE85EFF41C5DB0A6F6666B05324B975BEFDB5B5","6677"
"InteractivAgents\InteractiveAgents2\Assets\TutorialInfo\Scripts\Editor\ReadmeEditor.cs.meta","F59080B424C16FA13EDD105BF006FDBAD98C11FCE0C921043E63C8877F144CD9","264"
"InteractivAgents\InteractiveAgents2\Assets\TutorialInfo\Scripts\Readme.cs","C09C93844F93EB252A6FB39C222D169C63A63E96008FD040B9E7628C3E7CCC2E","302"
"InteractivAgents\InteractiveAgents2\Assets\TutorialInfo\Scripts\Readme.cs.meta","80A3DF9969FAB6E656583EE9BBCA884D0507E2B7DE3417F6EA3118FBA901CD60","317"
"InteractivAgents\InteractiveAgents2\Assets\XR.meta","4B31F299C2562707812C4945EB9BB1FE27B7C332CF9FC641B8281FB8DA1AB86F","172"
"InteractivAgents\InteractiveAgents2\Assets\XR\Loaders.meta","BC26C72E7F777961834533836E7A7728D6276242A7504A35C976BBB7A5A43488","172"
"InteractivAgents\InteractiveAgents2\Assets\XR\Loaders\WebXRLoader.asset","157612F872D1DC0E2F1C61FDD41D188B65E159B539D59FE4A91988455CA58BF9","424"
"InteractivAgents\InteractiveAgents2\Assets\XR\Loaders\WebXRLoader.asset.meta","BECCE7B94E5FDEB20C0EFCD22BD94F22D40957AC4633970101958744BE36A2FE","189"
"InteractivAgents\InteractiveAgents2\Assets\XR\Settings.meta","321E669832B9560F9414FBCE5B4F01003585DA5DE307CF1A10011E744451EC06","172"
"InteractivAgents\InteractiveAgents2\Assets\XR\Settings\WebXRSettings.asset","08D1B670684AB1CAF73A13CCEC399EBB22405B3934E3126435A0168077D555AE","708"
"InteractivAgents\InteractiveAgents2\Assets\XR\Settings\WebXRSettings.asset.meta","455FF9AF68F75405DD3160B9F910B8D55490F8D8D06FC1F1C39A2AE94C137E46","189"
"InteractivAgents\InteractiveAgents2\Assets\XR\XRGeneralSettingsPerBuildTarget.asset","58604BB14AE3E7B6F524CCC0035597CFA93C63144DAF393E6515E44EE9A30CD1","3897"
"InteractivAgents\InteractiveAgents2\Assets\XR\XRGeneralSettingsPerBuildTarget.asset.meta","86C75D9B3FFCA56243B2C1B6931170320ED71A15BAD230D3FB0EF75E562D9ABF","189"
"InteractivAgents\InteractiveAgents2\Assets\XRI.meta","F4AB43D73C550938EAFC4EAE5A1A63D6D1ABFE73428A643330A93550142C2727","172"
"InteractivAgents\InteractiveAgents2\Assets\XRI\Settings.meta","B25D97188AF33A4558497AC8A3A42882E88F79B8A9A9220CD40AF440F76C8A48","172"
"InteractivAgents\InteractiveAgents2\Assets\XRI\Settings\Resources.meta","409F4C5CC9D6A332D869EEB0971DDB736E9852DA9BB9E66CD4EAEEE11BBDADB3","172"
"InteractivAgents\InteractiveAgents2\Assets\XRI\Settings\Resources\InteractionLayerSettings.asset","C0F16074ADA389D77A6B5169336DC1D5B62B861BCB8DA5119D938D3DCCC2183E","693"
"InteractivAgents\InteractiveAgents2\Assets\XRI\Settings\Resources\InteractionLayerSettings.asset.meta","466BBD16BE5482AC4DE7F3DEDA10CD0FA8FDE1AF9A816CF303C0E418697BAF6A","189"
"InteractivAgents\InteractiveAgents2\Assets\XRI\Settings\Resources\XRDeviceSimulatorSettings.asset","2BCF4032DCCDB60972E9A9F19B35B47F0979F7F25FAB94F56DBBB3FF767218A8","664"
"InteractivAgents\InteractiveAgents2\Assets\XRI\Settings\Resources\XRDeviceSimulatorSettings.asset.meta","E537D35C01BA55817445FF5FE047A991BD95C5F4EEBB930F3EEF482A02461588","189"
"InteractivAgents\InteractiveAgents2\Assets\XRI\Settings\Resources\XRInteractionRuntimeSettings.asset","621EEE77A77BDDD458ADDFB2C4E4264786B5EB846D5882AD45EE3FCD58084210","650"
"InteractivAgents\InteractiveAgents2\Assets\XRI\Settings\Resources\XRInteractionRuntimeSettings.asset.meta","21A98D46487C1D8F750F27F3C37C338CC4695A671C402711CF177EEED6348B7D","189"
"InteractivAgents\InteractiveAgents2\Assets\XRI\Settings\XRInteractionEditorSettings.asset","476C223EC4AF4A61805C100AFB7436FEE514D610AFFE4682328E13AB2E9989B2","552"
"InteractivAgents\InteractiveAgents2\Assets\XRI\Settings\XRInteractionEditorSettings.asset.meta","E138A1443D5F719AE2EDFE332827125DB9EB005E5989BB6E8C375C1E8C46B418","189"
"InteractivAgents\InteractiveAgents2\ExportedPackages\InteractiveAgents-WithCharacters-20260526-1141.unitypackage","3FD9ECE463C99DF126A2E6AED8FF134573FF6A128A664FF76748B8C52356824A","943950970"
"InteractivAgents\InteractiveAgents2\InteractiveAgents2.sln","0A3D45688D14C2ADCBBC1842EC9AEDFC34665EE39CE790D5868CCD1379A85B6B","1819"
"InteractivAgents\InteractiveAgents2\Packages\manifest.json","49F19E6C8B81371D26D1FF778A3F60023D364B7ADDFCC6A890F1E6AB10E4E7D5","2508"
"InteractivAgents\InteractiveAgents2\Packages\packages-lock.json","680156CCFD8A322342456E84B921B30872252616596165D60193BE85CFD17BF2","16352"
"InteractivAgents\InteractiveAgents2\ProjectSettings\AudioManager.asset","AEEDEB3243F07B61DBBE854AA08B5EF6F0B5274DD9852AD9F6129DDE3E105A31","413"
"InteractivAgents\InteractiveAgents2\ProjectSettings\ClusterInputManager.asset","40E65DD214BF254955D2C8829CA8CE2130FD3510485560CE012E9A1DDD93E623","114"
"InteractivAgents\InteractiveAgents2\ProjectSettings\DynamicsManager.asset","B7C9A9DC08B98990109D4346F68745E15E238DE400F96C583E53E1C83C743A78","1254"
"InteractivAgents\InteractiveAgents2\ProjectSettings\EditorBuildSettings.asset","DD184F936F109B2C90CC5593C697162239887233028E91EDBCBD67F4D251D163","773"
"InteractivAgents\InteractiveAgents2\ProjectSettings\EditorSettings.asset","45CCE17CC45872CB812E1284B16329BA2A76E791FBE8E3FC971C0CDDCCF634ED","1642"
"InteractivAgents\InteractiveAgents2\ProjectSettings\GraphicsSettings.asset","6736F33DC62C35B0E7A88E275242080BC7A1D94C91154D18FCEB332B661A6BCE","2615"
"InteractivAgents\InteractiveAgents2\ProjectSettings\InputManager.asset","7A1BB836A1008D26D0860D143E9D9DF7CA41731D30A72901B518063819C62DF2","9731"
"InteractivAgents\InteractiveAgents2\ProjectSettings\MemorySettings.asset","1E8379A461B10AE09F3F696911088C16875D63E87ED5F2D95DF9E1892703F9FD","1192"
"InteractivAgents\InteractiveAgents2\ProjectSettings\MultiplayerManager.asset","ABA89FD1A1DDAD182727AD82727E536D27372E90328A8196DA2A4560398983DD","157"
"InteractivAgents\InteractiveAgents2\ProjectSettings\NavMeshAreas.asset","80106CFA7E6181A1928B142C075F3E510D527441E3D79BC83590E4AC91E7CD66","1308"
"InteractivAgents\InteractiveAgents2\ProjectSettings\PackageManagerSettings.asset","DB4463607B36304A15C81A81C3577DF20CFF9ECA5EB19CB419C9F02AF1969079","1409"
"InteractivAgents\InteractiveAgents2\ProjectSettings\Packages\com.unity.ai.assistant\Settings.json","10F981D95A1468102EAD351EC85D4CB74007943BC580D3D5749EF50FBA906B1C","202"
"InteractivAgents\InteractiveAgents2\ProjectSettings\Physics2DSettings.asset","E3CBDBF0BE15244B7B67D2F07BDB8E8981911C11A8C7FE8035F5261272FEC658","2028"
"InteractivAgents\InteractiveAgents2\ProjectSettings\PresetManager.asset","29C125923FE6E29F90190D4FCE1C82D660E7051546E2C9D02908D18C9CF2436C","146"
"InteractivAgents\InteractiveAgents2\ProjectSettings\ProjectSettings.asset","D5E530489A4017B319988F6B364279FEB73C1E7D4EBDEE1057682ECB79E6DAED","25788"
"InteractivAgents\InteractiveAgents2\ProjectSettings\ProjectVersion.txt","C88ACA53996B7A2C9BE5551CB82A59B405B91D5EB9AC511BDB83B16CFB0C4D96","83"
"InteractivAgents\InteractiveAgents2\ProjectSettings\QualitySettings.asset","6814D6CC3EB850DD7D2A069A8B17BA9F7591DEBA8B1758A855978BD9C8627643","3662"
"InteractivAgents\InteractiveAgents2\ProjectSettings\SceneTemplateSettings.json","BB9098B3BFCDE78D93E264B96F7B77B5430E64E8C57A7AAD7F5A5D9C3945E16A","3535"
"InteractivAgents\InteractiveAgents2\ProjectSettings\ShaderGraphSettings.asset","CDBA1E5D65BCF6E3269D76ED3E60B6C21F98322002996642C9D74F1EB89F6B91","556"
"InteractivAgents\InteractiveAgents2\ProjectSettings\TagManager.asset","23FC56B484AA3D7EDF5914CD3591F7A823CCEF5E3F3496F8A51F30388EAD63DC","657"
"InteractivAgents\InteractiveAgents2\ProjectSettings\TimeManager.asset","1A83E54ADBBDA7C9F4851103A0C6AB7F6448A3343D4EA5B7620452FA08416ECD","202"
"InteractivAgents\InteractiveAgents2\ProjectSettings\UnityConnectSettings.asset","B7DD1E8290598F5CE86919BA1C98B42B766C8C42191A30FA2C4D12195C4ECD00","1063"
"InteractivAgents\InteractiveAgents2\ProjectSettings\URPProjectSettings.asset","C317FE22B9488785C0611F0642429922E5D324430D929BFFB41648130F30C218","461"
"InteractivAgents\InteractiveAgents2\ProjectSettings\VersionControlSettings.asset","E7BDA45BF7A394745FEE1316E6C71FA676004D591AD1F3AA247FD3E4CEB86071","188"
"InteractivAgents\InteractiveAgents2\ProjectSettings\VFXManager.asset","F066C6483919961332415EE64204F74FE52F38C02E82892EB02B7A5B2E381F0E","308"
"InteractivAgents\InteractiveAgents2\ProjectSettings\XRSettings.asset","EDD2BEB4A2E388312B4B7DA241AA51070434005D82C59363F1237DD2E567585F","158"
"InteractivAgents\InteractiveAgents2\README.md","FB4E08A3895C8B818351024F959C38B2E4A4F7317353F5F0A8EC916E85C41823","3140"
"InteractivAgents\InteractiveAgents2\Unity.XR.Interaction.Toolkit.Samples.StarterAssets.csproj","8EA0C0703D544F3D46CB9491E4698B16F1E5D44CA93D82D03BE761E32DEC2A86","72056"
"InteractivAgents\InteractiveAgents2\Unity.XR.Interaction.Toolkit.Samples.StarterAssets.Editor.csproj","F06859ACB733F844D6AC3CF26D1DB6BA10A91E9FD055C67AF9C13DBA1A850BE7","73480"
"InteractivAgents\InteractiveAgents2\UserSettings\AI.Animate\AnimateGeneratorSettings.asset","45474A71ACA379887CD8E27C309A991A777866EB5CD51516220A877F10D3D853","639"
"InteractivAgents\InteractiveAgents2\UserSettings\AI.Generators\DragAndDropCache.asset","7438AB184664F10C468643A50B70DE9A5D995E5DC420FDAAA64E3348EBC5A1C3","490"
"InteractivAgents\InteractiveAgents2\UserSettings\AI.Image\TextureGeneratorSettings.asset","8F09B75EA2B50BAB20891704BE98C3E7663947A179A28D04847E6E5C3CCAC1FD","635"
"InteractivAgents\InteractiveAgents2\UserSettings\AI.Mesh\MeshGeneratorSettings.asset","3A133C468342FC848C1CC9DF867FD63BBE79FC26C33C6D1173EFE2AFACC1FBE5","630"
"InteractivAgents\InteractiveAgents2\UserSettings\AI.Pbr\MaterialGeneratorSettings.asset","F3D4E0DD222C4760ACDFEDCBD6988D98ED597F8F896E05A4C95999BED2125D0A","687"
"InteractivAgents\InteractiveAgents2\UserSettings\AI.Sound\SoundGeneratorSettings.asset","C7CBC92BBF31E1450DF336831051372606D4094598B18F1E6252DE0E5BBF21B7","615"
"InteractivAgents\InteractiveAgents2\UserSettings\EditorUserSettings.asset","457D312E5B87884F9CCB0BF98AFC177783511D23775173B2F7213EF553A68233","1690"
"InteractivAgents\InteractiveAgents2\UserSettings\Layouts\default-6000.dwlt","7326C74D529AD7C228EBD74524D4AACCC6906D65E9C833F408E3F194346E580B","49992"
"InteractivAgents\InteractiveAgents2\UserSettings\Search.index","E0C171805EA82E5580326338253BECCF5445EF75B03449FDC853264C85190257","276"
"InteractivAgents\InteractiveAgents2\UserSettings\Search.settings","C385A18D9DACD492E32BB063DADB993C767228DD91328D3C2EAA174D59EA5342","1875"
"InteractivAgents\openai_unity_expert_npcs_pycharm\InteractiveAgents\.gitignore","83D4361C217FACB6F796203B15ACD4E3A77A3FDB312C36C6A7A0B45B296B32EC","42"
"InteractivAgents\openai_unity_expert_npcs_pycharm\InteractiveAgents\.idea\.gitignore","1BFDECE3645ED8ED356030F22CC2004DC3F401FF060AC3D24DE811C3BCD82E16","184"
"InteractivAgents\openai_unity_expert_npcs_pycharm\InteractiveAgents\.idea\httpRequests\2025-12-27T111322.200.json","61AC5857FEB130A1DC475DB36BBE21604FDDF30024110BB2BEA9D8B23E8B1B44","20"
"InteractivAgents\openai_unity_expert_npcs_pycharm\InteractiveAgents\.idea\httpRequests\2025-12-27T111330.400.json","185A5147EB31FD0BED14F2955F9CB6CD4D4B06DEE8A31005C5F768446597F30E","69"
"InteractivAgents\openai_unity_expert_npcs_pycharm\InteractiveAgents\.idea\httpRequests\2025-12-27T111344.200.json","654DE4F2DE983A29193381583B82178E03DDEC55088B848FA48CBE55D70108C6","1124"
"InteractivAgents\openai_unity_expert_npcs_pycharm\InteractiveAgents\.idea\httpRequests\2025-12-27T111351.400.json","185A5147EB31FD0BED14F2955F9CB6CD4D4B06DEE8A31005C5F768446597F30E","69"
"InteractivAgents\openai_unity_expert_npcs_pycharm\InteractiveAgents\.idea\httpRequests\2025-12-27T111408.200.json","61AC5857FEB130A1DC475DB36BBE21604FDDF30024110BB2BEA9D8B23E8B1B44","20"
"InteractivAgents\openai_unity_expert_npcs_pycharm\InteractiveAgents\.idea\httpRequests\2025-12-27T111414.200.json","40BA94E904F3B87D453BE51833513D6D9BA1630F3D00B428AA536B87C64A97EF","1124"
"InteractivAgents\openai_unity_expert_npcs_pycharm\InteractiveAgents\.idea\httpRequests\2025-12-27T111424.400.json","185A5147EB31FD0BED14F2955F9CB6CD4D4B06DEE8A31005C5F768446597F30E","69"
"InteractivAgents\openai_unity_expert_npcs_pycharm\InteractiveAgents\.idea\httpRequests\2025-12-27T112528.200.json","61AC5857FEB130A1DC475DB36BBE21604FDDF30024110BB2BEA9D8B23E8B1B44","20"
"InteractivAgents\openai_unity_expert_npcs_pycharm\InteractiveAgents\.idea\httpRequests\2025-12-27T112539.200.json","F048C6B007A3B783691F709EC9B3E0A0E1EA29FB8A60B1E47CA06A3E8D9A762E","1124"
"InteractivAgents\openai_unity_expert_npcs_pycharm\InteractiveAgents\.idea\httpRequests\2025-12-27T112542.400.json","185A5147EB31FD0BED14F2955F9CB6CD4D4B06DEE8A31005C5F768446597F30E","69"
"InteractivAgents\openai_unity_expert_npcs_pycharm\InteractiveAgents\.idea\httpRequests\2025-12-27T112555.200.json","EB0A4E7A2ABA2B470AE873732ACDEAB9B54AF06D8E770A1FB22CB26985B6FD9E","1124"
"InteractivAgents\openai_unity_expert_npcs_pycharm\InteractiveAgents\.idea\httpRequests\2025-12-27T142552.200.json","61AC5857FEB130A1DC475DB36BBE21604FDDF30024110BB2BEA9D8B23E8B1B44","20"
"InteractivAgents\openai_unity_expert_npcs_pycharm\InteractiveAgents\.idea\httpRequests\http-client.cookies","279E5107BA2F012430F40ED9B83C5C8D8E9C9E62F97398C7BF3CA14D14C310B8","31"
"InteractivAgents\openai_unity_expert_npcs_pycharm\InteractiveAgents\.idea\httpRequests\http-requests-log.http","0B37006D56ED18F547FEC4F0182D6B04E19D7E144D4C1091F5E3777031B11A13","3744"
"InteractivAgents\openai_unity_expert_npcs_pycharm\InteractiveAgents\.idea\inspectionProfiles\profiles_settings.xml","6172C5997EEB3CD19C9CA2B5B97D6E2983CDD1FA60B2460D7BBB74055EDCAA46","174"
"InteractivAgents\openai_unity_expert_npcs_pycharm\InteractiveAgents\.idea\misc.xml","D3D76B32F999CFD8BB25375818006D98ED6F661173A30D47D98E2CC341B8165E","403"
"InteractivAgents\openai_unity_expert_npcs_pycharm\InteractiveAgents\.idea\modules.xml","6B0ADEDB6C1FFEF77D008E0411F4F1EE59FB9527939F4589E6F75523B5F3A4A7","323"
"InteractivAgents\openai_unity_expert_npcs_pycharm\InteractiveAgents\.idea\openai_unity_expert_npcs_pycharm.iml","AD3CB481713F7A74E29ED42D121B8E94CA3BD51E262C2D6122A334F06DACE88A","452"
"InteractivAgents\openai_unity_expert_npcs_pycharm\InteractiveAgents\.idea\vcs.xml","62BE7E0A7F84AB3C35B4D4BAFB890A4951D061EADAFDE1A10AA3F5D0406DB5DF","172"
"InteractivAgents\openai_unity_expert_npcs_pycharm\InteractiveAgents\.idea\workspace.xml","1A23274FBA30D8E29683B043E5FC8E7DC964635EDCF7C84F0C6C9459D386C065","11186"
"InteractivAgents\openai_unity_expert_npcs_pycharm\InteractiveAgents\backend\__init__.py","E3B0C44298FC1C149AFBF4C8996FB92427AE41E4649B934CA495991B7852B855","0"
"InteractivAgents\openai_unity_expert_npcs_pycharm\InteractiveAgents\backend\app.py","CDB7EA08499F1FADE485295E3192BE7EEEBDBC643C7A2CF031C0619BD0FDC20E","8438"
"InteractivAgents\openai_unity_expert_npcs_pycharm\InteractiveAgents\backend\functionalmlds_adapter.py","437819E460F85215C98B188D6D83AB8977CF64AA87AA9C8D122EA2A7C96A9E86","37970"
"InteractivAgents\openai_unity_expert_npcs_pycharm\InteractiveAgents\backend\kb.py","5898FAA9935DA357F3801EA570F43BB4C5534E8B3A35AFEA98F56992C3F23D57","4566"
"InteractivAgents\openai_unity_expert_npcs_pycharm\InteractiveAgents\backend\openai_client.py","ECF03068E5AD3DC0AE2E455218C6E3A47B4E3FB876DDAC43EA561558DA90FA47","8457"
"InteractivAgents\openai_unity_expert_npcs_pycharm\InteractiveAgents\backend\placement.py","8C537D77BA13AFC777BA9F4BD10F3671FA72B706CD252C97F8C9DE1C389DECFD","24331"
"InteractivAgents\openai_unity_expert_npcs_pycharm\InteractiveAgents\backend\projects.py","6CFFFDB5341A91E67F8BE4A55F6F6A59EF2B7099A80175175153D7D45272C58D","10003"
"InteractivAgents\openai_unity_expert_npcs_pycharm\InteractiveAgents\backend\runtime_trace.py","1DE2D00DFB3A6D3272F93855CFEF381EEAA3684B26C84E3CD8DB382E277AA892","7228"
"InteractivAgents\openai_unity_expert_npcs_pycharm\InteractiveAgents\backend\schemas.py","7F751BDCDE78ED59FF82CE6970081A203CF9993A92B5F199F490C16552B6F6E3","6600"
"InteractivAgents\openai_unity_expert_npcs_pycharm\InteractiveAgents\backend\server.py","039A5BF9CD027967FCF212294BE44B346AB92A59F904F73D6D219BDD024F5323","20300"
"InteractivAgents\openai_unity_expert_npcs_pycharm\InteractiveAgents\backend\state.py","F2A4EC141A7744532E786BD9E356728DD0A5A04506A710285F619B1AE092B3EA","80618"
"InteractivAgents\openai_unity_expert_npcs_pycharm\InteractiveAgents\config.example.json","58D076B6A36D0C7B85C93B48DA47F3D243833DAD18E502EEFC75F6D9B677F998","454"
"InteractivAgents\openai_unity_expert_npcs_pycharm\InteractiveAgents\config.json","0820FB754B1EB0126CC2F5356E9FA033F7F332D4720D981B6ADA13834891419F","542"
"InteractivAgents\openai_unity_expert_npcs_pycharm\InteractiveAgents\docs\wissensmanagement.md","40E7D98E9A4F38AF7BA6CA557F3357D976C3D18D7873DACFAA46756C450DE6BF","19194"
"InteractivAgents\openai_unity_expert_npcs_pycharm\InteractiveAgents\examples\agents.example.json","6D3119319116CA5B2785524A3ED38B36C840AE870F35283D84CBF5E3A103C44A","3611"
"InteractivAgents\openai_unity_expert_npcs_pycharm\InteractiveAgents\examples\demo_requests.http","FCD9017453882AAD8F87099F0A99165A80000FB8D94293241620EB1D1145C52D","941"
"InteractivAgents\openai_unity_expert_npcs_pycharm\InteractiveAgents\examples\room_plan.example.json","765A77242724255EEFFF15CD5E391564FE4F76D36724456710F0495A0880D077","1260"
"InteractivAgents\openai_unity_expert_npcs_pycharm\InteractiveAgents\kb\common\beispiel.md","56AF4F19E56C19A1AAFC20923872731B3A1DFA5785D099EE5CDFF0F3A83C8659","921"
"InteractivAgents\openai_unity_expert_npcs_pycharm\InteractiveAgents\kb\legal\vertragsinfos.md","C57420E7401EFD6044DF664ADF0CDFF96B0E2A462A43496FC82575FE32C94CE3","380"
"InteractivAgents\openai_unity_expert_npcs_pycharm\InteractiveAgents\kb\marketing\positionierung.md","59351458FBD1298C6216CA3D04DE688B1A6A9ACE93ED8256080610E66A5FB30C","737"
"InteractivAgents\openai_unity_expert_npcs_pycharm\InteractiveAgents\kb\pricing\preise.md","FD4A88672B8698ED0AFEBB279D18125F59898BA1FF4BBE62979DF567F29604D5","815"
"InteractivAgents\openai_unity_expert_npcs_pycharm\InteractiveAgents\kb\product\produkt.md","0A49DF8BC4AAB9956670912F27C552629FC990F0EFF79C81042A96ECF2F1998D","681"
"InteractivAgents\openai_unity_expert_npcs_pycharm\InteractiveAgents\kb\tech\integration.md","E29E2AD97709990E46778FA638BF87D6FEB5110BD224C2EC48A332BEEBA050AC","571"
"InteractivAgents\openai_unity_expert_npcs_pycharm\InteractiveAgents\main.py","326EF24FAB12EF8D75825092952F6B4EB4B3500C70F150AEDD57C0B9647EC352","66"
"InteractivAgents\openai_unity_expert_npcs_pycharm\InteractiveAgents\projects\bestfit_career_fair\agents.json","B97C871D7D52E63CF5B3652DE65A05591F219D8386410125D61D37844983E033","6863"
"InteractivAgents\openai_unity_expert_npcs_pycharm\InteractiveAgents\projects\bestfit_career_fair\kb\application_process\job_application_guidance.txt","98B14544361213CB4837A7FCFB9CF18C103F814E2BFB21B4F9FF25A0AC628768","201"
"InteractivAgents\openai_unity_expert_npcs_pycharm\InteractiveAgents\projects\bestfit_career_fair\kb\career_opportunities\career_development_opportunities.txt","93236BB807EEC90F77C8B352F292C00AF559B526E525B1B88ECEA073E5FB827B","179"
"InteractivAgents\openai_unity_expert_npcs_pycharm\InteractiveAgents\projects\bestfit_career_fair\kb\company_basics\basic_company_information_at_reception.txt","904F7588B6F936EAA6FE862A13FA49DDE2C765A3C3655FCF0648FEEDD6D49404","198"
"InteractivAgents\openai_unity_expert_npcs_pycharm\InteractiveAgents\projects\bestfit_career_fair\kb\company_benefits\employee_benefits_information.txt","71ECE7C4684181558C14535E562E56FB3F9C67CDCC283F9A5980138B3EDE6CE7","214"
"InteractivAgents\openai_unity_expert_npcs_pycharm\InteractiveAgents\projects\bestfit_career_fair\kb\employee_wellbeing\wellbeing_programs_overview.txt","9FBEE94413B0E03CC7643DB077BF9CF46D97181EC45986927E886B161F783CC5","195"
"InteractivAgents\openai_unity_expert_npcs_pycharm\InteractiveAgents\projects\bestfit_career_fair\kb\interactive_kiosks\demo_kiosk_interaction.txt","E99928E6C8299E258D083CEADDE9F455CB00C384C9F731749AAFACA4F9CDD2D6","190"
"InteractivAgents\openai_unity_expert_npcs_pycharm\InteractiveAgents\projects\bestfit_career_fair\kb\interactive_terminals\interactive_benefits_terminals.txt","18A656BD497BC1B3E22C03F1E25E1BE9340CBB83BAA0428BE5B4168368E6F240","201"
"InteractivAgents\openai_unity_expert_npcs_pycharm\InteractiveAgents\projects\bestfit_career_fair\kb\job_recruiting\job_openings_and_recruiting_info.txt","45886B0672FC635D0990B89C1977A6633E5F091526501CA014D2FDF3A9CA8650","195"
"InteractivAgents\openai_unity_expert_npcs_pycharm\InteractiveAgents\projects\bestfit_career_fair\kb\lounge_services\hospitality_and_visitor_services.txt","520E2FF4BBC3DFFC2C0FB50E204EC47A606DA83A29928AAF68C422B1B729972F","170"
"InteractivAgents\openai_unity_expert_npcs_pycharm\InteractiveAgents\projects\bestfit_career_fair\kb\navigation\booth_navigation_assistance.txt","922EC9C20B2B28FE3F3B2460C48E7E801ACC3C2206B8DD0EBDC6FB3D95999A77","200"
"InteractivAgents\openai_unity_expert_npcs_pycharm\InteractiveAgents\projects\bestfit_career_fair\kb\product_demos\product_showcase_and_demonstrations.txt","506A9F79A7C418AEA8A2BDBE3679F8D8B3927541D4927CE91997C21C761F93AF","184"
"InteractivAgents\openai_unity_expert_npcs_pycharm\InteractiveAgents\projects\bestfit_career_fair\kb\refreshments\refreshment_counter_and_seating.txt","9F87D07387EA7345684A492ABD6B9474D5C4E89A65816379BC1C963546C3FEBB","141"
"InteractivAgents\openai_unity_expert_npcs_pycharm\InteractiveAgents\projects\bestfit_career_fair\kb\visitor_comfort\lounge_seating_and_comfort.txt","703FEF750212F8D06BF182C359C2D7C6CDA75693B7293CB288FF09A5B913CAB3","158"
"InteractivAgents\openai_unity_expert_npcs_pycharm\InteractiveAgents\projects\bestfit_career_fair\kb\visitor_orientation\reception_area_orientation.txt","9D17736F10C3DA9CE7BBC9B9256106D73A49FBB86C007CBD299ADCC91C13589C","214"
"InteractivAgents\openai_unity_expert_npcs_pycharm\InteractiveAgents\projects\bestfit_career_fair\kb\vr_ar_technology\vr_ar_demo_stations.txt","7787C28BC8D4E4AF0BFB979021794B6E4566D50E91271E0DD0523A17AEE44C55","164"
"InteractivAgents\openai_unity_expert_npcs_pycharm\InteractiveAgents\projects\bestfit_career_fair\project.json","3575A8317E595803962A1BBD909F6F5EF63C5E0C42AB55DB6961E09E6D1AEA18","409"
"InteractivAgents\openai_unity_expert_npcs_pycharm\InteractiveAgents\projects\bestfit_career_fair\room_plan.json","B749A695FA7CC7307DB08217F88FDC587780D14E5096E7E06A43F0D3A4F0ECE3","15770"
"InteractivAgents\openai_unity_expert_npcs_pycharm\InteractiveAgents\projects\bestfit_career_fair\trace_map.json","8FA805EDA2914EEF9F2881E339030CA09EE9E9F9E42AA56A7439832C46905832","14129"
"InteractivAgents\openai_unity_expert_npcs_pycharm\InteractiveAgents\projects\champignion_messestand_virtuelle_messe\agents.json","A485F07A4C767459BF634168260E89CB94F3241C6BFB837634E8EB381F07D836","7732"
"InteractivAgents\openai_unity_expert_npcs_pycharm\InteractiveAgents\projects\champignion_messestand_virtuelle_messe\kb\ausbildung\ausbildung_weiterbildung.txt","5088DC604C78325963217027DF5D2D0A665489D5189BF3F8A60DF46E67D66FA4","190"
"InteractivAgents\openai_unity_expert_npcs_pycharm\InteractiveAgents\projects\champignion_messestand_virtuelle_messe\kb\energie\energieeffizienz.txt","D5DD422D08F7706933EC72FEC70EAE0BA58F478B9F087CE155C574BFACE7237F","218"
"InteractivAgents\openai_unity_expert_npcs_pycharm\InteractiveAgents\projects\champignion_messestand_virtuelle_messe\kb\kaesezubereitung\käsezubereitung.txt","84E17D97A6B6E8ECD5FE7D12D67656B50F3C565390A318C882674210006DD9AA","305"
"InteractivAgents\openai_unity_expert_npcs_pycharm\InteractiveAgents\projects\champignion_messestand_virtuelle_messe\kb\kaesezubereitung_live\käsezubereitung_live.txt","6CA95E43893C1F5EE76109044D6DCCE1732A004FEDBF72BA7D6017D1A8317E06","211"
"InteractivAgents\openai_unity_expert_npcs_pycharm\InteractiveAgents\projects\champignion_messestand_virtuelle_messe\kb\karriere\karrierechancen.txt","A433C20514E2390A0312D800C9ACE800CF72FCC54E4F4E61A0EA262D175FDF4E","213"
"InteractivAgents\openai_unity_expert_npcs_pycharm\InteractiveAgents\projects\champignion_messestand_virtuelle_messe\kb\kontakt\kontakt_service.txt","AE466FA41861AA9858AD103967B42CB6B49075BFB31ECF4B32D9BF4C64CE32DD","244"
"InteractivAgents\openai_unity_expert_npcs_pycharm\InteractiveAgents\projects\champignion_messestand_virtuelle_messe\kb\maschinen\produktionsmaschinen.txt","C5FE7A2A488B1F3BE7E1EDC145F24FADD02FE283A3FE3A7A3CC038B1CA929F2F","214"
"InteractivAgents\openai_unity_expert_npcs_pycharm\InteractiveAgents\projects\champignion_messestand_virtuelle_messe\kb\nachhaltigkeit\nachhaltigkeit.txt","6FCDDFA1811943F8CF74244148B33286A97867F9A1AE0FD58AB28FF429DAB68B","218"
"InteractivAgents\openai_unity_expert_npcs_pycharm\InteractiveAgents\projects\champignion_messestand_virtuelle_messe\kb\produkte\käseprodukte.txt","57EEAF728BA8F4E0ACEAD6652CCF94576C784D531ED0F363126A25C72D44D236","216"
"InteractivAgents\openai_unity_expert_npcs_pycharm\InteractiveAgents\projects\champignion_messestand_virtuelle_messe\kb\produktion\käseproduktion.txt","0A334720E41C32A24C6CBC402F3F1819C2D9D14C6BD99BC97B854877AE3EBD65","231"
"InteractivAgents\openai_unity_expert_npcs_pycharm\InteractiveAgents\projects\champignion_messestand_virtuelle_messe\kb\rezepte\käserezepte.txt","71E2EF041ABFAF62E638FF6778A5CFBD66E1756E4391F9D6B19A2BB193704CFA","146"
"InteractivAgents\openai_unity_expert_npcs_pycharm\InteractiveAgents\projects\champignion_messestand_virtuelle_messe\kb\stand_ueberblick\standübersicht.txt","A8D56E8DC086BB711037FA4EDAB1F8613243069498EEB09C6FCBAE69C335F5B8","338"
"InteractivAgents\openai_unity_expert_npcs_pycharm\InteractiveAgents\projects\champignion_messestand_virtuelle_messe\project.json","B9EF65231BAB7141BB76119A9B1C602D3F851167596F563D43D132AF9C5D877B","409"
"InteractivAgents\openai_unity_expert_npcs_pycharm\InteractiveAgents\projects\champignion_messestand_virtuelle_messe\room_plan.json","9233DC567BF56802D5756AB0B08E7FF58EAB4295F14F811252944670130FFD65","25806"
"InteractivAgents\openai_unity_expert_npcs_pycharm\InteractiveAgents\projects\cheese_factory_tradefair_booth_36f00adc\agents.json","1D1E1CC6DD95865FE7B6C0F4D6149E3389D19EC53A5C3559E424457912E4D2B4","7955"
"InteractivAgents\openai_unity_expert_npcs_pycharm\InteractiveAgents\projects\cheese_factory_tradefair_booth_36f00adc\kb\booth_navigation\visitor_circulation_path_and_zone_orientation.txt","D641544E0154ACA1484ADF097614BB3EC86D5F8FFCC623DF233151E33331A991","294"
"InteractivAgents\openai_unity_expert_npcs_pycharm\InteractiveAgents\projects\cheese_factory_tradefair_booth_36f00adc\kb\business_discussions\facilitated_business_and_career_discussions.txt","A838009A4D032D37A238041E0C33027DA5EEF9E1A9ECB1374CDD9949B96EE650","207"
"InteractivAgents\openai_unity_expert_npcs_pycharm\InteractiveAgents\projects\cheese_factory_tradefair_booth_36f00adc\kb\career_opportunities\career_and_business_meeting_pods.txt","F2C09E9DB4944F71DBA28BB7339245FDA1A7E1DAFF7C3997582D8FB1A4B8ABCE","228"
"InteractivAgents\openai_unity_expert_npcs_pycharm\InteractiveAgents\projects\cheese_factory_tradefair_booth_36f00adc\kb\cheese_production\cheese_production_demonstration_models.txt","30BDDD64EDE8E3B753E5C8D51967495711C992BFED4175CC50A964EDC3755406","252"
"InteractivAgents\openai_unity_expert_npcs_pycharm\InteractiveAgents\projects\cheese_factory_tradefair_booth_36f00adc\kb\cheese_products\branding_and_cheese_product_introduction_at_entrance.txt","0D4DB7192BD938A7122F316C5608E3EB8868CFE62C0C3893A4138A8B43598059","287"
"InteractivAgents\openai_unity_expert_npcs_pycharm\InteractiveAgents\projects\cheese_factory_tradefair_booth_36f00adc\kb\cheese_varieties\cheese_product_display_and_varieties.txt","C93D3DC9E50639F4E9B98A568C0CEC1A33621525E40DE325CFDE2C2CE5BBC9D0","309"
"InteractivAgents\openai_unity_expert_npcs_pycharm\InteractiveAgents\projects\cheese_factory_tradefair_booth_36f00adc\kb\customer_engagement\interactive_customer_engagement_at_product_displays.txt","87B6338A4AC51374A1E927B21FDDFBEA7FE7E8CEA09A86843710B2EF95172F7B","255"
"InteractivAgents\openai_unity_expert_npcs_pycharm\InteractiveAgents\projects\cheese_factory_tradefair_booth_36f00adc\kb\digital_guides\digital_content_and_guides_via_touch_kiosks.txt","398FAF00D9017A277836E2A0B2200DB36F4E69C5115E8B3685C8A317149FFB86","205"
"InteractivAgents\openai_unity_expert_npcs_pycharm\InteractiveAgents\projects\cheese_factory_tradefair_booth_36f00adc\kb\energy_measurement\energy_measurement_stations_for_production_sustainability.txt","DE8D93A69E7B24B13C4274C7F14376F6CBF268D721787D20C748A3F473F578E4","221"
"InteractivAgents\openai_unity_expert_npcs_pycharm\InteractiveAgents\projects\cheese_factory_tradefair_booth_36f00adc\kb\hospitality\hospitality_and_visitor_comfort_in_lounge_zone.txt","E45EECDA6F97734AB9A57ACC4D31BFE8371F10415BDF3DA6A2AB4D17A8A621D0","192"
"InteractivAgents\openai_unity_expert_npcs_pycharm\InteractiveAgents\projects\cheese_factory_tradefair_booth_36f00adc\kb\industrial_equipment\industrial_cheese_manufacturing_equipment_models.txt","F06A0F739C346B3B5F0013CBACC8A9B6D5FDEFF1BFCCF75DE71249CC165D8F36","206"
"InteractivAgents\openai_unity_expert_npcs_pycharm\InteractiveAgents\projects\cheese_factory_tradefair_booth_36f00adc\kb\informal_engagement\informal_visitor_interaction_in_lounge.txt","5B3A19F8092CB58A5902615E3F5F962CED3A61845A452DD3CD573E06F5F51C7E","172"
"InteractivAgents\openai_unity_expert_npcs_pycharm\InteractiveAgents\projects\cheese_factory_tradefair_booth_36f00adc\kb\interactive_kiosks\interactive_touchscreen_kiosks.txt","C0F581BCB7A4B92FBC4233ACE686F3D82E7602A65063D57D17FB4245F88B8631","226"
"InteractivAgents\openai_unity_expert_npcs_pycharm\InteractiveAgents\projects\cheese_factory_tradefair_booth_36f00adc\kb\product_tasting\cheese_tasting_and_sampling_area.txt","287CDD06D3EDA7645C784C0F134CF95C18C3CF1DC703DA4854441876958B08D4","269"
"InteractivAgents\openai_unity_expert_npcs_pycharm\InteractiveAgents\projects\cheese_factory_tradefair_booth_36f00adc\kb\training_sessions\interactive_training_boards_for_career_development.txt","24D5B350BA28A4D2E6A503A6638316E1512944165253A09FBC419013FD996B1B","202"
"InteractivAgents\openai_unity_expert_npcs_pycharm\InteractiveAgents\projects\cheese_factory_tradefair_booth_36f00adc\kb\user_support\assistance_with_digital_interaction.txt","14D457AC38F404F45E95A7E2724A5B2F24260A7C6A28B51C22C9DBE671DAFF07","189"
"InteractivAgents\openai_unity_expert_npcs_pycharm\InteractiveAgents\projects\cheese_factory_tradefair_booth_36f00adc\kb\visitor_guidance\visitor_welcome_and_initial_guidance.txt","F1FD52B0537DFACB61A11B38C147708C6C904DB0D00919F901DFA30CE48007B4","305"
"InteractivAgents\openai_unity_expert_npcs_pycharm\InteractiveAgents\projects\cheese_factory_tradefair_booth_36f00adc\kb\visitor_relaxation\lounge_area_for_visitor_comfort.txt","8F3C9284FC305E3E8DE53BEE31F5CA0BBC6E5697F5D4D3F879CF8E4C5ED7D0E4","197"
"InteractivAgents\openai_unity_expert_npcs_pycharm\InteractiveAgents\projects\cheese_factory_tradefair_booth_36f00adc\project.json","7D5385C4A66D1C7C4C119BDABF193E10D486A75F1FD543E8711C71BC783882FF","864"
"InteractivAgents\openai_unity_expert_npcs_pycharm\InteractiveAgents\projects\cheese_factory_tradefair_booth_36f00adc\room_plan.json","9233DC567BF56802D5756AB0B08E7FF58EAB4295F14F811252944670130FFD65","25806"
"InteractivAgents\openai_unity_expert_npcs_pycharm\InteractiveAgents\projects\cheese_factory_tradefair_booth_36f00adc\trace_map.json","0E26902AE141ADC84623CF83B7601A0E1A414B0CC7EDC90933EE8428DA17EBFB","16993"
"InteractivAgents\openai_unity_expert_npcs_pycharm\InteractiveAgents\projects\classroom_dinosaur\agents.json","0BC261B4F7EE0EB401DDC8C16307B63350580687CE817F01096846A2C8795DDE","5347"
"InteractivAgents\openai_unity_expert_npcs_pycharm\InteractiveAgents\projects\classroom_dinosaur\kb\chalkboard_usage\effective_chalkboard_use_in_lessons.txt","8ED2A77085821BE2A6AE37953F1A5F6205200021EBDFE9AD56A15BAAA9667C73","227"
"InteractivAgents\openai_unity_expert_npcs_pycharm\InteractiveAgents\projects\classroom_dinosaur\kb\decorative_zone\decorative_art_and_plants_for_ambiance.txt","DA76A3984DD5B6784176030B678750069AA43C882E14F9B1E92730B54A52F1D3","227"
"InteractivAgents\openai_unity_expert_npcs_pycharm\InteractiveAgents\projects\classroom_dinosaur\kb\dinosaur_display_zone\dinosaur_skeleton_exhibit_zone.txt","271B8082C04852982C3631E93377753724517095EF0BC9088F11C8BF9FF29107","189"
"InteractivAgents\openai_unity_expert_npcs_pycharm\InteractiveAgents\projects\classroom_dinosaur\kb\dinosaur_education\educational_insights_on_the_dinosaur_skeleton.txt","A59582E75A6E7C33E0BA7C18112B45BDF028720F1253DF7400C0FECBBF8CC994","194"
"InteractivAgents\openai_unity_expert_npcs_pycharm\InteractiveAgents\projects\classroom_dinosaur\kb\instruction_zone\classroom_instruction_zone_overview.txt","34BBF6D3ACFA429BFC91310CF0DA11CF6332E4AE7D0768E8F726D7F82FDC1197","236"
"InteractivAgents\openai_unity_expert_npcs_pycharm\InteractiveAgents\projects\classroom_dinosaur\kb\reading_area\reading_area_setup.txt","D9A94EB39FDF4F33ED6BD2F5DD7473A7EB6A9BE90E3D64DB9EB12C9A0058F758","216"
"InteractivAgents\openai_unity_expert_npcs_pycharm\InteractiveAgents\projects\classroom_dinosaur\kb\reading_area_usage\using_the_reading_area_for_study_and_relaxation.txt","3F6450496618748D9CD900536C7510256A2835514EA0CED5D83B3B437150AFCB","190"
"InteractivAgents\openai_unity_expert_npcs_pycharm\InteractiveAgents\projects\classroom_dinosaur\kb\student_seating_arrangement\student_desk_arrangement_for_learning.txt","03BF58100572998C80C8981FDF26F24609EF977938EBF003DEFA8C1C04D8C79F","205"
"InteractivAgents\openai_unity_expert_npcs_pycharm\InteractiveAgents\projects\classroom_dinosaur\project.json","A215A192D5A85A6F53C2E4AD304F91A0EA647E06F5E328A4A516DBABC6817614","406"
"InteractivAgents\openai_unity_expert_npcs_pycharm\InteractiveAgents\projects\classroom_dinosaur\room_plan.json","A5327D5D506A691FE1EC8A9E0B88BEA791F8CBC8244219033B7F5031D9606761","17538"
"InteractivAgents\openai_unity_expert_npcs_pycharm\InteractiveAgents\projects\classroom_dinosaur\trace_map.json","3166AA2465F7EA514D13D1402D6DA32D75A52C113E9DDACE46490A2BB4C6A81E","13590"
"InteractivAgents\openai_unity_expert_npcs_pycharm\InteractiveAgents\projects\examples\agents.json","902AFBBF0191C25108BDCA16DBD9E6575CD4C8E05EF2C5E2004ADD752CCF5D57","2106"
"InteractivAgents\openai_unity_expert_npcs_pycharm\InteractiveAgents\projects\examples\kb\common\beispiel.md","56AF4F19E56C19A1AAFC20923872731B3A1DFA5785D099EE5CDFF0F3A83C8659","921"
"InteractivAgents\openai_unity_expert_npcs_pycharm\InteractiveAgents\projects\examples\kb\legal\vertragsinfos.md","C57420E7401EFD6044DF664ADF0CDFF96B0E2A462A43496FC82575FE32C94CE3","380"
"InteractivAgents\openai_unity_expert_npcs_pycharm\InteractiveAgents\projects\examples\kb\marketing\positionierung.md","59351458FBD1298C6216CA3D04DE688B1A6A9ACE93ED8256080610E66A5FB30C","737"
"InteractivAgents\openai_unity_expert_npcs_pycharm\InteractiveAgents\projects\examples\kb\pricing\preise.md","FD4A88672B8698ED0AFEBB279D18125F59898BA1FF4BBE62979DF567F29604D5","815"
"InteractivAgents\openai_unity_expert_npcs_pycharm\InteractiveAgents\projects\examples\kb\product\produkt.md","0A49DF8BC4AAB9956670912F27C552629FC990F0EFF79C81042A96ECF2F1998D","681"
"InteractivAgents\openai_unity_expert_npcs_pycharm\InteractiveAgents\projects\examples\kb\tech\integration.md","E29E2AD97709990E46778FA638BF87D6FEB5110BD224C2EC48A332BEEBA050AC","571"
"InteractivAgents\openai_unity_expert_npcs_pycharm\InteractiveAgents\projects\examples\project.json","86D411638EE4917C575A514B3182B218FFB0B2E1F65C4D27E2E9792C959B1C3E","194"
"InteractivAgents\openai_unity_expert_npcs_pycharm\InteractiveAgents\projects\examples\room_plan.json","765A77242724255EEFFF15CD5E391564FE4F76D36724456710F0495A0880D077","1260"
"InteractivAgents\openai_unity_expert_npcs_pycharm\InteractiveAgents\projects\examplesIFAI\agents.json","643DE4CA7993D47870844EE273EFB6D3B79491DBB71B66A720E873B8DBB88373","13449"
"InteractivAgents\openai_unity_expert_npcs_pycharm\InteractiveAgents\projects\examplesIFAI\kb\common\beispiel.md","D5DF7F671B6CE91C067C052C0999D0F83DD7272D6264AEDC7DE59DBE09DD4115","1518"
"InteractivAgents\openai_unity_expert_npcs_pycharm\InteractiveAgents\projects\examplesIFAI\kb\contact\team_und_kontakt.md","2002533E174E081DC02885B9219B7D95A2EC42AD1B2585FA17CEB9F662B72A9D","1657"
"InteractivAgents\openai_unity_expert_npcs_pycharm\InteractiveAgents\projects\examplesIFAI\kb\legal\vertragsinfos.md","525322CEC4E7B5BFD3A7016DB28F6D38BAAFE0E288986616D3FDA2E1746161C9","761"
"InteractivAgents\openai_unity_expert_npcs_pycharm\InteractiveAgents\projects\examplesIFAI\kb\marketing\positionierung.md","B3A7CB10FBE17A5A0BBE746C10D73B0BAF10FECBA6C85FE68178ED2659C4E5B5","1287"
"InteractivAgents\openai_unity_expert_npcs_pycharm\InteractiveAgents\projects\examplesIFAI\kb\network\austausch_und_vernetzung.md","FB58CFA6013E74AF05026317BABD96C524911CE4EB58D69AA3F7DAF31327264C","843"
"InteractivAgents\openai_unity_expert_npcs_pycharm\InteractiveAgents\projects\examplesIFAI\kb\pricing\preise.md","F521797BE8BF90DCA3113EB78E1081995A0C30C032B886C9D0146AE9F243AC16","1461"
"InteractivAgents\openai_unity_expert_npcs_pycharm\InteractiveAgents\projects\examplesIFAI\kb\product\produkt.md","3F809B964FC7B64F128E72078AD3FEEE91D87404CD21B2F7C29EFD61BE94131A","900"
"InteractivAgents\openai_unity_expert_npcs_pycharm\InteractiveAgents\projects\examplesIFAI\kb\research\forschung_und_innovation.md","70DA23261C06F172C7ABD574D8083D1DAE12690C3CB70CF2B39110BD59BEDFDA","1810"
"InteractivAgents\openai_unity_expert_npcs_pycharm\InteractiveAgents\projects\examplesIFAI\kb\study\forschung_und_studium.md","A7BE4EDF406C22838939233E1C60217C6E9D2A041FAF5900F8EC3866FD979C63","861"
"InteractivAgents\openai_unity_expert_npcs_pycharm\InteractiveAgents\projects\examplesIFAI\kb\system\tags_und_routing.md","04FD5454FF3D7C9826E746544F3D1E393C3E040DACD5B50A94180182DD9A3216","1243"
"InteractivAgents\openai_unity_expert_npcs_pycharm\InteractiveAgents\projects\examplesIFAI\kb\tech\integration.md","3F4B19B9F21329EC09A335217628415B487E104F0D3206C31B92694CE5B1D664","1313"
"InteractivAgents\openai_unity_expert_npcs_pycharm\InteractiveAgents\projects\examplesIFAI\kb\transfer\produkte_und_transfer.md","8E3F30C2351CD9F1221391D431666E3A08F8FA0435FDD695E41FB139FECE6A54","1780"
"InteractivAgents\openai_unity_expert_npcs_pycharm\InteractiveAgents\projects\examplesIFAI\project.json","FF209B119E76E1C745D8ABEB3BF6002534EFECC45683C8D27A9B17FDFF139A8A","198"
"InteractivAgents\openai_unity_expert_npcs_pycharm\InteractiveAgents\projects\examplesIFAI\room_plan.json","765A77242724255EEFFF15CD5E391564FE4F76D36724456710F0495A0880D077","1260"
"InteractivAgents\openai_unity_expert_npcs_pycharm\InteractiveAgents\projects\käsefabrik_messestand_virtuelle_messe\agents.json","B49E339972CFB72D9E61EA81346E264890CCA846167CB0065F277E4AAE88C691","4062"
"InteractivAgents\openai_unity_expert_npcs_pycharm\InteractiveAgents\projects\käsefabrik_messestand_virtuelle_messe\kb\ausbildung\ausbildungsangebote.txt","DF0B991F596176C7A61E7A8B37C38D93AD7E3405119BD976ADAACB9AC2B58524","144"
"InteractivAgents\openai_unity_expert_npcs_pycharm\InteractiveAgents\projects\käsefabrik_messestand_virtuelle_messe\kb\karriere\karrierechancen.txt","00EE317D788746B15DA20E3C31467D3E8EC4DFC954CAEB844787FC6040604C30","140"
"InteractivAgents\openai_unity_expert_npcs_pycharm\InteractiveAgents\projects\käsefabrik_messestand_virtuelle_messe\kb\lounge\lounge-angebote.txt","AB5E6C2944F474779D4509BBEC6276112F72585555841C46A04B410396B4B544","137"
"InteractivAgents\openai_unity_expert_npcs_pycharm\InteractiveAgents\projects\käsefabrik_messestand_virtuelle_messe\kb\netzwerken\networking.txt","552A73E5DF3B64F7F291B563773ED20290D3E078BE2C1111FD365F92606006F8","121"
"InteractivAgents\openai_unity_expert_npcs_pycharm\InteractiveAgents\projects\käsefabrik_messestand_virtuelle_messe\kb\produkte\produktportfolio.txt","8791ACF027466F261FE2C35559F08E18E6DEA183261EE99C9F22F2B20D72634D","179"
"InteractivAgents\openai_unity_expert_npcs_pycharm\InteractiveAgents\projects\käsefabrik_messestand_virtuelle_messe\kb\produktion\produktionsprozess.txt","CB0F2081976C3B625B3C7964C9314B9200C33072A4FDA88A4EEE4E3BC659F4B5","140"
"InteractivAgents\openai_unity_expert_npcs_pycharm\InteractiveAgents\projects\käsefabrik_messestand_virtuelle_messe\kb\stand_uebersicht\standübersicht.txt","1DB1E75267B0CEF3A73E09478A487EB73F88B07A92890067AE68D2E3F81649E1","176"
"InteractivAgents\openai_unity_expert_npcs_pycharm\InteractiveAgents\projects\käsefabrik_messestand_virtuelle_messe\kb\technik\technische_innovationen.txt","276F22A6CC9B705C9AC824A1769B93455CD7ECF98F2BDA76A169BB316DC474D0","153"
"InteractivAgents\openai_unity_expert_npcs_pycharm\InteractiveAgents\projects\käsefabrik_messestand_virtuelle_messe\kb\unternehmen\unternehmensprofil.txt","EB51AF666CD86D3183E4D4B17C3D758856D386C2F5DED0E2A3002E1559FDE8BB","137"
"InteractivAgents\openai_unity_expert_npcs_pycharm\InteractiveAgents\projects\käsefabrik_messestand_virtuelle_messe\kb\verkauf\verkaufsinformationen.txt","9CF39F4912D0451E30007E925037BAC42CA598CB89F0B39D509667E9915C021A","139"
"InteractivAgents\openai_unity_expert_npcs_pycharm\InteractiveAgents\projects\käsefabrik_messestand_virtuelle_messe\project.json","B3AA47F667DDED7245ADA76BAEEB542F2E0D12719A44C7B32ACA83EB82533347","409"
"InteractivAgents\openai_unity_expert_npcs_pycharm\InteractiveAgents\projects\käsefabrik_messestand_virtuelle_messe\room_plan.json","9233DC567BF56802D5756AB0B08E7FF58EAB4295F14F811252944670130FFD65","25806"
"InteractivAgents\openai_unity_expert_npcs_pycharm\InteractiveAgents\projects\käserei_steinpilz_markenerlebnisraum\agents.json","5A12C8446E7B77AFFF50485302D76F2E2296DB89B6022862C902CBC9FE765F2F","2525"
"InteractivAgents\openai_unity_expert_npcs_pycharm\InteractiveAgents\projects\käserei_steinpilz_markenerlebnisraum\kb\marke\markenwerte_der_käserei_steinpilz.txt","9AE5A31FA822511AD4682DC03E3E7C16BA591752B7BFDB0232C910770E11F3ED","162"
"InteractivAgents\openai_unity_expert_npcs_pycharm\InteractiveAgents\projects\käserei_steinpilz_markenerlebnisraum\kb\produkt\steinpilz-käse_das_hero-produkt.txt","4176450144CDA93379EC46D19889B060A38E34160830BB76EB71969416A2F4AF","172"
"InteractivAgents\openai_unity_expert_npcs_pycharm\InteractiveAgents\projects\käserei_steinpilz_markenerlebnisraum\kb\produktion\handwerkliche_käseherstellung.txt","59D21BD3DA4E1B4C2ECD4A26A07513F1E2B3B9C08C60B172FE1EFF5C3A557928","258"
"InteractivAgents\openai_unity_expert_npcs_pycharm\InteractiveAgents\projects\käserei_steinpilz_markenerlebnisraum\kb\tradition\familientradition_herkunft.txt","4E7C3954D892750FA5341426001ADB81CBE311D383BC3BCC3D123CC8C9B321C9","214"
"InteractivAgents\openai_unity_expert_npcs_pycharm\InteractiveAgents\projects\käserei_steinpilz_markenerlebnisraum\kb\verkostung\käseverkostung_sensorik.txt","0C86328F2A1182E5D7939CCC6A67A713A00A6E21B96CA7E58468A226D5F8F84D","203"
"InteractivAgents\openai_unity_expert_npcs_pycharm\InteractiveAgents\projects\käserei_steinpilz_markenerlebnisraum\project.json","5E3ABB1429F89E8C1EBDF8CE9DFB850696D83DDF58C1AD11E0A9AC8B293F8AA8","494"
"InteractivAgents\openai_unity_expert_npcs_pycharm\InteractiveAgents\projects\käserei_steinpilz_markenerlebnisraum\room_plan.json","DF4E027324E4B1C939E1452CE3A25249EAA106A78B230D679345634A96F13E0F","18558"
"InteractivAgents\openai_unity_expert_npcs_pycharm\InteractiveAgents\projects\klassenraum\agents.json","73ADC4D020B2BC3DAC9FCD28031062A248AD25A3B1FDBD5FE0AEC2905D26AE94","3005"
"InteractivAgents\openai_unity_expert_npcs_pycharm\InteractiveAgents\projects\klassenraum\kb\dinosaurier\dinosaurier-skelett_als_lernobjekt.txt","E9F8E42C922AE22598F8EA3431162DA8BEEAA8EDA9CC540F660779E8A2905BB6","274"
"InteractivAgents\openai_unity_expert_npcs_pycharm\InteractiveAgents\projects\klassenraum\kb\hausmeister\aufgaben_des_hausmeisters.txt","00A946F8B49C09DCCABA7372DBF299BFA314A8370D44471E07868AE5C8F60845","328"
"InteractivAgents\openai_unity_expert_npcs_pycharm\InteractiveAgents\projects\klassenraum\kb\leseecke\leseecke_mit_bücherregal_und_sitzsäcken.txt","ADD4669A802A95377AEA414BDC127EA9204AC5934ECC832DFBCA2EB2F1559C04","219"
"InteractivAgents\openai_unity_expert_npcs_pycharm\InteractiveAgents\projects\klassenraum\kb\raumgestaltung\moderne_raumgestaltung.txt","5E2AFBE5A59F2314F77EE123F32732CC180B8A3AE4F18BDF66661B2F3B2A8268","184"
"InteractivAgents\openai_unity_expert_npcs_pycharm\InteractiveAgents\projects\klassenraum\kb\unterricht\unterricht_im_modernen_klassenraum.txt","B194412CC8200E430336AE2C9C07B45658A0C7002E44E4FAA084D0196D9D5239","219"
"InteractivAgents\openai_unity_expert_npcs_pycharm\InteractiveAgents\projects\klassenraum\project.json","C1DE2BD73B07D10BEDC7E1F42D0D7F67309B82127627B5E9BB1AD92C4FD59606","367"
"InteractivAgents\openai_unity_expert_npcs_pycharm\InteractiveAgents\projects\klassenraum\room_plan.json","AEBBE4993E7C3672963F76653790E445704AE5E1B976BB179A92AC6A56E4B7E1","28536"
"InteractivAgents\openai_unity_expert_npcs_pycharm\InteractiveAgents\projects\mldssteinpilz_e2e_1783611970\agents.json","1B438139BAE2B5C3DA2D6168B2FFD93145CABCE4DA163D892F0ACC77975DDF95","7935"
"InteractivAgents\openai_unity_expert_npcs_pycharm\InteractiveAgents\projects\mldssteinpilz_e2e_1783611970\kb\brand_information\brand_information_at_entrance_zone.txt","F7DF572AB1BD221707F8D9B42CA274D4AF5C1CB6EFFDA7A32A79ECEF4EF6ED70","237"
"InteractivAgents\openai_unity_expert_npcs_pycharm\InteractiveAgents\projects\mldssteinpilz_e2e_1783611970\kb\business_discussions\business_discussions_and_meetings.txt","BE2814046EC652D3084A59D3D4E004D0EDAA2FDC033318F8BA2773C46CF006B9","158"
"InteractivAgents\openai_unity_expert_npcs_pycharm\InteractiveAgents\projects\mldssteinpilz_e2e_1783611970\kb\career_opportunities\career_and_business_meeting_area.txt","47F6B49F6B52F5117D1BF7F75F60D675ADB8BC82BEF86CBD6CE2A6E02F12837E","170"
"InteractivAgents\openai_unity_expert_npcs_pycharm\InteractiveAgents\projects\mldssteinpilz_e2e_1783611970\kb\cheese_products\cheese_products_display.txt","48711502987F5222ED5000ED38989F1EA8CEDCE22B676F8DF037C55531DDA9B7","217"
"InteractivAgents\openai_unity_expert_npcs_pycharm\InteractiveAgents\projects\mldssteinpilz_e2e_1783611970\kb\content_navigation\digital_content_navigation.txt","D3F67874C8B9F29FC96FE40F06401F6E86AB1703536EFE62404E71E90A874B0B","194"
"InteractivAgents\openai_unity_expert_npcs_pycharm\InteractiveAgents\projects\mldssteinpilz_e2e_1783611970\kb\customer_interaction\customer_interaction_at_product_displays.txt","D0D10E9576780E60E9E1A2577EBD23E67DBCE721AAF95BBA08B9491B80B29139","197"
"InteractivAgents\openai_unity_expert_npcs_pycharm\InteractiveAgents\projects\mldssteinpilz_e2e_1783611970\kb\digital_interaction\interactive_information_kiosks.txt","76BBC6093911CBA00D0A42D57C1B143EE160867FB16AC1CCBDAA25F0C7FF51C5","214"
"InteractivAgents\openai_unity_expert_npcs_pycharm\InteractiveAgents\projects\mldssteinpilz_e2e_1783611970\kb\energy_efficiency\energy_measurement_stations.txt","29FCB0E6E0CE3437263766D51C7A2E9D9DF1592F74A03BB6E16724308883AB3A","176"
"InteractivAgents\openai_unity_expert_npcs_pycharm\InteractiveAgents\projects\mldssteinpilz_e2e_1783611970\kb\hospitality\hospitality_services_in_lounge.txt","373915EDC3F868F115D9FFA8A7E5C978B3A5E235A9A7C27BD16AA9AE9B8C9FE1","136"
"InteractivAgents\openai_unity_expert_npcs_pycharm\InteractiveAgents\projects\mldssteinpilz_e2e_1783611970\kb\navigation_guidance\navigation_guidance_from_entrance.txt","2281FA3F4339E6D10DA85A6AE06700744EEAE83ABD525F251A6D455E8F2326D6","279"
"InteractivAgents\openai_unity_expert_npcs_pycharm\InteractiveAgents\projects\mldssteinpilz_e2e_1783611970\kb\networking\networking_in_lounge_area.txt","396C5E33E895F8EC829CEF8807AE2DC10731E9FDEDEBB812EEBD9FB043D6F84D","149"
"InteractivAgents\openai_unity_expert_npcs_pycharm\InteractiveAgents\projects\mldssteinpilz_e2e_1783611970\kb\production_technology\cheese_production_technology_models.txt","3BF37C6F2794DC4C25E58F2A61EC1931EA218C442671C863430D6A13FF00F906","183"
"InteractivAgents\openai_unity_expert_npcs_pycharm\InteractiveAgents\projects\mldssteinpilz_e2e_1783611970\kb\sampling\cheese_sampling_area.txt","AED97D1F3034E6AAE12098FE52255E59265C34F8AF368F3C335FA57823BF278C","173"
"InteractivAgents\openai_unity_expert_npcs_pycharm\InteractiveAgents\projects\mldssteinpilz_e2e_1783611970\kb\technical_details\technical_details_of_production.txt","5E2D32C98EF6941492163ADAE967DC1AAA16027AFE74A6439616EC39D94B9023","194"
"InteractivAgents\openai_unity_expert_npcs_pycharm\InteractiveAgents\projects\mldssteinpilz_e2e_1783611970\kb\training\training_facilities.txt","CF884850683E0F8C4DB36ABC001EE834B5AEF8A8D228DD37A3314F3719BC5E43","163"
"InteractivAgents\openai_unity_expert_npcs_pycharm\InteractiveAgents\projects\mldssteinpilz_e2e_1783611970\kb\visitor_assistance\visitor_assistance_at_reception.txt","1FABC76EE500465211985B65361AA81AC71C6C96CC35F272D20EEB0DD93D90CD","202"
"InteractivAgents\openai_unity_expert_npcs_pycharm\InteractiveAgents\projects\mldssteinpilz_e2e_1783611970\kb\visitor_comfort\lounge_and_visitor_comfort_area.txt","4467101606888F5E4C6145FB2CE1D270A2438C432223960B35AAF03DEE69D4D3","176"
"InteractivAgents\openai_unity_expert_npcs_pycharm\InteractiveAgents\projects\mldssteinpilz_e2e_1783611970\kb\visitor_support\visitor_support_via_digital_kiosks.txt","D037D70EF4BB1D708C5EA6F3623EF3AA1CB2B41FB567BC0FD4F862DAA3FE699A","175"
"InteractivAgents\openai_unity_expert_npcs_pycharm\InteractiveAgents\projects\mldssteinpilz_e2e_1783611970\project.json","01999740D9692FD8D131F8519AAFA0712F3E005CB05A70BA0A352B0883331CFE","843"
"InteractivAgents\openai_unity_expert_npcs_pycharm\InteractiveAgents\projects\mldssteinpilz_e2e_1783611970\room_plan.json","9233DC567BF56802D5756AB0B08E7FF58EAB4295F14F811252944670130FFD65","25806"
"InteractivAgents\openai_unity_expert_npcs_pycharm\InteractiveAgents\projects\mldssteinpilz_e2e_1783611970\trace_map.json","16FA6B36954A297C620BE59790A752D7A67B08EA40F537422A47C6682021825C","15680"
"InteractivAgents\openai_unity_expert_npcs_pycharm\InteractiveAgents\projects\moderner_klassenraum_mit_leseecke_und_dinosaurier\agents.json","D70E9F55FB09D5B60959AB48FBD30083FB4B878519FA06132743B2C899064204","2463"
"InteractivAgents\openai_unity_expert_npcs_pycharm\InteractiveAgents\projects\moderner_klassenraum_mit_leseecke_und_dinosaurier\kb\bücherregal\bücherregal.txt","A8FB50FD1EABB581D211EF1EE71D06922CA0C5ED2C31240F53DFC3DF186F9042","115"
"InteractivAgents\openai_unity_expert_npcs_pycharm\InteractiveAgents\projects\moderner_klassenraum_mit_leseecke_und_dinosaurier\kb\dinosaurier\dinosaurier-skelett.txt","531E0E76FCFDD405D16FDE99779C2A30217004895037AA3DDA9A73805B4C51CC","190"
"InteractivAgents\openai_unity_expert_npcs_pycharm\InteractiveAgents\projects\moderner_klassenraum_mit_leseecke_und_dinosaurier\kb\klassenraum\moderner_klassenraum.txt","2CB311D0735B249CE78B0EE59C17C2FC0003CB194DC83ED0C2A6B93CCD32B68B","181"
"InteractivAgents\openai_unity_expert_npcs_pycharm\InteractiveAgents\projects\moderner_klassenraum_mit_leseecke_und_dinosaurier\kb\leseecke\leseecke.txt","12816F7A4092E19E77F4D6D5BA6E325E22357266B5A79E2A084987B60578C46B","191"
"InteractivAgents\openai_unity_expert_npcs_pycharm\InteractiveAgents\projects\moderner_klassenraum_mit_leseecke_und_dinosaurier\project.json","DC7D4211CFAB75FE5F5D49FFFD0E2F764FDE0E32B457664451A62D90002F5406","465"
"InteractivAgents\openai_unity_expert_npcs_pycharm\InteractiveAgents\projects\moderner_klassenraum_mit_leseecke_und_dinosaurier\room_plan.json","AEBBE4993E7C3672963F76653790E445704AE5E1B976BB179A92AC6A56E4B7E1","28536"
"InteractivAgents\openai_unity_expert_npcs_pycharm\InteractiveAgents\projects\moderner_klassenraum_mit_leseecke_und_dinosaurier_04_05\agents.json","EE16DF0874C5CFDC68F22A88B441E7F5D53DC3C02FC741A46B0475874A25A139","2596"
"InteractivAgents\openai_unity_expert_npcs_pycharm\InteractiveAgents\projects\moderner_klassenraum_mit_leseecke_und_dinosaurier_04_05\kb\dinosaurier\dinosaurier-skelett.txt","783A07EEDC1FBB83AAF2DC01BFF8F330763DE96AC2B7D9C8D453EB835EAB60E8","192"
"InteractivAgents\openai_unity_expert_npcs_pycharm\InteractiveAgents\projects\moderner_klassenraum_mit_leseecke_und_dinosaurier_04_05\kb\leseecke\leseecke.txt","614475650B5BD91C5D25CBE3ACA0687553CE201E399D201171CEB32ECD0234EF","240"
"InteractivAgents\openai_unity_expert_npcs_pycharm\InteractiveAgents\projects\moderner_klassenraum_mit_leseecke_und_dinosaurier_04_05\kb\raum_aufbau\raumaufbau_und_ausstattung.txt","F5CBAF66FAD31957B099187462E7508E85F9B5266984CB4405A70E4384BBCF08","297"
"InteractivAgents\openai_unity_expert_npcs_pycharm\InteractiveAgents\projects\moderner_klassenraum_mit_leseecke_und_dinosaurier_04_05\project.json","06DAF5516AA3E79D290D2B70FD633D1B8A213595AEC85AB46E715F1C89B278AD","479"
"InteractivAgents\openai_unity_expert_npcs_pycharm\InteractiveAgents\projects\moderner_klassenraum_mit_leseecke_und_dinosaurier_04_05\room_plan.json","AEBBE4993E7C3672963F76653790E445704AE5E1B976BB179A92AC6A56E4B7E1","28536"
"InteractivAgents\openai_unity_expert_npcs_pycharm\InteractiveAgents\projects\mudeonova_generiert\agents.json","C6325D19BF69A45D46898240A7CA00BA1790F0E7EEF37347DCBFAE0FADA49CF7","7038"
"InteractivAgents\openai_unity_expert_npcs_pycharm\InteractiveAgents\projects\mudeonova_generiert\kb\accessibility\barrierefreiheit_in_xr.txt","FFDEC55E1ADCB0A473D83C53F8B2ACBA984607F6B57246853490B40D82B07B36","301"
"InteractivAgents\openai_unity_expert_npcs_pycharm\InteractiveAgents\projects\mudeonova_generiert\kb\analytics\analytics_und_evaluation.txt","4C21DF1B8FF6D795F02AAAB8156F4FD6CE2955B644E208C660E77D330DAFE900","217"
"InteractivAgents\openai_unity_expert_npcs_pycharm\InteractiveAgents\projects\mudeonova_generiert\kb\api\api-design_und_sicherheit.txt","0846E1FB93E25DD895DA1B86A1F4019BB6803F0BC8301BFC8F8C6F2271B133CC","204"
"InteractivAgents\openai_unity_expert_npcs_pycharm\InteractiveAgents\projects\mudeonova_generiert\kb\child\kindgerechte_inhalte.txt","DFFE98BE5CF6B49F99CE5B0DEB472FB96FBEC04241FA2C8A39B366152C568D8B","223"
"InteractivAgents\openai_unity_expert_npcs_pycharm\InteractiveAgents\projects\mudeonova_generiert\kb\common\systemverständnis_museonova_xr.txt","80AC1F2275D78482A0E55C766158A127A6BE0BD75CD6A7D103D654AB349F1F1E","351"
"InteractivAgents\openai_unity_expert_npcs_pycharm\InteractiveAgents\projects\mudeonova_generiert\kb\context\kultureller_und_gesellschaftlicher_kontext.txt","27C2CC43FD0461EA188BDE302BD5B51F7E126429DEDD198F308FBAAB7B091F18","227"
"InteractivAgents\openai_unity_expert_npcs_pycharm\InteractiveAgents\projects\mudeonova_generiert\kb\ethics\ethische_grundsätze.txt","ADF17027FDB7EAE6A0CEF65D053A5030C620B73E70F7F5109F069210B4982ACD","210"
"InteractivAgents\openai_unity_expert_npcs_pycharm\InteractiveAgents\projects\mudeonova_generiert\kb\evaluation\wirkungsmessung_und_feedback.txt","0B0E143CC72A8ED51A37154D5ABBABD3E02797EB4B7C1EDD4059860DA873434F","222"
"InteractivAgents\openai_unity_expert_npcs_pycharm\InteractiveAgents\projects\mudeonova_generiert\kb\exhibition\kuratorische_einordnung.txt","A2D30D26203B6D25631A63DBD7F36F110FE9CAB3EB3FC250B8760CD7837A4158","290"
"InteractivAgents\openai_unity_expert_npcs_pycharm\InteractiveAgents\projects\mudeonova_generiert\kb\family\altersgerechte_vermittlung.txt","4BE2DE5A1A4E4F4C1B6D1346736075681E0A7BABACB1F487D1ABA26F448D80B9","200"
"InteractivAgents\openai_unity_expert_npcs_pycharm\InteractiveAgents\projects\mudeonova_generiert\kb\history\historische_hintergründe.txt","3173B185F06C92189100C58F2FA491FE8677716BE7764B387AE44848D10AC848","193"
"InteractivAgents\openai_unity_expert_npcs_pycharm\InteractiveAgents\projects\mudeonova_generiert\kb\inclusion\inklusion_und_vielfalt.txt","50A2BA3A953A45DCE6A0F36F343EDF4497AA206C68EB87231F9AE111333C7849","247"
"InteractivAgents\openai_unity_expert_npcs_pycharm\InteractiveAgents\projects\mudeonova_generiert\kb\integration\systemintegration_und_schnittstellen.txt","44C231070DEBB15BF37097B176DC42177483AC02D3DCC6445D50BB3FA2A272AB","218"
"InteractivAgents\openai_unity_expert_npcs_pycharm\InteractiveAgents\projects\mudeonova_generiert\kb\legal\datenschutz_und_recht.txt","E050E43F2CE04BBFBC906413B3534D6EEC4F7CF5446CC9C496B999AD407F18BC","232"
"InteractivAgents\openai_unity_expert_npcs_pycharm\InteractiveAgents\projects\mudeonova_generiert\kb\partnership\partnerschaften_und_sponsoring.txt","04EAB5E7AC19AD53ED9F7019A83EAB77C90585A0ED4B14D6EF33FBC4A07B56CA","242"
"InteractivAgents\openai_unity_expert_npcs_pycharm\InteractiveAgents\projects\mudeonova_generiert\kb\pricing\preise_und_pakete.txt","C7399CBD0AADCB0A2FB32E5AD698C2A331ED314F8379A7BF375D3DD33756E232","269"
"InteractivAgents\openai_unity_expert_npcs_pycharm\InteractiveAgents\projects\mudeonova_generiert\kb\privacy\datenschutzprinzipien.txt","CCD43234A523826E0964F767A69794904AAC25C54E81F7066543D2ED718B61E8","257"
"InteractivAgents\openai_unity_expert_npcs_pycharm\InteractiveAgents\projects\mudeonova_generiert\kb\routing\besucherführung_und_weiterleitung.txt","B896ADCF132177C944D7D12ABDDD09D218FD43667073880CD581E6BB787625A1","214"
"InteractivAgents\openai_unity_expert_npcs_pycharm\InteractiveAgents\projects\mudeonova_generiert\kb\sales\vertragsmodelle_und_verkauf.txt","0BF3983F82372FDE45A6190B4F921FD9F6129B8292D4AB02C50C952609990AFB","209"
"InteractivAgents\openai_unity_expert_npcs_pycharm\InteractiveAgents\projects\mudeonova_generiert\kb\sponsoring\sponsoring-modelle.txt","26DAD9032DE90764996288F71B44294FF2B8776DEDDE313175439F3D38AC710C","223"
"InteractivAgents\openai_unity_expert_npcs_pycharm\InteractiveAgents\projects\mudeonova_generiert\kb\storytelling\interaktives_storytelling.txt","E4D76C1799897772D5662293FB8FE28C9F3B995AC0E560ABB1A3A02B0EBCD9F7","181"
"InteractivAgents\openai_unity_expert_npcs_pycharm\InteractiveAgents\projects\mudeonova_generiert\kb\system\agentenrollen_und_routing.txt","39C3E7C48CA429D08AAAFF8F375571ACE35BE218F2627442AE9B4CA2D04C5416","281"
"InteractivAgents\openai_unity_expert_npcs_pycharm\InteractiveAgents\projects\mudeonova_generiert\kb\tech\technische_integration.txt","D86E08CC3EF8C38E65CFCBEFE2C6E44C1F7C6481C21F22FC8DF01516B3047BF9","337"
"InteractivAgents\openai_unity_expert_npcs_pycharm\InteractiveAgents\projects\mudeonova_generiert\kb\ticketing\ticketing-prozess.txt","EDF54BD8283EDEA2ADB9363BACA5593AF578ED8A75B37DA7B3A1C2D352FE71DF","176"
"InteractivAgents\openai_unity_expert_npcs_pycharm\InteractiveAgents\projects\mudeonova_generiert\project.json","11D0CD619D22BFD49822EBCFE6E577762B61D91985D83C2DC61705AE49903CF9","199"
"InteractivAgents\openai_unity_expert_npcs_pycharm\InteractiveAgents\projects\mudeonova_generiert\room_plan.json","AEBBE4993E7C3672963F76653790E445704AE5E1B976BB179A92AC6A56E4B7E1","28536"
"InteractivAgents\openai_unity_expert_npcs_pycharm\InteractiveAgents\projects\museonova_xr\agents.json","3B57A3FDEB04ED0C8A5108E391F263D10B397DA26C43E7DF40DD4F2DC892311D","8051"
"InteractivAgents\openai_unity_expert_npcs_pycharm\InteractiveAgents\projects\museonova_xr\kb\common\beispiel.md","7525BC473051F3655CEC1197B2CD52376174EF43C5E96BADBE898DF5F998E729","1534"
"InteractivAgents\openai_unity_expert_npcs_pycharm\InteractiveAgents\projects\museonova_xr\kb\legal\vertragsinfos.md","1210B2488BE066B92D2384EE6FD5285FED7F8012A65B96BEBB740FDF2E99D6EB","1045"
"InteractivAgents\openai_unity_expert_npcs_pycharm\InteractiveAgents\projects\museonova_xr\kb\marketing\positionierung.md","532B86E8398ACFC99134FBEB79AAFD669AD0B5E853C04D89F79F855C6EE776B7","1068"
"InteractivAgents\openai_unity_expert_npcs_pycharm\InteractiveAgents\projects\museonova_xr\kb\pricing\preise.md","528957765C40CC583FEC7772AB3E91CAC238E35E8DF58ED7837F86B6C80DE072","1195"
"InteractivAgents\openai_unity_expert_npcs_pycharm\InteractiveAgents\projects\museonova_xr\kb\product\produkt.md","76EDEB8AC413C17B482D71EFB1ACD8BEE4C1155ED52B07CF140F5ED6FCA208C6","1124"
"InteractivAgents\openai_unity_expert_npcs_pycharm\InteractiveAgents\projects\museonova_xr\kb\tech\integration.md","704DC8743142116B98749D14730D2AA7707D2C9AB7CDF2F276E60D73F47EB6CC","1133"
"InteractivAgents\openai_unity_expert_npcs_pycharm\InteractiveAgents\projects\museonova_xr\project.json","9D22AE8043A00C71EEC59DC2F04CCD30229F1355EB60A5CFE14C3DDDCC07027C","265"
"InteractivAgents\openai_unity_expert_npcs_pycharm\InteractiveAgents\projects\steinpilz_brand_room\agents.json","731D73FA64238227E3A9AC571DD3BDA7DEF398AB3921BF823207E4AD50D64EB1","7957"
"InteractivAgents\openai_unity_expert_npcs_pycharm\InteractiveAgents\projects\steinpilz_brand_room\kb\booth_navigation\visitor_circulation_guidance.txt","2D3F9244A3F9F51BC7C4EEE2F30E48029FEEF0723C41517B42CFFBCE4AF98E46","241"
"InteractivAgents\openai_unity_expert_npcs_pycharm\InteractiveAgents\projects\steinpilz_brand_room\kb\career_opportunities\career_discussions_and_opportunities.txt","D886D4ACA437BE6F6A74F2DFEFA174F3B25CFC9BD3EBF45AA91A6C1A1FBF54ED","199"
"InteractivAgents\openai_unity_expert_npcs_pycharm\InteractiveAgents\projects\steinpilz_brand_room\kb\cheese_products\cheese_product_display_and_information.txt","332D8BE0180308F20C233B9F5036CA877071B012E9AF6E705847174E0EA8D692","245"
"InteractivAgents\openai_unity_expert_npcs_pycharm\InteractiveAgents\projects\steinpilz_brand_room\kb\company_culture\insights_into_company_culture.txt","19CD43C98B7BC224E89B4AE1F8E1E86B5906B90B5079F83C569767075E99D0F1","186"
"InteractivAgents\openai_unity_expert_npcs_pycharm\InteractiveAgents\projects\steinpilz_brand_room\kb\company_overview\company_branding_and_messaging.txt","53562872362D1222F61FB28F201A47089B2B80457A04E4CC066512E6BF643C06","228"
"InteractivAgents\openai_unity_expert_npcs_pycharm\InteractiveAgents\projects\steinpilz_brand_room\kb\content_navigation\guidance_through_digital_content.txt","9CE01C8211EC88410B01FADEB5B3BE9E146923A0F9062E1568D3043C30BD9D84","183"
"InteractivAgents\openai_unity_expert_npcs_pycharm\InteractiveAgents\projects\steinpilz_brand_room\kb\customer_engagement\engaging_visitors_with_cheese_expertise.txt","12E74EF6EC0837FF5239904FD46668AEDC14E5A1BB78244717F153602F4B69C2","184"
"InteractivAgents\openai_unity_expert_npcs_pycharm\InteractiveAgents\projects\steinpilz_brand_room\kb\digital_interaction\interactive_digital_kiosks.txt","DFEA0A1EB91A6E5C715023120DC634ECD9269563DA6A685246BADC7A637766B4","225"
"InteractivAgents\openai_unity_expert_npcs_pycharm\InteractiveAgents\projects\steinpilz_brand_room\kb\energy_management\energy_measurement_and_sustainability_displays.txt","F63C69256C2C5AB4ACE2B57DE554EE34FC074D9D83D0288414639F87D46F046D","228"
"InteractivAgents\openai_unity_expert_npcs_pycharm\InteractiveAgents\projects\steinpilz_brand_room\kb\hospitality\warm_hospitality_in_lounge_area.txt","60F7BF178E453D5FC3D53CBA79B615C71F10CDB4ED01CEB8A949A5C64D5C44FC","170"
"InteractivAgents\openai_unity_expert_npcs_pycharm\InteractiveAgents\projects\steinpilz_brand_room\kb\networking\facilitated_networking_in_lounge.txt","C9E5FB70B146F6960EC875BBE87FD462589EDA273F6157A97D57E5D43B2BEE2A","177"
"InteractivAgents\openai_unity_expert_npcs_pycharm\InteractiveAgents\projects\steinpilz_brand_room\kb\product_sampling\facilitated_cheese_sampling.txt","C5098C392E50F72F5E1B054D754B854C5BF8110BEBA13540DF84F22A4EBBBECD","195"
"InteractivAgents\openai_unity_expert_npcs_pycharm\InteractiveAgents\projects\steinpilz_brand_room\kb\production_process\cheese_production_technology_explanation.txt","E020DA1E629FC7916787F0C22691692BDE4673478752C4B7B703C15628C37E2D","267"
"InteractivAgents\openai_unity_expert_npcs_pycharm\InteractiveAgents\projects\steinpilz_brand_room\kb\sustainability\sustainability_commitment_in_production.txt","5BAB689E0A2FECEEAF9C2CC7931DECDDEBE555DD23DA0CFC58D68D5457D8DBA2","216"
"InteractivAgents\openai_unity_expert_npcs_pycharm\InteractiveAgents\projects\steinpilz_brand_room\kb\technical_support\technical_assistance_for_digital_interfaces.txt","6ADF2BEFC894B79BE039CC3BC104E59AFF58F188C5EBD45706E31DDC0D9877DE","165"
"InteractivAgents\openai_unity_expert_npcs_pycharm\InteractiveAgents\projects\steinpilz_brand_room\kb\training_programs\training_program_information.txt","CAA24D774D03C3FC97521985792607270ACEBD6445333B1DF154DE394BF2F17E","202"
"InteractivAgents\openai_unity_expert_npcs_pycharm\InteractiveAgents\projects\steinpilz_brand_room\kb\visitor_comfort\lounge_area_comfort_and_hospitality.txt","580B0FEF86B36A50E952E8566C46BC4F4A54C0FB579E16A1628B1136BC9D11D3","215"
"InteractivAgents\openai_unity_expert_npcs_pycharm\InteractiveAgents\projects\steinpilz_brand_room\kb\visitor_orientation\welcome_and_orientation_at_reception.txt","03F2D0CFC3DBA20140696F03C732DC2F9896DC2459CF2726D14BA3087EC69EDD","257"
"InteractivAgents\openai_unity_expert_npcs_pycharm\InteractiveAgents\projects\steinpilz_brand_room\project.json","4A54E7C15E8633229FF4DBF454558C8A9727C347299912E901087F99255272D0","412"
"InteractivAgents\openai_unity_expert_npcs_pycharm\InteractiveAgents\projects\steinpilz_brand_room\room_plan.json","BE5F3A875EEA8557012ABAEBA060A9DAD6496884E7E1E1D1B52CE20195F22E78","16570"
"InteractivAgents\openai_unity_expert_npcs_pycharm\InteractiveAgents\projects\steinpilz_brand_room\trace_map.json","4A7651AD28E250FC50B887F3D3B27C28727D9AC59CCDCDDC475E6255034CB3B8","14705"
"InteractivAgents\openai_unity_expert_npcs_pycharm\InteractiveAgents\README.md","AA5D93543CFB236172314B9A893A3E9D1A2261B3F9974BBC7A545F346E1192E6","14607"
"InteractivAgents\openai_unity_expert_npcs_pycharm\InteractiveAgents\tests\test_backend_endpoints_smoke.py","D0B4C3398C005DCEC3F11B2AD3F86803E9AC734D08D6914CA57C152E4E690DCF","28633"
"InteractivAgents\openai_unity_expert_npcs_pycharm\InteractiveAgents\tests\test_functionalmlds_adapter_smoke.py","A6A5AD44BB5562D8267B57253F68739E0CA66AF501E14ACEAD1997E38BAB30FE","5902"
"InteractivAgents\openai_unity_expert_npcs_pycharm\InteractiveAgents\unity_scripts\AgentManagerExample.cs","4E912DA1623C00B88946CE59876A41E0725EAC494BE044B9E44315534C597B95","3256"
"InteractivAgents\openai_unity_expert_npcs_pycharm\InteractiveAgents\unity_scripts\AgentSpawnPoint.cs","3909B82E70D719614636690C416B8C6062E1D54CC7A47690677A85B08D10B3F5","511"
"InteractivAgents\openai_unity_expert_npcs_pycharm\InteractiveAgents\unity_scripts\ArrowProjectWizard.cs","B9472ED17393C0A7AA99753D72B8F65E5267DA944101175123D91CC8A3172624","33155"
"InteractivAgents\openai_unity_expert_npcs_pycharm\InteractiveAgents\unity_scripts\BackendClient.cs","20315DD54948122E412EB3A531A043D61924C402ACFA039EB2766634849D01E1","4312"
"InteractivAgents\openai_unity_expert_npcs_pycharm\InteractiveAgents\unity_scripts\FunctionalMLDSUnityRuntimeLogger.cs","7E3B69ADD9E99082DDD446DF4F5EF807BCC873517FE46A934B66675F60AF052E","8324"
"InteractivAgents\openai_unity_expert_npcs_pycharm\InteractiveAgents\unity_scripts\Plugins\WebGL\WebGLVoiceBridge.jslib","35F3DD662F319CFB43B7E98F81D4210E1D9D34735CDD2EED508B3CA8D7BD7FD7","5384"
"InteractivAgents\openai_unity_expert_npcs_pycharm\InteractiveAgents\unity_scripts\ProjectManagerUI.cs","ECE9A6A0D49E64D4E6BF789A19313E323CD9C1F1B8AB89C72F7D124B30015B89","36336"
"InteractivAgents\openai_unity_expert_npcs_pycharm\InteractiveAgents\unity_scripts\QuickAgentManager.cs","DC339BBCBEBE7A9A5D8A79BEC5CDA491813296A4DCFB219959BF32193B22AEAC","100708"
"InteractivAgents\openai_unity_expert_npcs_pycharm\InteractiveAgents\unity_scripts\RoomPlanExporter.cs","7B36C1BF9DE8BD7F074449A5B6A0B665A822941DEDCF5E081EE438766CCA11F3","1734"
"tools\case_study_pipeline\__init__.py","098F69A281EC7064525DF606011556DD4EC3CB930FD1D1ABEBC596DBB079876D","72"
"tools\case_study_pipeline\agent_placement.py","B0AEC0E3F10B4102CC4838C797EE528550DD0B3A16434929EDACE5C1123EF1AE","12315"
"tools\case_study_pipeline\agent_roles.py","9B0864E8472970C13C72A4041E436E90AB66B63A5D5CE336609A432D4C4ACD50","23045"
"tools\case_study_pipeline\answer_grounding.py","1D1B80B01A2BF0C8C3492AB07EE615D1E180D9BE63B8149327B30693BB040CFB","14489"
"tools\case_study_pipeline\chat_tests.py","3D41D0C638FA35B82F1BD59EF33A46337E7C6488FA2319896C0276E66B8C60C3","16021"
"tools\case_study_pipeline\common.py","74080A55BD737E8C577D33F66B8B55F6D2354102BFE72E8DF6216B87A6F4D56F","3427"
"tools\case_study_pipeline\config\answer_grounding_aliases.json","F885845DD25A55948123FF710E7B7691945BBD2C277C684878ADDC70C65E288E","2090"
"tools\case_study_pipeline\config\case_aliases.json","E485D43200BF0004582FB68D664541749927C9049E13E2ECA470602BAB224423","129"
"tools\case_study_pipeline\config\default_inputs.json","72BBBCDFCA6064CDC5BC217764B207890B8DC3433C5EB8CD9D7F5E14A9549B15","234"
"tools\case_study_pipeline\config\deterministic_repair_policy.json","BE8BB2DFCFEAF23ACA9D7E2C1A61E5EBDA04F727C03F003734D687782E32DAD3","4473"
"tools\case_study_pipeline\cross_case_metrics.py","8CD903B99D6DCE89538591FA459AC6A3CB0517CDC091E6CECE59F5C1CB133A7C","13722"
"tools\case_study_pipeline\deterministic_repair_policy.py","6B1CCFDAB652E6278140811C474393EEBB36562161BE4F890BA77B1A75A79415","5728"
"tools\case_study_pipeline\evaluation_questions.py","DD88866C8BEB2AB6FF6144D0BEE200814F61CF338FE9B5C889146A95B6487786","17304"
"tools\case_study_pipeline\functionalmlds_assembler.py","8E1BA2EFC7953A35BD31FB7F1987E401A5389F4BE61B1BC15BEEF09C4B4E24B7","42066"
"tools\case_study_pipeline\generalizability_assessment.py","507AEB1207829164662275637A064BDE02754169925E0DE767A91A5E046A6AFF","10155"
"tools\case_study_pipeline\handoff_derivation.py","A69BAC46D8264822D0DE2F7B91EB1C8C4058529E04AECECD689FC639CDE7CCB6","13997"
"tools\case_study_pipeline\handoff_tests.py","A4411C2A3E7931BDF3F81B1D0AD68DD813B887CA2769DDB8E0778B595B188361","8007"
"tools\case_study_pipeline\knowledge_synthesis.py","547148BFC94EB124BB109058BD6151B1EE418594C59CC8A87F784593A4AD19F6","23062"
"tools\case_study_pipeline\llm_client.py","F93E7E78E6F35DF4D2CB212A6BCE1D7886981AB52723864852BAAFEDD0EEBC8C","6113"
"tools\case_study_pipeline\mlds_ingestion.py","AB34EC364FC21BAFF399A976AFAFF78F4AF5480C4CBA398F854FC1ADACD48037","17233"
"tools\case_study_pipeline\paper_artifacts.py","9BE42FFEE2EAAA28FE821BF55C48935B7FD9FA2DB3AD50E94E74AAB512D09E73","19824"
"tools\case_study_pipeline\project_materializer.py","E8F54EE0C70018EDACB0FC968B8C7479B4DBE9455B0DDB0006B69F3909F743B1","16179"
"tools\case_study_pipeline\prompts\agent_roles_v1.md","8324A36C46C368EA65FB3210A62FE35FB8F5F8E8587E7543DEA8369D8743E99A","1187"
"tools\case_study_pipeline\prompts\answer_grounding_judge_v1.md","1E9953E3F511AB1AC47D1C657F417190B774E8831D0CB444FCD1CCE536D7FC41","731"
"tools\case_study_pipeline\prompts\evaluation_questions_v1.md","BF7309C260385FB9EB448F2CB84F959BA30CA35447D599B378DA49DDFB3B20BA","523"
"tools\case_study_pipeline\prompts\functionalmlds_assembly_v1.md","64CAF06A68B6C1C3E13DF14415B4B9DA90809D0C3FE41D480BBFD232853E020A","718"
"tools\case_study_pipeline\prompts\knowledge_synthesis_v1.md","405365373F9B12F824416A4CB43D2D48242D1B8DB2869B82AAEDCC191FDC99C9","1605"
"tools\case_study_pipeline\prompts\repair_invalid_handoff_targets_v1.md","F4FE09AF976143D0078DFC7DBECB8155D4D6CA0B83DCCEA237E95C57D1831FD1","611"
"tools\case_study_pipeline\prompts\repair_invalid_object_refs_v1.md","4ED8EC0AC617348733A44B8867E98EC618005A8F3BBC74A7D1F263020E3AD5ED","580"
"tools\case_study_pipeline\prompts\repair_missing_capabilities_v1.md","F4D0AF5AFFF365EA9D31D042CC424F1439940FCB23DE760DB8747B7C020F2EF4","722"
"tools\case_study_pipeline\prompts\repair_missing_knowledge_entries_v1.md","68C3C267A63E9E3AE326CE83D2772CF2A2C899D28AC022C45B598B33055CB301","955"
"tools\case_study_pipeline\prompts\scene_semantics_v1.md","8F969A22465731DCE45D5883FF9E382B0A2AFAD32FC4111B864514C4FACB09B2","976"
"tools\case_study_pipeline\repair_log.py","A25C1AA3754DAD667977FE24702447EF750ACEB921701BB468E10C25D53657A8","9084"
"tools\case_study_pipeline\run_batch_case_study.py","4E4B16D82AC6BFFF28EE72EFB379CA5CA99BB4B694C0DD6FCB884FA8FD35980F","49601"
"tools\case_study_pipeline\runtime_logging.py","F47E9F3D70BB3C771EF1D20E4133A143CE0F96EDFF3326AB3884FC735D400986","10612"
"tools\case_study_pipeline\scene_semantics.py","C56052360D5F95F7963E87DEB4B635F52F740E6A1EAC45AD2233483CE60C0252","18895"
"tools\case_study_pipeline\schemas\agent_roles.schema.json","8746914C9D3FB27375E0A9A11B8561F388692CA6486107D7FB290C4E35CDBE48","1866"
"tools\case_study_pipeline\schemas\functionalmlds_case_study.schema.json","75680E3CD83CB1AC8B63FA77FA47AC93FB7497CB360E70388A3BAC7227F1EDCC","1108"
"tools\case_study_pipeline\schemas\interactive_agents_project.schema.json","C4D59FF746F03825AFA506380DF5EBBEED905D88A5CCDCCBA2AE57421DEA83E8","3951"
"tools\case_study_pipeline\schemas\knowledge.schema.json","C8A2D803E0C0098A675C295B2DA618F3364115AA7178738D9F9C040687BE1560","844"
"tools\case_study_pipeline\schemas\normalized_scene.schema.json","C4CEAF66757447D2FBC5C6C8C73710C2E7DC4F5B5FECDEB520B1A369263B1D90","2674"
"tools\case_study_pipeline\schemas\runtime_event.schema.json","64007B49AA7315BFD516C1759F8594686AABDFC179F128C9EF858A408D6B1197","2329"
"tools\case_study_pipeline\schemas\scene_semantics.schema.json","C4B6A699B6892E7C61CB06DC9772F4750E404732B1F53EC7428E3293ED120615","2966"
"tools\case_study_pipeline\stage_completion.py","FACCDD211260434A718B244A68D26AFDCB8D3034EA08892F2B5FBFEE8C608CCD","8562"
"tools\case_study_pipeline\validators\__init__.py","05D27E3EBF20BEA2065D26FF05BBD63E5F2EE40192A60FC86C61066625527432","69"
"tools\case_study_pipeline\validators\functionalmlds_invariants.py","44171415126902BBF71C7431CAA311164250F7419BF3EF60D0B0CD242DB5F8FA","13488"
"tools\case_study_pipeline\validators\handoff_metrics.py","A460CC366239642EAA62E0CA26ED872F6B10C56E05AB42B2C2C59885A4285F95","18075"
"tools\case_study_pipeline\validators\placement_metrics.py","F9ABA01A0A9FC17B688C517270C9A5E72264FE6DC1B944A5D30FEC148EB56253","12028"
"tools\case_study_pipeline\validators\schema_validator.py","FF635B59DCF5C67783A84A551190DD8619EFF90379ADDB04FA98F61DEFF5ACC1","11591"
"tools\case_study_pipeline\validators\traceability_metrics.py","545BE8BCB14C42CA813224EAD64A9BDF0487260E97A2193A39CC892292DDD764","14557"
"tools\generate_dynamic_functional_mlds.py","6EDE2CC6C3F2206293670B4D4A5D2C2563DF2F1C3EC6A812127357E2B19E708F","48386"
